donation_id,donor_id,donation_date,amount,campaign,payment_method,is_recurring
D101954,DON1258,2025-06-01,104.73,Monthly Giving,check,False
D100749,DON1376,2025-03-04,73.37,Alumni Fund,credit_card,False
D100195,DON1319,2026-06-30,486.21,Alumni Fund,ach,False
D100963,DON1189,2025-10-27,196.3,Corporate Match,credit_card,False
D101326,DON1356,2025-06-13,56.41,Monthly Giving,paypal,False
D100171,DON1217,2025-09-27,122.18,Spring Appeal,credit_card,True
D101653,DON1046,2024-12-19,66.47,Alumni Fund,check,False
D100648,DON1380,2026-01-05,151.43,Alumni Fund,paypal,False
D102038,DON1256,2025-11-26,98.43,Gala 2026,stock_transfer,False
D101138,DON1179,2024-08-27,238.85,Alumni Fund,paypal,False
D102486,DON1055,2025-07-29,102.12,Gala 2025,paypal,False
D102026,DON1213,2025-07-24,361.6,Gala 2026,check,True
D100531,DON1199,2024-12-02,12.01,Spring Appeal,stock_transfer,False
D101456,DON1072,2025-12-23,204.19,Gala 2026,credit_card,False
D102107,DON1023,2025-02-28,131.57,Gala 2026,check,False
D100252,DON1138,2025-07-07,21347.72,Gala 2025,check,False
D102499,DON1106,2025-07-21,88.34,Gala 2026,stock_transfer,True
D101331,DON1378,2024-09-06,241.97,Year-End Giving,credit_card,False
D102468,DON1256,2025-10-01,158.75,Gala 2025,check,False
D100322,DON1288,2025-05-12,285.02,Year-End Giving,stock_transfer,False
D101602,DON1174,2026-06-08,43.76,Year-End Giving,stock_transfer,False
D101736,DON1083,2025-09-21,489.55,Gala 2025,paypal,True
D100135,DON1185,2024-11-24,300.97,Spring Appeal,credit_card,False
D101390,DON1390,2024-09-29,347.54,Year-End Giving,check,False
D100499,DON1156,2026-07-07,91.58,Gala 2025,stock_transfer,False
D101084,DON1248,2026-07-07,472.32,Spring Appeal,check,False
D101624,DON1358,2025-05-29,42.28,Gala 2025,check,False
D101594,DON1250,2026-03-10,310.04,Corporate Match,credit_card,False
D101750,DON1380,2025-07-06,471.59,Year-End Giving,ach,True
D100858,DON1101,2026-04-06,108.62,Spring Appeal,check,True
D101743,DON1367,2025-05-26,304.21,Gala 2026,credit_card,False
D102488,DON1115,2026-02-10,297.95,Monthly Giving,check,False
D102367,DON1041,2025-09-18,472.75,Gala 2025,check,False
D100057,DON1251,2026-07-14,467.51,Alumni Fund,check,False
D100444,DON1284,2025-06-15,230.2,Alumni Fund,check,False
D100325,DON1361,2026-07-13,298.31,Corporate Match,stock_transfer,True
D100439,DON1395,2025-04-04,54.79,Monthly Giving,check,False
D102012,DON1398,2026-08-10,168.98,Alumni Fund,stock_transfer,False
D100045,DON1188,2024-12-28,259.47,Monthly Giving,credit_card,True
D101005,DON1381,2024-11-19,406.09,Spring Appeal,paypal,False
D101654,DON1350,2025-01-04,423.02,Year-End Giving,paypal,True
D100621,DON1361,2026-02-02,295.99,Gala 2026,paypal,False
D101469,DON1395,2026-06-28,55.5,Year-End Giving,stock_transfer,False
D102342,DON1323,2025-10-27,102.3,Monthly Giving,stock_transfer,False
D101794,DON1361,2026-05-17,297.96,Spring Appeal,ach,True
D102240,DON1065,2025-08-08,334.48,Monthly Giving,check,False
D101967,DON1158,2026-06-13,481.01,Alumni Fund,stock_transfer,False
D101865,DON1307,2026-07-15,382.85,Spring Appeal,paypal,False
D100760,DON1237,2026-06-27,202.55,Spring Appeal,paypal,False
D102029,DON1293,2026-06-09,313.12,Monthly Giving,paypal,False
D101303,DON1277,2026-05-19,403.18,Spring Appeal,check,False
D101778,DON1154,2024-12-10,208.31,Monthly Giving,check,False
D101095,DON1206,2026-08-14,343.49,Gala 2026,check,False
D101730,DON1137,2026-07-04,491.03,Monthly Giving,credit_card,False
D101245,DON1031,2026-06-06,252.73,Alumni Fund,paypal,False
D101136,DON1012,2025-07-12,115.99,Gala 2025,credit_card,False
D102018,DON1122,2026-02-21,442.71,Alumni Fund,credit_card,False
D100240,DON1096,2024-11-02,237.88,Year-End Giving,check,False
D101222,DON1175,2025-01-17,456.38,Corporate Match,stock_transfer,False
D101773,DON1108,2025-12-19,1596054.31,Alumni Fund,credit_card,False
D102294,DON1095,2025-07-19,168.32,Gala 2025,stock_transfer,False
D101406,DON1318,2025-07-20,289.59,Gala 2026,credit_card,False
D102101,DON1260,2025-03-06,274.16,Spring Appeal,credit_card,False
D100701,DON1129,2024-11-17,384.09,Year-End Giving,credit_card,False
D100813,DON1293,2026-02-09,161.34,Corporate Match,credit_card,False
D100290,DON1047,2026-05-30,364.55,Gala 2025,ach,False
D100219,DON1184,2026-02-05,19011.22,Monthly Giving,stock_transfer,True
D100044,DON1320,2025-01-25,487.79,Gala 2026,check,False
D100720,DON1209,2024-09-17,49.25,Alumni Fund,paypal,False
D101413,DON1214,2024-08-22,273.3,Corporate Match,stock_transfer,False
D101725,DON1365,2025-08-27,401.04,Monthly Giving,stock_transfer,True
D101638,DON1128,2025-06-22,19.5,Monthly Giving,credit_card,False
D101178,DON1250,2025-10-27,415.6,Gala 2025,check,False
D101363,DON1296,2026-06-20,15244.09,Gala 2025,stock_transfer,False
D100213,DON1215,2025-06-26,267.65,Corporate Match,stock_transfer,False
D100681,DON1205,2025-12-20,475.57,Gala 2026,stock_transfer,False
D101883,DON1113,2026-04-23,82.43,Gala 2026,credit_card,False
D100846,DON1304,2025-07-03,421.85,Year-End Giving,credit_card,False
D102052,DON1352,2024-10-24,210.95,Alumni Fund,ach,True
D101814,DON1132,2025-12-15,110.01,Year-End Giving,check,True
D101785,DON1043,2025-06-28,371.34,Year-End Giving,stock_transfer,False
D101226,DON1361,2025-04-03,87.35,Gala 2025,credit_card,False
D101371,DON1301,2026-02-14,97.3,Year-End Giving,check,False
D102374,DON1332,2025-06-09,445.74,Spring Appeal,paypal,False
D101135,DON1315,2026-06-07,15434.97,Gala 2025,credit_card,True
D102004,DON1247,2025-03-10,107.58,Alumni Fund,check,False
D100411,DON1348,2025-03-21,292.19,Corporate Match,stock_transfer,True
D101318,DON1138,2024-09-17,399.4,Monthly Giving,paypal,False
D102196,DON1091,2025-12-07,243.99,Monthly Giving,stock_transfer,True
D100247,DON1283,2026-04-11,234.5,Alumni Fund,credit_card,False
D102263,DON1130,2025-03-15,493.83,Corporate Match,ach,False
D100529,DON1013,2026-06-12,85.5,Gala 2025,paypal,False
D101256,DON1142,2025-04-25,121.44,Year-End Giving,ach,False
D101584,DON1375,2024-10-20,499.58,Year-End Giving,check,False
D102077,DON1148,2025-05-14,145.02,Gala 2025,ach,False
D101499,DON1206,2026-05-28,486.28,Gala 2026,paypal,False
D100297,DON1373,2025-05-24,461.0,Spring Appeal,paypal,False
D102100,DON1232,2025-09-20,265.75,Corporate Match,ach,False
D100369,DON1311,2026-02-22,93.58,Alumni Fund,paypal,False
D101619,DON1097,2025-10-11,47.13,Year-End Giving,check,False
D100283,DON1188,2025-11-02,193.84,Corporate Match,check,False
D102094,DON1264,2024-10-13,423.68,Spring Appeal,credit_card,False
D100545,DON1356,2024-10-19,48.17,Corporate Match,stock_transfer,False
D101188,DON1146,2026-01-16,479.68,Monthly Giving,ach,False
D100319,DON1274,2025-11-16,406.07,Monthly Giving,credit_card,True
D100835,DON1099,2026-01-31,19.69,Gala 2025,check,True
D102259,DON1392,2025-01-10,115.81,Monthly Giving,paypal,False
D102309,DON1238,2026-07-12,68.76,Spring Appeal,stock_transfer,False
D101856,DON1272,2024-10-29,488.95,Spring Appeal,ach,False
D101164,DON1097,2024-09-12,346.27,Alumni Fund,stock_transfer,False
D100496,DON1312,2025-04-13,163.32,Monthly Giving,stock_transfer,False
D100840,DON1141,2024-11-27,496.06,Corporate Match,stock_transfer,False
D101984,DON1278,2025-10-19,361.21,Gala 2025,stock_transfer,False
D101952,DON1016,2025-08-27,378.64,Spring Appeal,credit_card,False
D100094,DON1125,2025-02-10,48.74,Gala 2026,check,True
D102185,DON1268,2025-12-11,285.23,Year-End Giving,paypal,False
D100434,DON1128,2024-12-04,131.11,Spring Appeal,ach,False
D100197,DON1005,2025-03-11,18146.08,Alumni Fund,check,True
D101147,DON1312,2025-01-20,338.96,Monthly Giving,paypal,False
D102329,DON1007,2025-02-01,389.64,Year-End Giving,paypal,False
D100938,DON1042,2025-10-18,217.24,Alumni Fund,paypal,False
D100255,DON1192,2024-10-26,87.9,Gala 2025,stock_transfer,False
D101481,DON1244,2025-04-11,450.09,Gala 2026,ach,False
D101667,DON9281,2026-04-01,196.9,Monthly Giving,ach,True
D101491,DON1096,2026-01-01,248.8,Monthly Giving,paypal,False
D100169,DON1372,2025-12-14,331.19,Corporate Match,credit_card,True
D102060,DON1195,2025-11-16,373.63,Corporate Match,credit_card,False
D101911,DON1373,2025-01-11,60.07,Spring Appeal,stock_transfer,False
D101755,DON1126,2025-08-27,359.58,Year-End Giving,stock_transfer,False
D100174,DON1227,2024-11-13,59.23,Alumni Fund,credit_card,False
D101384,DON1044,2025-08-09,80.88,Gala 2026,paypal,False
D100979,DON1333,2025-05-10,228.11,Spring Appeal,credit_card,True
D101242,DON1144,2024-11-27,422.3,Monthly Giving,ach,False
D100611,DON1051,2025-04-06,107.98,Year-End Giving,credit_card,False
D100602,DON1250,2024-11-05,23522.74,Corporate Match,stock_transfer,False
D102395,DON1249,2024-12-21,318.35,Year-End Giving,stock_transfer,True
D101519,DON1235,2024-10-09,386.62,Year-End Giving,ach,False
D101943,DON1214,2025-03-20,226.57,Corporate Match,ach,False
D100436,DON1382,2024-09-06,134.12,Corporate Match,check,True
D102207,DON1383,2025-09-04,121.43,Alumni Fund,paypal,True
D101872,DON1353,2025-07-10,242.13,Spring Appeal,ach,False
D101100,DON1394,2025-01-27,41.59,Gala 2025,stock_transfer,False
D102020,DON1378,2024-10-01,158.6,Alumni Fund,stock_transfer,False
D101302,DON1294,2025-10-28,391.98,Spring Appeal,stock_transfer,False
D100783,DON1053,2025-05-22,61.65,Corporate Match,credit_card,False
D101941,DON1115,2025-05-29,484.86,Gala 2026,stock_transfer,False
D101682,DON1382,2025-08-17,78.37,Alumni Fund,ach,False
D100176,DON1312,2024-12-12,23.14,Alumni Fund,check,False
D101659,DON1262,2024-12-09,379.54,Gala 2025,check,True
D102498,DON1298,2025-10-30,138.72,Gala 2025,credit_card,False
D102351,DON9377,2025-05-17,88.94,Gala 2026,ach,False
D101851,DON1301,2026-04-18,119.91,Year-End Giving,check,False
D101732,DON1281,2025-07-25,56.99,Corporate Match,paypal,False
D100247,DON1283,2026-04-11,234.5,Alumni Fund,credit_card,False
D101850,DON1148,2026-06-30,218.81,Spring Appeal,paypal,False
D100597,DON1050,2026-02-07,299.61,Alumni Fund,credit_card,True
D100943,DON1057,2025-11-30,100.96,Spring Appeal,ach,False
D102019,DON1036,2025-11-25,245.46,Monthly Giving,ach,False
D100212,DON1126,2026-02-07,442.56,Gala 2026,credit_card,True
D101887,DON1276,2025-11-18,319.11,Monthly Giving,credit_card,False
D102442,DON1205,2025-10-17,309.7,Gala 2025,stock_transfer,False
D100860,DON1215,2025-11-08,439.29,Spring Appeal,paypal,False
D100644,DON1312,2024-12-27,118.85,Alumni Fund,check,True
D102439,DON1228,2026-08-15,459.93,Corporate Match,credit_card,False
D101971,DON1048,2026-03-21,298.61,Alumni Fund,ach,True
D100917,DON1035,2024-10-18,296.67,Gala 2026,stock_transfer,False
D100179,DON1292,2025-11-17,94.66,Gala 2026,credit_card,True
D100112,DON1043,2024-10-18,394.34,Monthly Giving,credit_card,False
D102297,DON1136,2025-01-17,131.43,Year-End Giving,paypal,False
D101254,DON1009,2024-12-15,483.28,Gala 2026,stock_transfer,False
D101929,DON1027,2025-05-26,99.87,Monthly Giving,credit_card,False
D102349,DON1316,2025-07-03,48.75,Corporate Match,stock_transfer,False
D102165,DON1258,2025-01-06,274.04,Gala 2026,stock_transfer,False
D101098,DON1205,2025-02-02,438.34,Corporate Match,credit_card,False
D101591,DON1283,2025-10-10,469.19,Gala 2026,ach,False
D101768,DON1146,2024-11-25,296.95,Gala 2026,paypal,False
D101640,DON1099,2025-09-12,80.11,Alumni Fund,credit_card,False
D102261,DON1264,2025-03-10,243.62,Spring Appeal,credit_card,True
D101963,DON1161,2026-02-16,109.28,Gala 2026,credit_card,False
D101581,DON1322,2025-01-01,19.7,Alumni Fund,paypal,False
D102049,DON1048,2026-01-08,330.34,Corporate Match,stock_transfer,True
D101361,DON1375,2026-04-10,133.76,Gala 2025,stock_transfer,False
D100462,DON1120,2026-08-18,289.54,Monthly Giving,ach,False
D100953,DON1377,2025-08-07,307.31,Gala 2026,stock_transfer,False
D101702,DON1350,2024-12-31,359.78,Alumni Fund,credit_card,True
D101704,DON1363,2026-01-07,321.07,Spring Appeal,paypal,False
D100189,DON1086,2026-04-20,60.42,Monthly Giving,credit_card,False
D101961,DON1290,2025-05-12,386.87,Gala 2025,credit_card,False
D101913,DON1111,2026-02-19,499.73,Spring Appeal,paypal,False
D100867,DON1320,2025-09-25,42.03,Year-End Giving,ach,False
D101846,DON1076,2026-07-19,435.71,Gala 2025,paypal,False
D101739,DON1042,2025-01-29,83.69,Gala 2026,stock_transfer,False
D100863,DON1149,2025-02-07,457.23,Gala 2025,credit_card,False
D100875,DON1385,2026-03-05,182.27,Monthly Giving,credit_card,False
D100519,DON1171,2025-09-10,114.05,Corporate Match,ach,False
D100260,DON1084,2026-05-19,115.02,Year-End Giving,ach,False
D102222,DON1393,2026-03-23,318.18,Gala 2025,credit_card,False
D100811,DON1373,2024-11-13,335.61,Gala 2026,paypal,False
D101072,DON1357,2025-02-26,22.91,Gala 2026,check,True
D102299,DON1235,2026-05-01,343.53,Spring Appeal,credit_card,False
D100603,DON1396,2025-06-11,80.11,Gala 2025,stock_transfer,False
D101395,DON1228,2024-10-11,254.5,Monthly Giving,ach,False
D100234,DON1048,2025-03-23,447.68,Corporate Match,credit_card,False
D101103,DON1110,2025-03-31,476.8,Corporate Match,paypal,False
D100671,DON1367,2025-06-09,451.81,Monthly Giving,credit_card,False
D101193,DON1280,2025-07-07,418.59,Spring Appeal,ach,False
D102383,DON1250,2026-05-07,10417.06,Alumni Fund,ach,True
D100052,DON1057,2025-04-14,215.2,Gala 2026,ach,False
D100522,DON1246,2026-01-28,326.37,Gala 2026,ach,False
D100464,DON1375,2025-05-23,392.26,Alumni Fund,check,False
D101766,DON1085,2025-02-23,374.73,Monthly Giving,check,True
D101000,DON1245,2024-11-09,346.46,Corporate Match,ach,False
D101518,DON1130,2026-01-21,182.67,Year-End Giving,check,False
D101536,DON1088,2026-07-18,328.64,Gala 2025,paypal,False
D102255,DON1269,2025-05-25,455.83,Corporate Match,credit_card,False
D102492,DON1268,2025-11-25,328.77,Gala 2026,check,False
D100097,DON1098,2026-06-02,499.79,Gala 2026,ach,False
D100706,DON1208,2025-09-08,23.58,Alumni Fund,check,False
D101986,DON1146,2026-02-10,258.69,Alumni Fund,credit_card,False
D101062,DON1077,2026-07-04,316.13,Gala 2025,check,False
D102471,DON1306,2024-09-09,203.25,Corporate Match,ach,False
D100614,DON1239,2026-03-06,178.35,Gala 2025,stock_transfer,True
D100651,DON1291,2025-06-05,101.14,Gala 2026,check,False
D101115,DON1084,2025-12-25,424.09,Corporate Match,paypal,False
D100408,DON1265,2025-12-28,248.44,Gala 2025,stock_transfer,False
D100924,DON1099,2026-06-14,469.75,Year-End Giving,credit_card,True
D101378,DON1231,2026-08-17,358.89,Alumni Fund,stock_transfer,False
D101869,DON1342,2026-01-04,86.91,Corporate Match,credit_card,False
D100573,DON1272,2025-06-27,459.68,Corporate Match,check,False
D102065,DON1246,2026-02-15,39.55,Monthly Giving,stock_transfer,True
D101613,DON1005,2026-07-22,177.16,Monthly Giving,credit_card,True
D101719,DON1168,2025-05-19,240.26,Gala 2026,paypal,False
D102346,DON1255,2025-03-06,300.61,Gala 2025,credit_card,False
D100830,DON1363,2026-04-15,491.68,Gala 2025,ach,False
D100508,DON1302,2025-08-18,226.52,Monthly Giving,stock_transfer,True
D101539,DON1156,2025-08-30,439.22,Gala 2026,ach,False
D101379,DON1092,2024-10-13,197.9,Corporate Match,credit_card,True
D100891,DON1146,2025-12-30,266.95,Gala 2026,credit_card,False
D100458,DON1193,2025-12-26,134.5,Gala 2026,paypal,False
D100889,DON1056,2024-09-29,323.11,Gala 2025,credit_card,True
D101509,DON1254,2026-06-10,216.62,Corporate Match,credit_card,False
D101804,DON1271,2025-02-04,309.99,Gala 2026,credit_card,False
D101701,DON1382,2025-11-03,388.51,Spring Appeal,check,True
D100742,DON1362,2026-04-15,448.64,Gala 2026,credit_card,False
D100211,DON1089,2026-01-28,144.74,Gala 2026,ach,True
D100650,DON1303,2024-09-16,210.64,Gala 2025,paypal,True
D100820,DON1153,2026-07-26,212.28,Gala 2025,check,False
D100743,DON1288,2025-09-19,424.46,Alumni Fund,ach,True
D100839,DON1066,2026-07-11,467.45,Alumni Fund,ach,False
D101335,DON1272,2026-04-08,114.81,Year-End Giving,check,False
D101323,DON1191,2026-07-30,152.2,Corporate Match,ach,False
D101504,DON1228,2026-01-21,170.46,Corporate Match,credit_card,False
D101028,DON1219,2025-08-02,141.93,Gala 2025,check,False
D100441,DON1286,2026-07-23,404.71,Gala 2026,ach,True
D101451,DON1057,2026-04-28,46.25,Alumni Fund,paypal,False
D100415,DON1203,2026-07-12,432.78,Gala 2025,stock_transfer,False
D102319,DON1252,2025-02-28,183.57,Alumni Fund,stock_transfer,False
D101018,DON1216,2025-07-05,88.55,Year-End Giving,paypal,False
D102448,DON1146,2026-04-04,259.44,Alumni Fund,stock_transfer,False
D102037,DON1149,2026-04-18,11652.48,Alumni Fund,check,False
D101832,DON1109,2024-08-30,34.05,Gala 2025,stock_transfer,False
D102372,DON1015,2026-07-09,494.4,Corporate Match,check,False
D100299,DON1343,2025-01-19,347.24,Monthly Giving,credit_card,False
D101806,DON1033,2025-07-03,465.23,Monthly Giving,stock_transfer,False
D102276,DON1021,2025-05-28,465.63,Spring Appeal,stock_transfer,False
D101515,DON1216,2025-10-18,29.53,Corporate Match,paypal,False
D101286,DON1293,2025-06-27,71.83,Gala 2026,check,False
D100523,DON1275,2025-06-10,408.94,Corporate Match,credit_card,False
D101317,DON1211,2025-02-23,83.8,Gala 2025,stock_transfer,False
D100465,DON1214,2025-09-16,387.49,Corporate Match,stock_transfer,False
D100238,DON1106,2026-02-09,50.15,Alumni Fund,credit_card,False
D100110,DON1125,2025-08-22,345.18,Alumni Fund,credit_card,False
D100658,DON1040,2024-09-24,99.79,Spring Appeal,stock_transfer,False
D101870,DON1108,2025-07-19,40.02,Gala 2026,ach,False
D102270,DON1300,2025-07-13,74.69,Spring Appeal,credit_card,False
D100253,DON1357,2025-11-30,121.7,Gala 2025,paypal,False
D101201,DON1080,2025-03-01,494.69,Spring Appeal,paypal,False
D102203,DON1267,2025-08-27,263.19,Year-End Giving,check,False
D101918,DON1374,2025-09-27,68.65,Corporate Match,paypal,False
D100757,DON1154,2024-11-03,452.42,Alumni Fund,ach,False
D100679,DON1087,2026-02-08,175.93,Monthly Giving,paypal,True
D100472,DON1165,2025-10-25,387.14,Year-End Giving,check,False
D101886,DON1381,2025-05-17,50.49,Year-End Giving,paypal,False
D101019,DON1061,2024-09-23,401.91,Corporate Match,ach,False
D101889,DON1044,2026-03-16,337.39,Monthly Giving,paypal,False
D101124,DON1296,2025-11-04,201.3,Corporate Match,ach,False
D101833,DON1041,2025-01-22,292.91,Corporate Match,stock_transfer,False
D100368,DON1208,2025-04-12,19.12,Corporate Match,check,False
D101995,DON1094,2024-10-27,300.86,Year-End Giving,ach,False
D100762,DON1096,2026-06-10,491.27,Gala 2025,credit_card,False
D100618,DON1023,2025-05-07,386.62,Spring Appeal,paypal,False
D100528,DON1269,2026-06-25,394.62,Alumni Fund,ach,False
D101300,DON1032,2025-10-04,340.74,Gala 2026,paypal,False
D101453,DON1134,2026-06-08,347.89,Year-End Giving,credit_card,False
D101830,DON1014,2024-11-28,358.78,Alumni Fund,ach,False
D102303,DON1334,2026-05-05,65.09,Year-End Giving,ach,False
D100768,DON1079,2025-07-14,247.67,Spring Appeal,paypal,False
D101737,DON1209,2025-12-30,91.16,Year-End Giving,ach,False
D102144,DON1031,2026-05-26,273.06,Spring Appeal,paypal,False
D102053,DON1382,2025-03-20,197.47,Spring Appeal,ach,False
D100101,DON1300,2025-07-09,84.68,Gala 2025,ach,False
D100423,DON1277,2026-07-17,160.86,Gala 2026,check,True
D100262,DON1089,2026-03-16,10047.81,Alumni Fund,check,False
D100566,DON1143,2026-04-15,144.86,Gala 2025,credit_card,False
D102462,DON1330,2026-03-13,319.2,Year-End Giving,paypal,False
D102005,DON1020,2025-02-06,203.32,Spring Appeal,check,False
D100180,DON1135,2025-11-13,474.85,Gala 2026,stock_transfer,False
D101741,DON1260,2025-01-10,307.21,Gala 2025,ach,False
D101341,DON1357,2025-08-31,38.04,Monthly Giving,credit_card,False
D100671,DON1367,2025-06-09,451.81,Monthly Giving,credit_card,False
D102006,DON1168,2025-06-02,95.02,Monthly Giving,ach,False
D100842,DON1209,2026-08-02,238.63,Gala 2025,stock_transfer,False
D101801,DON1263,2026-06-22,454.58,Corporate Match,ach,False
D100292,DON1219,2025-02-27,381.52,Spring Appeal,credit_card,False
D100142,DON1265,2026-05-18,284.33,Gala 2026,ach,False
D101367,DON1371,2024-11-06,424.38,Gala 2025,credit_card,False
D101442,DON1203,2026-01-13,308.96,Year-End Giving,check,False
D101118,DON1342,2024-11-15,119.21,Gala 2026,stock_transfer,False
D100606,DON1390,2025-04-12,237.47,Corporate Match,ach,False
D101015,DON1080,2025-05-07,240.64,Gala 2025,check,False
D100945,DON1064,2025-12-26,296.97,Gala 2026,paypal,False
D100481,DON1096,2026-05-07,284.74,Corporate Match,credit_card,True
D101128,DON1196,2026-01-23,491.87,Corporate Match,check,True
D100355,DON1134,2024-08-24,241.33,Alumni Fund,ach,False
D102218,DON1154,2025-09-19,278.11,Year-End Giving,check,False
D101579,DON1317,2025-10-20,167.61,Spring Appeal,ach,False
D100248,DON1268,2026-05-21,83.32,Monthly Giving,stock_transfer,False
D102058,DON1072,2025-06-20,292.45,Gala 2025,ach,True
D101179,DON1306,2025-06-16,264.46,Corporate Match,credit_card,True
D101526,DON1135,2025-05-01,183.36,Year-End Giving,paypal,True
D101553,DON1343,2025-07-16,189.19,Year-End Giving,paypal,True
D101731,DON1062,2024-12-03,382.46,Spring Appeal,credit_card,False
D102095,DON1339,2025-09-12,21064.99,Corporate Match,check,True
D100030,DON1166,2024-09-29,474.27,Monthly Giving,check,False
D100510,DON1019,2026-06-21,293.27,Monthly Giving,check,False
D100862,DON1205,2025-10-30,187.78,Spring Appeal,check,True
D101382,DON1152,2024-12-15,10344.71,Gala 2025,check,False
D100583,DON1103,2024-08-28,251.11,Year-End Giving,stock_transfer,False
D101927,DON1200,2025-04-20,410.9,Alumni Fund,credit_card,False
D101221,DON1105,2025-11-29,12.57,Alumni Fund,paypal,False
D102014,DON1380,2025-12-07,319.76,Corporate Match,stock_transfer,False
D102115,DON1386,2026-03-29,43.39,Spring Appeal,stock_transfer,False
D100509,DON1143,2024-09-28,414.37,Spring Appeal,ach,True
D100451,DON1240,2025-01-12,283.43,Gala 2026,check,False
D100799,DON1322,2025-03-17,124.58,Gala 2025,check,False
D102152,DON1220,2026-05-17,149.75,Gala 2026,check,False
D101111,DON1097,2025-01-03,91.39,Gala 2026,ach,False
D100333,DON1021,2025-06-14,458.81,Spring Appeal,paypal,False
D101365,DON1047,2025-07-13,402.73,Gala 2026,paypal,True
D100638,DON1163,2024-11-27,191.14,Year-End Giving,stock_transfer,False
D100822,DON1059,2025-08-27,281.03,Spring Appeal,paypal,True
D102153,DON1040,2025-05-10,85.54,Corporate Match,paypal,False
D101977,DON1076,2024-11-03,20290.72,Gala 2026,stock_transfer,True
D102046,DON1155,2024-09-15,50.18,Monthly Giving,stock_transfer,False
D100354,DON1260,2026-01-29,293.66,Alumni Fund,stock_transfer,False
D101488,DON1094,2025-01-29,419.34,Year-End Giving,ach,False
D100209,DON1331,2025-12-11,453.49,Alumni Fund,check,True
D102437,DON1217,2024-10-31,414.51,Year-End Giving,credit_card,False
D102040,DON1342,2025-09-22,268.23,Gala 2026,credit_card,False
D101412,DON1004,2025-10-07,209.11,Monthly Giving,paypal,False
D101376,DON9327,2026-01-02,346.29,Spring Appeal,paypal,False
D101117,DON1255,2026-02-20,276.92,Corporate Match,paypal,False
D100696,DON1255,2026-07-16,176.37,Monthly Giving,check,False
D102345,DON1001,2026-05-09,237.49,Gala 2025,check,False
D101081,DON1332,2025-07-04,61.16,Gala 2025,stock_transfer,False
D101994,DON1064,2026-05-04,96.19,Corporate Match,check,False
D100533,DON1108,2025-05-11,145.56,Gala 2025,paypal,False
D101674,DON1364,2024-09-20,402.95,Spring Appeal,check,False
D102224,DON1352,2024-11-25,154.52,Gala 2026,paypal,True
D100200,DON1327,2025-08-30,288.23,Gala 2026,ach,False
D100230,DON1180,2026-05-14,10.63,Gala 2026,paypal,False
D101310,DON1377,2025-07-30,417.42,Alumni Fund,check,False
D100486,DON1278,2026-01-27,294.71,Corporate Match,ach,False
D100421,DON1140,2026-04-04,474.76,Monthly Giving,ach,False
D100870,DON1065,2026-02-13,444.06,Year-End Giving,credit_card,False
D101552,DON1314,2025-04-20,465.02,Monthly Giving,paypal,False
D101847,DON1141,2025-12-08,321.18,Year-End Giving,paypal,False
D100316,DON1161,2025-01-02,319.97,Year-End Giving,ach,False
D100431,DON1078,2026-01-13,215.92,Alumni Fund,paypal,False
D102429,DON1393,2026-03-18,205.07,Corporate Match,paypal,True
D100970,DON1338,2025-05-27,20.57,Gala 2026,check,False
D100070,DON1095,2025-07-30,468.55,Spring Appeal,check,False
D101447,DON1165,2025-02-04,283.45,Corporate Match,ach,False
D100388,DON1142,2025-11-14,203.62,Monthly Giving,ach,False
D101678,DON1328,2026-07-24,206.87,Gala 2026,check,False
D100782,DON1225,2025-04-30,380.32,Spring Appeal,stock_transfer,False
D101375,DON1055,2025-07-22,346.17,Spring Appeal,paypal,False
D101554,DON1184,2024-12-26,245.41,Alumni Fund,stock_transfer,True
D100669,DON1047,2025-07-07,145.91,Monthly Giving,check,False
D100232,DON1389,2025-04-10,46.12,Alumni Fund,credit_card,False
D101380,DON1363,2026-03-21,408.29,Corporate Match,paypal,False
D101945,DON1267,2025-06-22,380.94,Alumni Fund,check,False
D101260,DON1040,2026-08-12,191.97,Alumni Fund,paypal,True
D101551,DON1150,2026-05-07,299.15,Year-End Giving,credit_card,False
D101979,DON1338,2025-09-16,274.15,Gala 2026,credit_card,False
D102012,DON1398,2026-08-10,168.98,Alumni Fund,stock_transfer,False
D102293,DON1358,2025-10-23,463.39,Monthly Giving,check,False
D100446,DON1123,2024-09-14,483.91,Alumni Fund,paypal,True
D101337,DON1092,2025-09-21,238.38,Corporate Match,check,False
D101466,DON1162,2025-06-03,108.83,Year-End Giving,paypal,False
D102167,DON1162,2026-01-30,420.38,Spring Appeal,check,False
D100280,DON1258,2026-06-10,413.68,Gala 2025,check,False
D100487,DON1362,2026-07-17,220.73,Alumni Fund,ach,False
D100483,DON1257,2026-04-02,136.26,Gala 2026,credit_card,False
D100555,DON1344,2025-03-18,17967.78,Year-End Giving,paypal,False
D100479,DON1340,2025-03-06,433.5,Spring Appeal,check,False
D101989,DON1322,2024-09-27,309.11,Gala 2026,paypal,False
D100323,DON1148,2024-12-23,196.98,Gala 2026,check,False
D101012,DON1264,2026-04-16,236.9,Monthly Giving,paypal,True
D102132,DON1168,2025-02-05,247.9,Spring Appeal,credit_card,False
D100818,DON1132,2024-11-06,275.47,Gala 2025,ach,True
D100708,DON1143,2025-12-04,427.74,Corporate Match,paypal,False
D102202,DON1091,2026-06-07,309.4,Corporate Match,check,True
D101006,DON1070,2026-08-10,499.0,Monthly Giving,credit_card,False
D100409,DON1051,2025-04-27,408.77,Gala 2026,credit_card,False
D102288,DON1208,2024-11-03,140.87,Alumni Fund,paypal,False
D102273,DON1135,2026-02-13,275.19,Gala 2025,credit_card,False
D102401,DON1157,2025-04-01,259.2,Monthly Giving,check,True
D101860,DON1173,2026-07-19,270.92,Gala 2026,ach,False
D101162,DON1390,2026-03-26,382.64,Gala 2025,paypal,False
D101069,DON1002,2026-07-30,187.58,Gala 2026,ach,False
D101818,DON1315,2024-12-26,396.61,Gala 2025,ach,False
D101104,DON1043,2026-02-02,50.04,Alumni Fund,paypal,False
D100568,DON1093,2024-11-26,178.0,Spring Appeal,ach,False
D100150,DON1096,2026-03-05,36.27,Gala 2025,credit_card,False
D101229,DON1392,2026-01-30,410.21,Gala 2025,credit_card,False
D101126,DON1391,2026-02-20,280.92,Gala 2025,ach,True
D101034,DON1051,2025-09-09,178.02,Corporate Match,paypal,False
D101381,DON1021,2026-02-01,189.88,Monthly Giving,check,False
D101045,DON1282,2026-08-05,450.18,Gala 2025,check,False
D102400,DON9553,2026-01-07,152.05,Gala 2025,paypal,False
D102414,DON1340,2026-03-21,192.52,Year-End Giving,paypal,False
D101547,DON9542,2024-12-14,160.07,Alumni Fund,stock_transfer,False
D100619,DON1357,2025-07-20,127.85,Monthly Giving,credit_card,False
D100164,DON1341,2026-07-31,399.88,Gala 2026,ach,False
D100403,DON9691,2024-11-09,169.46,Monthly Giving,check,True
D102017,DON1021,2025-03-28,192.53,Year-End Giving,stock_transfer,False
D102045,DON1122,2026-01-23,39.83,Alumni Fund,credit_card,False
D101422,DON1076,2026-02-13,136.08,Year-End Giving,credit_card,False
D102030,DON1124,2026-01-10,279.19,Year-End Giving,paypal,False
D101652,DON1036,2025-07-30,267.09,Corporate Match,paypal,False
D101657,DON1302,2026-01-12,250.82,Gala 2025,credit_card,False
D102260,DON1298,2025-10-18,259.44,Gala 2025,check,False
D100480,DON1119,2026-03-04,357.75,Gala 2025,paypal,False
D100050,DON1336,2026-06-04,293.04,Corporate Match,credit_card,False
D100068,DON1132,2025-05-31,11742.24,Gala 2025,stock_transfer,False
D101754,DON1241,2024-11-14,432.23,Alumni Fund,check,False
D101712,DON1342,2025-09-23,431.98,Spring Appeal,paypal,False
D100582,DON1171,2025-06-03,408.27,Year-End Giving,paypal,True
D100049,DON1299,2025-08-20,437.33,Corporate Match,credit_card,False
D101821,DON1388,2025-05-11,390.17,Gala 2026,ach,True
D102108,DON1284,2026-02-08,194.92,Spring Appeal,paypal,False
D100837,DON1361,2026-05-31,106.08,Alumni Fund,paypal,True
D101059,DON1116,2026-01-10,346.52,Corporate Match,credit_card,False
D100125,DON1087,2025-12-12,251.63,Spring Appeal,ach,False
D102490,DON1019,2025-01-02,281.51,Gala 2026,ach,False
D100197,DON1005,2025-03-11,18146.08,Alumni Fund,check,True
D102287,DON1018,2026-05-12,48.56,Alumni Fund,check,False
D100882,DON1390,2025-06-12,121.51,Corporate Match,ach,False
D101957,DON1299,2025-08-28,317.22,Spring Appeal,check,False
D100026,DON1240,2025-10-18,309.85,Spring Appeal,credit_card,False
D102413,DON1091,2025-05-27,416.13,Alumni Fund,credit_card,False
D101054,DON1330,2026-03-08,387.36,Gala 2025,ach,False
D102036,DON1137,2024-09-13,325.86,Corporate Match,paypal,False
D101703,DON1380,2025-06-06,21.6,Gala 2026,check,False
D101620,DON1203,2025-08-19,304.76,Monthly Giving,check,False
D101217,DON1033,2026-03-27,28.33,Corporate Match,credit_card,False
D100600,DON1062,2025-04-17,92.34,Gala 2025,stock_transfer,True
D101881,DON1311,2026-05-03,274.11,Spring Appeal,check,False
D102433,DON1127,2025-01-28,390.72,Spring Appeal,credit_card,True
D101176,DON1009,2026-03-17,419.33,Monthly Giving,stock_transfer,True
D100362,DON1188,2026-05-02,48.14,Gala 2025,paypal,False
D101608,DON1006,2025-11-10,12613.42,Gala 2026,paypal,False
D101308,DON1194,2026-01-19,372.86,Gala 2025,credit_card,True
D101197,DON1065,2025-10-20,21149.62,Alumni Fund,stock_transfer,False
D101884,DON1042,2026-04-07,90.67,Gala 2025,check,True
D100809,DON1023,2026-04-28,287.22,Gala 2025,paypal,False
D101629,DON1112,2025-11-18,83.45,Gala 2025,ach,True
D101964,DON1238,2025-06-23,450.57,Year-End Giving,credit_card,True
D102117,DON1308,2026-04-12,412.17,Year-End Giving,paypal,True
D101609,DON1139,2025-06-28,403.54,Alumni Fund,paypal,False
D102210,DON1365,2026-07-15,407.26,Year-End Giving,stock_transfer,False
D100903,DON1100,2025-09-03,7293.65,Year-End Giving,check,False
D100730,DON1098,2024-08-20,140.44,Corporate Match,paypal,False
D100728,DON1026,2025-05-01,137.48,Spring Appeal,check,True
D101906,DON1144,2025-11-25,480.39,Monthly Giving,stock_transfer,False
D100241,DON1357,2026-06-23,178.46,Monthly Giving,paypal,False
D101223,DON1293,2026-04-12,184.68,Monthly Giving,ach,False
D101812,DON1200,2026-04-06,277.08,Year-End Giving,credit_card,False
D100071,DON1137,2024-09-21,364.21,Spring Appeal,check,False
D100569,DON1254,2025-12-08,197.75,Corporate Match,paypal,False
D102158,DON1100,2025-08-23,398.48,Year-End Giving,check,False
D100612,DON1224,2025-03-31,232.95,Gala 2026,check,True
D100074,DON1069,2025-08-14,494.53,Gala 2025,paypal,False
D102056,DON1107,2025-05-19,233.12,Corporate Match,check,False
D100351,DON1114,2026-06-20,145.57,Gala 2025,ach,False
D102313,DON1324,2025-10-06,178.55,Corporate Match,check,False
D100766,DON1097,2026-01-25,327.83,Corporate Match,ach,False
D102073,DON1378,2025-10-26,59.18,Gala 2026,check,False
D101065,DON1219,2026-07-03,54.32,Year-End Giving,ach,False
D101190,DON1182,2026-08-07,199.26,Gala 2026,credit_card,False
D101546,DON1132,2025-11-14,491.18,Spring Appeal,check,True
D100077,DON1104,2026-05-30,170.78,Monthly Giving,paypal,True
D100433,DON1241,2026-01-28,132.54,Gala 2026,credit_card,True
D101088,DON1111,2026-06-03,386.72,Year-End Giving,stock_transfer,False
D101107,DON1355,2026-01-22,284.85,Monthly Giving,ach,True
D100158,DON1106,2025-10-20,289.34,Monthly Giving,check,False
D102327,DON1273,2024-12-22,398.56,Gala 2025,credit_card,False
D101603,DON1077,2025-09-15,480.6,Year-End Giving,check,False
D102072,DON9046,2026-05-24,400.66,Monthly Giving,credit_card,True
D100136,DON1182,2024-09-20,285.98,Corporate Match,paypal,False
D102250,DON1304,2025-01-28,162.73,Gala 2026,credit_card,False
D102243,DON1195,2025-09-24,201.67,Gala 2025,credit_card,False
D101090,DON1221,2025-10-17,344.61,Year-End Giving,ach,False
D101951,DON1077,2025-10-25,162.26,Monthly Giving,check,False
D101576,DON1029,2026-04-11,152.98,Spring Appeal,ach,True
D102264,DON1269,2025-08-19,487.23,Gala 2025,stock_transfer,False
D101462,DON1151,2026-04-27,19.25,Year-End Giving,check,False
D101299,DON1308,2025-12-11,152.56,Monthly Giving,ach,False
D101573,DON1391,2025-08-12,223.61,Gala 2025,paypal,False
D101101,DON1244,2025-12-15,277.09,Gala 2026,ach,False
D100124,DON9424,2026-01-26,451.56,Year-End Giving,stock_transfer,False
D102275,DON1188,2025-06-03,484.73,Gala 2026,paypal,False
D101545,DON1206,2026-02-07,327.14,Spring Appeal,check,False
D100407,DON1379,2025-03-20,96.54,Gala 2026,ach,False
D100694,DON1217,2025-07-09,140.64,Corporate Match,paypal,False
D100980,DON1329,2025-05-20,21.28,Monthly Giving,stock_transfer,False
D101722,DON1139,2025-05-12,121.64,Gala 2025,ach,False
D100498,DON1276,2026-04-22,283.27,Monthly Giving,credit_card,True
D101055,DON1005,2026-05-13,370.7,Gala 2025,credit_card,False
D100343,DON1280,2025-02-08,156.05,Alumni Fund,check,False
D102133,DON1155,2026-01-25,485.92,Gala 2025,ach,True
D100300,DON1247,2025-03-18,198.59,Alumni Fund,stock_transfer,False
D100633,DON1216,2025-06-27,152.84,Spring Appeal,credit_card,False
D101675,DON1354,2026-01-19,18003.64,Alumni Fund,stock_transfer,False
D102021,DON1301,2026-04-10,80.6,Alumni Fund,ach,False
D100622,DON1208,2024-11-29,317.14,Corporate Match,credit_card,False
D101209,DON1182,2026-05-24,364.3,Gala 2025,credit_card,False
D100221,DON1245,2024-09-25,9261064.76,Year-End Giving,ach,False
D101612,DON1055,2025-01-30,41.83,Monthly Giving,ach,False
D101915,DON1257,2026-04-23,362.94,Monthly Giving,credit_card,True
D102393,DON1272,2024-10-12,125.5,Gala 2025,stock_transfer,False
D100085,DON1218,2024-11-01,131.28,Gala 2025,ach,False
D101746,DON1134,2026-05-14,428.29,Corporate Match,stock_transfer,False
D100267,DON1308,2025-06-04,78.57,Spring Appeal,paypal,False
D100565,DON1337,2026-04-03,315.92,Gala 2025,paypal,True
D100291,DON1136,2024-10-01,95.6,Spring Appeal,check,False
D102357,DON1210,2025-11-08,341.25,Corporate Match,stock_transfer,True
D101174,DON1007,2026-06-20,20.21,Gala 2025,credit_card,True
D100417,DON1041,2025-04-07,56.82,Gala 2026,stock_transfer,True
D100473,DON1227,2025-01-05,462.86,Year-End Giving,ach,False
D100790,DON1019,2024-10-29,452.23,Spring Appeal,stock_transfer,False
D102078,DON1361,2026-05-13,13701.92,Gala 2025,stock_transfer,False
D102444,DON1344,2024-09-07,384.36,Corporate Match,check,False
D102354,DON1135,2025-12-01,153.16,Year-End Giving,check,False
D101641,DON1002,2024-08-26,246.45,Year-End Giving,check,False
D101415,DON1021,2026-02-28,260.66,Corporate Match,paypal,False
D101949,DON1111,2025-10-20,218.72,Corporate Match,ach,False
D100279,DON1010,2026-04-16,131.92,Corporate Match,check,False
D101514,DON1051,2025-12-31,384.38,Gala 2025,stock_transfer,False
D102336,DON1255,2025-08-02,54.0,Gala 2025,credit_card,False
D101610,DON1178,2026-04-07,249.53,Gala 2025,credit_card,False
D100019,DON1399,2025-03-24,475.24,Spring Appeal,stock_transfer,True
D101269,DON1040,2025-10-19,306.56,Gala 2026,paypal,False
D101314,DON1013,2025-12-07,191.21,Monthly Giving,credit_card,False
D100680,DON1372,2026-02-01,385.33,Monthly Giving,check,False
D100965,DON1114,2025-12-12,22047.24,Gala 2025,ach,False
D102483,DON1286,2026-08-14,245.16,Gala 2026,ach,True
D100737,DON1022,2025-11-06,256.84,Gala 2025,paypal,True
D102305,DON1232,2025-01-02,344.16,Gala 2026,ach,True
D100472,DON1165,2025-10-25,387.14,Year-End Giving,check,False
D100220,DON1253,2025-02-18,28.6,Spring Appeal,ach,False
D100655,DON1247,2026-04-09,317.72,Gala 2026,credit_card,False
D101693,DON1217,2025-12-23,182.02,Corporate Match,paypal,False
D100304,DON1255,2025-09-14,13068.79,Spring Appeal,stock_transfer,False
D101787,DON1188,2025-10-29,352.99,Corporate Match,stock_transfer,True
D101279,DON1261,2024-10-09,388.77,Year-End Giving,check,False
D100904,DON1237,2025-04-24,128.72,Gala 2026,ach,False
D102125,DON1116,2025-08-27,460.37,Corporate Match,paypal,False
D100345,DON1157,2025-01-25,365.71,Year-End Giving,paypal,False
D100663,DON1060,2026-01-07,244.96,Gala 2025,check,True
D100930,DON1193,2026-03-19,173.28,Corporate Match,paypal,True
D102333,DON1345,2026-05-31,18.28,Corporate Match,credit_card,False
D101793,DON1215,2026-01-13,492.45,Gala 2025,check,False
D102449,DON1058,2024-10-21,421.06,Monthly Giving,check,False
D101777,DON1305,2025-11-05,409.32,Gala 2026,paypal,False
D101085,DON1257,2026-03-22,365.59,Year-End Giving,credit_card,False
D101166,DON1232,2026-05-12,279.65,Gala 2025,paypal,False
D101264,DON1299,2026-01-14,196.73,Corporate Match,credit_card,False
D100193,DON1115,2026-07-02,477.5,Spring Appeal,paypal,False
D100175,DON1220,2025-07-05,145.71,Spring Appeal,ach,False
D100808,DON1157,2026-07-07,411.37,Gala 2026,credit_card,True
D102334,DON1109,2025-12-20,253.36,Alumni Fund,ach,True
D101500,DON1154,2025-03-02,3261962.92,Monthly Giving,check,False
D101955,DON1014,2025-10-26,268.63,Monthly Giving,check,True
D100857,DON1337,2025-09-29,258.48,Alumni Fund,stock_transfer,False
D100129,DON1356,2025-08-01,482.64,Gala 2025,check,False
D100341,DON1258,2025-02-05,157.66,Spring Appeal,check,False
D101726,DON1150,2026-07-08,397.07,Alumni Fund,check,True
D101051,DON1332,2026-02-06,443.77,Alumni Fund,paypal,False
D101037,DON1215,2026-03-12,397.53,Year-End Giving,stock_transfer,False
D100308,DON1325,2024-11-22,265.77,Corporate Match,credit_card,True
D100384,DON1046,2025-09-26,49.22,Spring Appeal,paypal,False
D101309,DON1361,2025-05-13,17.22,Alumni Fund,stock_transfer,False
D102339,DON1041,2025-03-07,100.83,Gala 2026,paypal,False
D100788,DON1235,2026-07-01,344.28,Spring Appeal,paypal,True
D100178,DON1256,2025-11-01,445.48,Spring Appeal,check,False
D100427,DON1194,2026-05-03,316.41,Monthly Giving,stock_transfer,False
D101781,DON1084,2025-03-06,334.81,Alumni Fund,check,False
D102331,DON1142,2025-03-03,166.03,Monthly Giving,credit_card,False
D102426,DON1101,2026-01-14,104.76,Gala 2026,ach,False
D102242,DON1172,2026-02-11,320.11,Alumni Fund,credit_card,True
D100185,DON1337,2024-11-08,356.87,Corporate Match,credit_card,True
D101808,DON1297,2024-12-06,270.06,Spring Appeal,ach,False
D102041,DON1168,2026-02-11,473.44,Monthly Giving,ach,True
D101978,DON1088,2025-01-31,170.67,Year-End Giving,credit_card,False
D102181,DON1225,2025-01-22,452.44,Spring Appeal,paypal,False
D101038,DON1149,2024-09-24,399.25,Corporate Match,ach,False
D100803,DON1203,2026-06-09,321.87,Gala 2026,paypal,False
D100652,DON1155,2026-06-29,284.05,Gala 2026,ach,True
D100490,DON1327,2024-10-26,391.76,Spring Appeal,ach,True
D102376,DON1287,2025-03-28,201.51,Year-End Giving,paypal,False
D100987,DON1088,2025-06-04,10.04,Gala 2025,credit_card,False
D102278,DON1221,2025-06-25,160.02,Alumni Fund,ach,False
D101928,DON1038,2025-07-01,58.97,Year-End Giving,ach,False
D101691,DON1107,2026-02-15,460.58,Corporate Match,stock_transfer,False
D101524,DON1058,2025-11-11,258.0,Corporate Match,stock_transfer,False
D101092,DON1045,2025-04-18,93.16,Gala 2025,ach,True
D100119,DON1231,2025-11-04,471.16,Gala 2026,ach,False
D102191,DON1268,2026-08-02,101.52,Spring Appeal,check,False
D100282,DON1207,2026-07-01,492.59,Year-End Giving,credit_card,False
D102208,DON1103,2026-07-16,406.73,Monthly Giving,check,False
D102371,DON1231,2025-07-31,373.31,Corporate Match,paypal,False
D102284,DON1365,2025-11-08,344.52,Gala 2025,ach,False
D100912,DON1220,2025-12-30,184.72,Year-End Giving,credit_card,False
D101362,DON1154,2025-01-30,124.81,Monthly Giving,credit_card,False
D101152,DON1386,2025-03-28,389.56,Gala 2026,stock_transfer,True
D100367,DON1069,2026-05-05,290.41,Spring Appeal,ach,False
D102073,DON1378,2025-10-26,59.18,Gala 2026,check,False
D100556,DON1070,2025-01-27,213.77,Gala 2026,stock_transfer,False
D101282,DON1316,2024-12-19,91.14,Gala 2025,check,False
D101996,DON1151,2026-05-19,476.3,Corporate Match,stock_transfer,False
D100787,DON1078,2025-03-14,395.74,Year-End Giving,paypal,False
D101540,DON1301,2025-08-03,17191.89,Corporate Match,check,False
D100204,DON1081,2024-09-16,355.31,Monthly Giving,credit_card,False
D102347,DON1178,2025-05-12,135.9,Gala 2025,credit_card,True
D100121,DON1325,2025-09-23,186.74,Spring Appeal,credit_card,False
D100284,DON1305,2024-09-09,330.25,Spring Appeal,credit_card,False
D100576,DON1093,2025-06-11,5169.52,Spring Appeal,credit_card,False
D101339,DON1101,2025-09-17,12.75,Gala 2025,check,True
D101564,DON1170,2025-03-20,415.02,Gala 2025,paypal,True
D100276,DON1161,2025-09-15,10470.56,Alumni Fund,ach,False
D101024,DON1127,2025-11-18,242.21,Alumni Fund,credit_card,False
D100892,DON9335,2026-08-13,86.95,Spring Appeal,ach,False
D100361,DON1325,2025-11-27,139.02,Monthly Giving,stock_transfer,True
D100874,DON1112,2026-01-13,289.97,Alumni Fund,check,False
D100810,DON1311,2024-12-25,321.87,Alumni Fund,paypal,False
D100950,DON1206,2025-01-25,78.04,Monthly Giving,credit_card,False
D100630,DON1355,2026-07-23,42.16,Gala 2026,credit_card,True
D101585,DON1154,2026-06-02,358.24,Monthly Giving,ach,False
D100841,DON1233,2025-08-28,4844029.86,Corporate Match,credit_card,False
D100287,DON1145,2026-06-28,107.34,Year-End Giving,check,False
D101770,DON1339,2025-11-21,321.25,Year-End Giving,ach,False
D102003,DON1100,2024-10-06,440.1,Monthly Giving,stock_transfer,True
D100941,DON9173,2024-10-27,6396.83,Corporate Match,paypal,False
D100424,DON9536,2024-10-01,178.5,Gala 2026,stock_transfer,True
D101858,DON1370,2026-01-12,404.25,Monthly Giving,ach,False
D101294,DON1107,2025-05-02,347.11,Monthly Giving,paypal,False
D101630,DON1156,2026-03-10,146.06,Year-End Giving,paypal,False
D101450,DON1301,2025-06-17,323.42,Gala 2025,stock_transfer,False
D100066,DON1055,2026-07-06,232.63,Corporate Match,stock_transfer,False
D101690,DON1061,2024-11-06,207.47,Corporate Match,stock_transfer,False
D101531,DON1199,2025-02-16,491.14,Alumni Fund,check,False
D100913,DON1200,2025-06-08,332.4,Gala 2025,stock_transfer,False
D100765,DON1346,2026-05-02,71.29,Spring Appeal,ach,True
D100231,DON1212,2026-04-26,277.55,Spring Appeal,paypal,False
D102272,DON1312,2025-07-09,295.2,Monthly Giving,ach,True
D100756,DON1254,2024-09-25,51.15,Gala 2026,paypal,True
D102188,DON1350,2026-04-15,311.04,Gala 2025,credit_card,False
D100942,DON1376,2026-04-24,101.34,Year-End Giving,ach,False
D101357,DON1133,2024-10-07,461.74,Monthly Giving,ach,False
D102323,DON1365,2024-09-24,379.65,Gala 2025,check,False
D101175,DON1005,2025-02-08,295.75,Gala 2026,ach,False
D101106,DON1102,2026-08-03,242.99,Corporate Match,ach,False
D100375,DON1247,2025-06-06,298.63,Corporate Match,stock_transfer,True
D100802,DON1067,2026-02-04,190.95,Monthly Giving,paypal,False
D102121,DON1099,2026-07-15,395.97,Gala 2026,paypal,False
D101965,DON1195,2026-03-12,126.61,Monthly Giving,check,True
D100298,DON1336,2026-02-16,342.19,Alumni Fund,stock_transfer,False
D100599,DON1295,2025-05-12,482.7,Year-End Giving,credit_card,False
D102481,DON1112,2026-06-25,43.64,Year-End Giving,ach,False
D100100,DON1105,2025-09-27,285.64,Year-End Giving,ach,True
D101473,DON1034,2024-09-19,157.34,Corporate Match,credit_card,False
D100901,DON1063,2024-10-15,61.56,Alumni Fund,check,False
D101273,DON1365,2026-02-18,71.93,Spring Appeal,paypal,True
D100530,DON1398,2024-12-13,58.14,Monthly Giving,ach,False
D101272,DON1396,2026-04-18,232.49,Year-End Giving,credit_card,False
D101099,DON1274,2025-01-21,52.05,Corporate Match,credit_card,False
D101243,DON1063,2024-12-20,79.56,Year-End Giving,paypal,False
D100637,DON1317,2026-03-05,149.77,Year-End Giving,ach,True
D102219,DON1323,2025-03-23,458.35,Monthly Giving,credit_card,False
D100186,DON1268,2025-10-29,137.03,Gala 2025,ach,False
D101428,DON1187,2024-11-08,58.43,Gala 2025,stock_transfer,True
D101001,DON1291,2025-03-03,365.46,Gala 2025,ach,False
D101411,DON1057,2024-11-17,437.32,Year-End Giving,ach,False
D100974,DON1384,2024-11-01,187.49,Alumni Fund,stock_transfer,True
D101827,DON1327,2025-02-12,412.86,Gala 2025,credit_card,False
D100512,DON1234,2025-11-14,27.56,Alumni Fund,check,False
D101873,DON1351,2025-06-01,51.57,Year-End Giving,ach,True
D101868,DON1183,2026-01-27,90.5,Corporate Match,credit_card,False
D101548,DON1089,2025-10-31,99.08,Year-End Giving,check,True
D102104,DON1303,2026-05-11,338.5,Monthly Giving,stock_transfer,True
D100608,DON1331,2024-10-07,133.18,Monthly Giving,paypal,True
D102306,DON9286,2025-07-11,32.85,Alumni Fund,check,False
D100868,DON1194,2025-09-28,220.47,Corporate Match,ach,False
D100152,DON1251,2026-05-07,399.98,Year-End Giving,check,True
D101600,DON1021,2026-07-11,195.89,Year-End Giving,credit_card,False
D101290,DON1052,2026-07-05,165.59,Alumni Fund,stock_transfer,False
D101296,DON1251,2025-04-03,184.99,Gala 2026,check,True
D102130,DON1041,2025-12-23,121.26,Monthly Giving,stock_transfer,False
D102298,DON1163,2024-12-09,406.7,Gala 2026,stock_transfer,False
D100024,DON1282,2025-06-19,427.17,Corporate Match,ach,False
D100159,DON1361,2025-04-28,476.67,Monthly Giving,credit_card,True
D100332,DON1333,2024-09-08,228.38,Corporate Match,stock_transfer,False
D101035,DON1370,2024-08-21,214.92,Corporate Match,check,False
D102412,DON1140,2026-08-17,119.98,Alumni Fund,ach,True
D101764,DON1198,2025-07-03,48.28,Gala 2025,check,False
D102033,DON1315,2025-09-24,93.88,Spring Appeal,paypal,False
D102475,DON1072,2026-06-17,208.98,Monthly Giving,check,False
D102088,DON1203,2025-03-08,251.48,Year-End Giving,credit_card,True
D100643,DON1283,2025-09-13,17350.44,Year-End Giving,paypal,False
D101727,DON1255,2025-11-30,361.35,Monthly Giving,paypal,False
D100312,DON1069,2025-06-03,19724.28,Monthly Giving,paypal,False
D100352,DON1246,2026-04-16,159.68,Monthly Giving,credit_card,True
D100549,DON1232,2025-01-02,293.19,Year-End Giving,ach,False
D102320,DON1348,2025-10-28,355.98,Alumni Fund,paypal,False
D101560,DON1274,2026-02-22,198.6,Gala 2025,stock_transfer,True
D101160,DON1125,2025-04-04,110.89,Spring Appeal,credit_card,False
D100307,DON1243,2026-08-04,231.74,Spring Appeal,ach,True
D100288,DON1184,2026-05-26,29.31,Gala 2026,ach,False
D100695,DON1194,2026-05-25,57.89,Gala 2026,credit_card,False
D101559,DON1046,2025-02-06,451.14,Monthly Giving,ach,False
D100631,DON1148,2026-08-01,90.74,Spring Appeal,ach,False
D102061,DON1342,2025-01-20,391.82,Monthly Giving,paypal,False
D101862,DON1379,2025-10-10,488.2,Gala 2026,ach,False
D102443,DON1230,2024-09-28,300.66,Year-End Giving,check,False
D101436,DON1129,2026-04-04,251.38,Year-End Giving,check,False
D101477,DON1078,2025-06-20,98.99,Spring Appeal,ach,True
D100791,DON1349,2025-06-03,363.56,Gala 2025,check,True
D101633,DON1007,2024-11-29,175.9,Gala 2025,stock_transfer,False
D101508,DON1053,2024-09-29,480.27,Alumni Fund,check,False
D101611,DON1044,2025-11-19,432.12,Spring Appeal,credit_card,False
D101656,DON1203,2025-10-31,251.19,Corporate Match,paypal,False
D101562,DON1096,2025-12-28,45.75,Year-End Giving,paypal,False
D101187,DON1064,2026-02-07,220.86,Corporate Match,credit_card,True
D100014,DON1255,2026-08-06,140.69,Spring Appeal,paypal,True
D101394,DON1326,2025-10-25,243.05,Monthly Giving,credit_card,False
D101449,DON1024,2026-03-21,480.27,Corporate Match,paypal,False
D100515,DON1323,2024-10-12,364.8,Monthly Giving,check,False
D100410,DON1185,2026-06-18,406.91,Gala 2025,credit_card,False
D102477,DON1133,2025-04-27,241.09,Alumni Fund,check,False
D100314,DON1311,2025-11-22,198.48,Monthly Giving,ach,False
D101921,DON1272,2024-08-23,297.41,Alumni Fund,paypal,True
D100880,DON1071,2026-01-25,372.51,Gala 2025,credit_card,False
D101903,DON1200,2026-06-16,201.04,Gala 2025,check,False
D101925,DON1220,2026-02-03,32.72,Corporate Match,credit_card,True
D101287,DON1062,2024-10-28,138.9,Alumni Fund,ach,False
D100383,DON1083,2026-01-25,404.14,Alumni Fund,ach,False
D101129,DON1114,2026-03-21,130.17,Alumni Fund,paypal,False
D101668,DON1331,2025-08-31,439.46,Spring Appeal,check,False
D100773,DON1319,2026-03-29,351.78,Spring Appeal,ach,False
D102404,DON1204,2025-12-01,88.38,Monthly Giving,check,False
D102391,DON1131,2026-06-08,82.24,Year-End Giving,paypal,False
D101074,DON1040,2025-06-23,214.08,Alumni Fund,ach,False
D100264,DON1320,2026-03-30,260.64,Corporate Match,check,False
D100946,DON1032,2025-04-11,336.01,Alumni Fund,credit_card,True
D102182,DON1200,2026-05-28,16.39,Corporate Match,paypal,False
D101033,DON1381,2024-11-30,484.48,Corporate Match,ach,True
D100416,DON1086,2026-01-06,19555.45,Corporate Match,check,False
D100991,DON1374,2026-07-15,134.93,Gala 2026,ach,False
D100359,DON1390,2026-01-02,191.02,Spring Appeal,ach,False
D101208,DON1062,2025-07-28,11055.23,Corporate Match,stock_transfer,False
D102156,DON1285,2026-08-11,411.63,Gala 2026,check,False
D100009,DON1023,2025-01-12,324.97,Alumni Fund,paypal,False
D102189,DON1093,2024-11-08,288.98,Gala 2026,credit_card,False
D100317,DON1177,2026-06-25,358.09,Year-End Giving,stock_transfer,False
D100305,DON1310,2025-06-22,446.15,Monthly Giving,ach,False
D100428,DON1146,2026-05-09,141.72,Year-End Giving,credit_card,True
D100106,DON1192,2025-08-21,467.61,Gala 2026,paypal,True
D101534,DON1054,2025-12-12,362.85,Corporate Match,stock_transfer,False
D100122,DON1390,2026-05-01,101.82,Gala 2026,stock_transfer,False
D101888,DON1161,2026-05-04,457.99,Corporate Match,check,False
D101595,DON1044,2026-07-07,436.04,Gala 2025,credit_card,False
D102013,DON1231,2025-06-25,432.67,Year-End Giving,paypal,False
D101358,DON1166,2025-01-28,298.31,Spring Appeal,check,False
D101855,DON1055,2024-11-17,406.76,Alumni Fund,stock_transfer,False
D101267,DON1295,2026-04-23,129.11,Alumni Fund,check,False
D100116,DON1200,2026-02-23,198.08,Corporate Match,ach,False
D101455,DON1236,2025-04-04,486.0,Gala 2025,check,False
D100745,DON1299,2026-03-03,20336.95,Year-End Giving,paypal,False
D101601,DON1186,2024-09-01,99.1,Spring Appeal,paypal,False
D102358,DON1304,2026-01-04,306.66,Gala 2026,ach,False
D100966,DON1113,2025-11-26,304.72,Year-End Giving,credit_card,False
D101284,DON1073,2025-10-13,259.26,Year-End Giving,credit_card,False
D100673,DON1055,2025-10-17,196.01,Year-End Giving,stock_transfer,False
D102330,DON1147,2026-05-12,415.8,Gala 2026,check,False
D102321,DON1223,2026-06-15,271.72,Gala 2025,paypal,False
D101685,DON1192,2026-07-03,331.88,Gala 2026,ach,False
D100310,DON1202,2024-09-10,103.38,Gala 2025,credit_card,False
D100592,DON1099,2024-08-21,126.86,Gala 2026,credit_card,False
D100463,DON1248,2026-01-21,347.9,Monthly Giving,credit_card,False
D102291,DON1190,2026-05-04,142.72,Gala 2026,stock_transfer,False
D101507,DON1131,2026-06-10,296.64,Corporate Match,paypal,False
D101289,DON1142,2025-02-05,339.32,Spring Appeal,check,False
D101934,DON1311,2025-11-15,496.66,Monthly Giving,credit_card,False
D100553,DON1121,2024-08-21,316.36,Corporate Match,paypal,False
D100088,DON1120,2025-05-12,390.27,Year-End Giving,stock_transfer,False
D100691,DON1179,2025-12-01,384.95,Corporate Match,check,False
D101738,DON9688,2025-03-24,303.86,Gala 2026,paypal,False
D101969,DON1232,2026-01-12,59.79,Gala 2026,stock_transfer,True
D102437,DON1217,2024-10-31,414.51,Year-End Giving,credit_card,False
D101660,DON1202,2026-03-12,24.12,Monthly Giving,stock_transfer,False
D101196,DON1125,2025-04-17,314.24,Monthly Giving,check,True
D100801,DON1399,2025-06-13,358.7,Alumni Fund,paypal,True
D102084,DON1026,2026-08-10,239.01,Gala 2025,credit_card,True
D100301,DON1006,2025-05-31,425.93,Alumni Fund,paypal,False
D102244,DON1299,2025-08-10,474.04,Corporate Match,ach,False
D100544,DON1197,2026-04-15,350.09,Gala 2026,paypal,False
D101809,DON1204,2026-04-27,1429873.77,Spring Appeal,check,False
D102239,DON1368,2024-12-31,391.36,Year-End Giving,paypal,False
D100495,DON1225,2026-06-25,169.2,Gala 2026,ach,False
D100366,DON1108,2025-12-03,211.34,Year-End Giving,credit_card,True
D102281,DON1071,2025-01-04,471.01,Monthly Giving,check,False
D101593,DON1295,2025-03-10,211.53,Gala 2026,ach,False
D100274,DON1272,2025-04-16,428.58,Year-End Giving,ach,False
D100789,DON9826,2026-03-10,175.77,Gala 2026,ach,False
D100072,DON1032,2025-03-10,88.26,Corporate Match,stock_transfer,False
D102134,DON1193,2026-02-13,452.48,Alumni Fund,stock_transfer,False
D101861,DON1354,2025-11-29,77.13,Gala 2026,credit_card,False
D100064,DON1020,2025-01-08,442.3,Year-End Giving,credit_card,False
D100395,DON1135,2025-06-04,340.11,Alumni Fund,check,True
D102282,DON1348,2025-11-04,444.28,Spring Appeal,stock_transfer,False
D100344,DON9896,2026-01-26,12.46,Monthly Giving,paypal,False
D101414,DON1013,2025-12-29,39.3,Alumni Fund,paypal,False
D101420,DON1148,2025-11-15,286.13,Corporate Match,check,False
D100501,DON1357,2025-06-02,168.5,Spring Appeal,ach,False
D101718,DON1396,2025-06-29,202.7,Gala 2026,check,False
D100977,DON1370,2025-02-06,128.02,Gala 2026,check,False
D100678,DON1268,2025-01-24,80.25,Gala 2026,stock_transfer,False
D101058,DON1213,2025-06-14,21.76,Gala 2026,paypal,True
D101937,DON1400,2026-06-13,324.46,Alumni Fund,stock_transfer,False
D102124,DON1283,2024-09-08,227.0,Gala 2026,stock_transfer,False
D101570,DON1349,2025-05-02,149.56,Gala 2025,check,False
D100273,DON1325,2024-10-07,44.9,Year-End Giving,stock_transfer,True
D101171,DON1376,2026-01-24,252.63,Year-End Giving,ach,False
D100206,DON1090,2025-03-19,231.58,Corporate Match,stock_transfer,False
D100734,DON1363,2026-07-23,45.8,Monthly Giving,credit_card,True
D100153,DON1148,2024-10-09,373.83,Alumni Fund,paypal,False
D100890,DON1091,2024-08-27,249.42,Year-End Giving,ach,True
D100558,DON1296,2026-04-10,358.94,Gala 2025,paypal,False
D100378,DON1162,2025-08-09,218.78,Monthly Giving,check,False
D101457,DON1263,2024-12-07,497.87,Monthly Giving,check,False
D100536,DON1174,2026-07-12,24.21,Corporate Match,credit_card,True
D101232,DON1019,2024-12-30,181.63,Gala 2026,check,False
D101042,DON1363,2026-05-31,119.73,Monthly Giving,ach,False
D101134,DON9183,2026-06-30,428.86,Spring Appeal,check,False
D100199,DON1267,2026-01-08,234.64,Corporate Match,credit_card,False
D100562,DON1297,2024-12-19,178.34,Alumni Fund,credit_card,False
D100686,DON1221,2024-11-04,230.56,Alumni Fund,paypal,False
D101248,DON1388,2025-05-01,314.55,Alumni Fund,paypal,False
D100591,DON1055,2026-01-25,51.58,Corporate Match,paypal,False
D100520,DON1035,2024-11-19,168.72,Spring Appeal,credit_card,False
D100309,DON1072,2026-01-29,210.51,Gala 2025,stock_transfer,True
D100605,DON1155,2025-11-18,9712.78,Spring Appeal,stock_transfer,False
D102177,DON1329,2026-06-26,380.01,Alumni Fund,paypal,False
D100933,DON1064,2024-11-05,105.17,Gala 2026,check,False
D100060,DON1139,2024-10-27,77.26,Monthly Giving,stock_transfer,False
D100584,DON1330,2026-07-11,136.91,Spring Appeal,credit_card,True
D100908,DON1053,2024-09-26,35.68,Spring Appeal,credit_card,False
D100208,DON1352,2024-12-07,295.34,Gala 2025,credit_card,True
D100492,DON1041,2025-05-20,256.14,Monthly Giving,paypal,False
D101628,DON1324,2026-04-09,222.85,Alumni Fund,ach,True
D100786,DON1175,2025-12-13,140.35,Corporate Match,paypal,False
D102419,DON1160,2024-12-25,223.32,Year-End Giving,ach,False
D102452,DON1088,2025-12-11,25.39,Gala 2026,ach,False
D100793,DON1317,2025-05-11,444.96,Alumni Fund,paypal,False
D100832,DON9178,2025-12-05,354.62,Alumni Fund,paypal,False
D100163,DON1233,2025-08-08,11.21,Alumni Fund,credit_card,False
D101345,DON1336,2026-01-06,21745.47,Alumni Fund,check,False
D100527,DON1017,2024-09-28,439.75,Gala 2025,paypal,False
D100931,DON1003,2026-01-07,365.42,Gala 2026,paypal,False
D100257,DON1234,2025-07-27,107.56,Gala 2025,paypal,False
D100507,DON1007,2024-11-17,276.32,Spring Appeal,stock_transfer,False
D102008,DON1077,2025-12-04,63.46,Alumni Fund,credit_card,True
D102145,DON1247,2025-03-10,72.65,Alumni Fund,credit_card,True
D102251,DON1215,2025-06-08,400.7,Corporate Match,ach,False
D102187,DON1008,2024-12-17,283.43,Monthly Giving,stock_transfer,True
D101592,DON1106,2025-01-17,143.93,Corporate Match,stock_transfer,False
D101939,DON1197,2025-07-12,82.0,Monthly Giving,credit_card,False
D101721,DON1355,2026-06-22,263.33,Corporate Match,credit_card,False
D100021,DON1128,2025-02-18,8720.96,Monthly Giving,paypal,False
D101823,DON1400,2025-08-05,199.77,Corporate Match,check,True
D100440,DON1321,2025-03-07,85.42,Monthly Giving,credit_card,True
D102160,DON1359,2025-05-19,262.2,Corporate Match,paypal,False
D100382,DON1052,2025-04-09,175.83,Monthly Giving,stock_transfer,False
D101388,DON1370,2024-10-24,420.06,Gala 2026,credit_card,False
D101698,DON1357,2025-03-10,272.47,Corporate Match,credit_card,False
D100539,DON1358,2024-12-07,345.39,Corporate Match,paypal,False
D100932,DON1381,2024-08-31,324.11,Monthly Giving,credit_card,False
D101056,DON1289,2024-11-25,160.62,Gala 2026,ach,False
D100084,DON1066,2026-01-18,11.7,Spring Appeal,check,False
D101492,DON1176,2026-06-10,393.16,Gala 2026,credit_card,False
D101235,DON1219,2024-11-18,67.82,Monthly Giving,check,False
D102226,DON1358,2025-09-30,499.12,Spring Appeal,ach,True
D100884,DON1395,2026-05-31,224.95,Alumni Fund,stock_transfer,True
D101261,DON1145,2025-12-16,396.2,Gala 2025,paypal,False
D101512,DON1341,2025-10-18,414.87,Gala 2026,stock_transfer,False
D101798,DON1130,2025-08-01,237.12,Gala 2026,check,False
D100887,DON1017,2026-07-11,476.79,Gala 2025,stock_transfer,False
D100271,DON1094,2026-04-24,330.67,Year-End Giving,check,False
D102016,DON1061,2025-09-26,219.77,Gala 2025,credit_card,True
D101252,DON1152,2024-12-16,311.62,Gala 2025,check,False
D102082,DON1269,2025-01-16,428.34,Spring Appeal,credit_card,True
D102286,DON1188,2025-02-11,125.57,Year-End Giving,check,False
D101643,DON1062,2025-02-19,443.54,Monthly Giving,stock_transfer,False
D101352,DON1159,2026-04-10,97.22,Year-End Giving,stock_transfer,False
D102399,DON1134,2025-04-21,426.5,Year-End Giving,ach,False
D100430,DON1274,2025-06-27,148.24,Year-End Giving,paypal,False
D101211,DON1336,2026-07-26,360.44,Alumni Fund,ach,False
D102216,DON1124,2026-04-03,216.13,Spring Appeal,paypal,False
D102227,DON1290,2026-04-30,15.18,Alumni Fund,paypal,False
D100459,DON9036,2026-04-19,263.63,Gala 2025,credit_card,False
D100928,DON1222,2024-11-18,398.84,Spring Appeal,paypal,False
D100079,DON1289,2025-10-30,405.39,Corporate Match,credit_card,False
D102454,DON1130,2024-10-22,118.51,Monthly Giving,stock_transfer,False
D101627,DON1232,2026-07-11,198.93,Spring Appeal,ach,False
D100033,DON1022,2025-07-16,5909.24,Corporate Match,stock_transfer,False
D100907,DON1346,2025-03-22,33.4,Corporate Match,stock_transfer,False
D101125,DON1082,2026-01-18,402.57,Monthly Giving,credit_card,False
D101430,DON1126,2026-04-21,347.95,Corporate Match,ach,False
D102266,DON1142,2025-05-11,117.32,Year-End Giving,ach,False
D100381,DON1377,2025-08-15,68.35,Year-End Giving,paypal,False
D100227,DON1291,2025-06-03,461.31,Monthly Giving,ach,False
D101405,DON1298,2025-06-28,211.04,Corporate Match,credit_card,False
D101227,DON1266,2025-08-01,205.62,Spring Appeal,stock_transfer,False
D100716,DON1311,2026-02-15,401.48,Spring Appeal,ach,False
D101369,DON1391,2025-10-09,165.99,Year-End Giving,paypal,False
D100687,DON1091,2026-01-14,158.49,Corporate Match,ach,False
D102154,DON1392,2024-10-16,344.26,Monthly Giving,credit_card,False
D101557,DON1223,2025-02-25,250.71,Gala 2025,stock_transfer,False
D100306,DON1175,2025-12-24,119.23,Gala 2026,check,False
D100210,DON1026,2025-12-03,412.63,Gala 2026,paypal,True
D102176,DON1048,2025-02-22,125.26,Monthly Giving,check,False
D102397,DON1073,2025-02-11,376.73,Year-End Giving,ach,False
D101065,DON1219,2026-07-03,54.32,Year-End Giving,ach,False
D101104,DON1043,2026-02-02,50.04,Alumni Fund,paypal,False
D101985,DON1153,2025-12-07,370.36,Monthly Giving,stock_transfer,False
D101713,DON1290,2025-03-01,212.62,Corporate Match,check,False
D101214,DON1298,2026-02-20,207.85,Spring Appeal,credit_card,False
D101561,DON1223,2026-03-15,97.36,Gala 2025,credit_card,False
D101002,DON1235,2025-12-05,401.25,Monthly Giving,check,False
D101458,DON1295,2025-04-06,47.02,Spring Appeal,stock_transfer,False
D100192,DON1369,2025-10-08,290.05,Spring Appeal,stock_transfer,False
D101353,DON1097,2025-10-09,489.85,Gala 2025,paypal,False
D101387,DON1041,2024-09-16,157.97,Gala 2026,credit_card,True
D102482,DON1308,2025-10-11,28.34,Gala 2026,stock_transfer,False
D100484,DON1116,2026-07-27,331.9,Spring Appeal,paypal,False
D102408,DON1394,2026-07-08,299.79,Gala 2025,stock_transfer,False
D100916,DON1356,2025-02-16,383.24,Corporate Match,check,False
D101502,DON1125,2024-11-15,215.31,Monthly Giving,ach,False
D100278,DON1003,2024-12-01,192.82,Spring Appeal,check,False
D101049,DON1386,2026-07-25,367.61,Gala 2026,check,True
D100222,DON1166,2026-03-20,355.3,Year-End Giving,credit_card,False
D102317,DON1241,2025-08-30,280.1,Gala 2026,credit_card,False
D100572,DON1243,2025-07-17,223.02,Gala 2025,paypal,False
D100412,DON1182,2025-03-08,389.62,Gala 2026,credit_card,False
D102481,DON1112,2026-06-25,43.64,Year-End Giving,ach,False
D100999,DON1093,2025-07-01,484.32,Monthly Giving,stock_transfer,False
D100994,DON1079,2024-12-05,195.68,Monthly Giving,ach,True
D100586,DON1137,2026-03-28,201.75,Spring Appeal,stock_transfer,False
D101894,DON1339,2025-11-08,93.42,Monthly Giving,paypal,False
D101448,DON1226,2024-12-01,129.14,Gala 2025,paypal,False
D100403,DON9691,2024-11-09,169.46,Monthly Giving,check,True
D101646,DON1305,2025-12-07,469.08,Gala 2026,check,True
D100675,DON1021,2025-08-21,198.54,Gala 2026,stock_transfer,False
D101212,DON1156,2025-12-23,421.27,Gala 2026,paypal,False
D100856,DON1398,2026-01-26,305.63,Gala 2025,check,False
D100448,DON1035,2026-02-18,97.53,Spring Appeal,ach,True
D101026,DON1141,2026-04-09,218.89,Monthly Giving,ach,True
D101195,DON1015,2026-02-01,20335.39,Spring Appeal,ach,False
D100223,DON1038,2025-08-22,203.84,Spring Appeal,check,False
D102127,DON1226,2025-03-06,287.94,Corporate Match,credit_card,False
D102248,DON1070,2024-08-27,22927.69,Gala 2025,paypal,False
D101673,DON1239,2025-02-15,292.61,Spring Appeal,credit_card,False
D101599,DON1144,2024-10-15,488.3,Corporate Match,ach,False
D101765,DON1021,2024-09-04,244.93,Gala 2025,check,True
D100046,DON1171,2025-12-26,82.98,Monthly Giving,ach,False
D102212,DON1393,2026-06-23,53.16,Monthly Giving,stock_transfer,False
D101076,DON1147,2025-04-03,324.8,Monthly Giving,ach,False
D100962,DON1060,2025-05-02,176.72,Monthly Giving,ach,False
D100295,DON1086,2024-09-26,38.74,Alumni Fund,ach,True
D101194,DON1258,2026-04-22,239.51,Gala 2026,paypal,False
D100989,DON1181,2024-11-08,347.09,Corporate Match,credit_card,False
D100589,DON1029,2025-01-13,54.43,Monthly Giving,check,True
D102258,DON1196,2025-03-07,34.67,Alumni Fund,check,False
D100258,DON1064,2025-01-29,249.51,Gala 2026,ach,False
D101837,DON1127,2025-09-13,327.76,Monthly Giving,credit_card,False
D101304,DON1284,2026-03-25,113.13,Monthly Giving,ach,False
D100927,DON1041,2025-04-20,195.08,Gala 2026,paypal,False
D102479,DON1237,2025-08-22,354.14,Monthly Giving,paypal,True
D101567,DON1212,2024-11-30,102.85,Alumni Fund,paypal,False
D100437,DON1342,2026-01-09,320.13,Gala 2025,credit_card,True
D102402,DON1086,2026-02-20,344.73,Alumni Fund,stock_transfer,False
D101763,DON1027,2026-05-27,323.61,Spring Appeal,check,False
D100394,DON1113,2026-05-31,164.71,Gala 2025,stock_transfer,False
D100426,DON9383,2026-06-14,224.18,Year-End Giving,ach,False
D100535,DON1164,2025-11-03,403.96,Monthly Giving,ach,True
D100031,DON1326,2025-05-25,316.26,Monthly Giving,stock_transfer,True
D101011,DON1136,2026-05-20,288.73,Year-End Giving,check,False
D101334,DON1124,2026-05-18,198.91,Gala 2026,check,False
D102103,DON1305,2025-10-09,337.31,Year-End Giving,stock_transfer,False
D101030,DON1311,2026-01-11,474.68,Gala 2025,check,False
D100747,DON1055,2024-11-04,49.72,Alumni Fund,paypal,False
D101799,DON1382,2025-12-02,164.25,Alumni Fund,stock_transfer,False
D101607,DON1389,2025-11-12,173.13,Spring Appeal,ach,False
D101305,DON1203,2026-01-04,402.63,Gala 2025,check,False
D101751,DON1309,2026-05-10,59.74,Alumni Fund,ach,False
D102235,DON1321,2025-06-19,118.48,Corporate Match,check,False
D101454,DON1379,2025-10-15,453.5,Gala 2026,ach,True
D100557,DON1233,2026-04-01,230.52,Gala 2025,ach,True
D101510,DON1371,2026-03-24,323.73,Gala 2025,paypal,False
D101993,DON1387,2024-08-22,313.57,Corporate Match,paypal,False
D102252,DON1096,2025-11-12,237.05,Spring Appeal,stock_transfer,True
D100571,DON1244,2025-12-23,378.69,Monthly Giving,ach,False
D100353,DON1144,2026-04-06,273.92,Gala 2025,credit_card,False
D100092,DON1214,2026-03-28,100.1,Monthly Giving,paypal,False
D102128,DON1161,2024-10-09,70.82,Year-End Giving,stock_transfer,False
D101079,DON1381,2024-11-29,117.26,Year-End Giving,stock_transfer,False
D101057,DON1137,2024-11-06,414.21,Spring Appeal,stock_transfer,False
D101944,DON1371,2026-01-28,169.63,Corporate Match,stock_transfer,False
D102105,DON1201,2026-04-26,465.81,Gala 2026,credit_card,False
D100349,DON1052,2025-09-20,104.81,Gala 2026,paypal,False
D102024,DON1363,2025-12-28,371.15,Year-End Giving,credit_card,True
D101901,DON1342,2025-02-14,87.71,Year-End Giving,paypal,False
D101489,DON9493,2025-07-04,318.07,Alumni Fund,stock_transfer,False
D101048,DON1321,2026-08-03,410.26,Year-End Giving,check,False
D102394,DON1315,2024-10-18,488.24,Spring Appeal,paypal,False
D102380,DON1234,2026-06-23,224.39,Gala 2026,ach,False
D102091,DON1090,2025-09-15,113.36,Corporate Match,stock_transfer,False
D100454,DON1092,2026-02-23,375.59,Alumni Fund,stock_transfer,False
D100914,DON1112,2025-06-27,254.79,Spring Appeal,stock_transfer,False
D101707,DON1229,2025-11-17,283.11,Gala 2026,credit_card,False
D100038,DON1127,2025-12-16,473.24,Alumni Fund,stock_transfer,False
D100975,DON1076,2026-03-30,342.93,Year-End Giving,credit_card,True
D101790,DON1037,2026-07-01,41.82,Monthly Giving,check,True
D101407,DON1292,2025-04-20,476.4,Spring Appeal,stock_transfer,False
D100040,DON1256,2025-08-26,54.12,Gala 2026,stock_transfer,False
D101274,DON1038,2025-04-21,460.13,Gala 2026,check,True
D100170,DON1068,2025-11-17,228.08,Spring Appeal,check,False
D102076,DON1210,2025-05-15,236.35,Year-End Giving,check,True
D101114,DON1268,2026-02-08,463.91,Gala 2026,paypal,False
D101356,DON1148,2025-12-17,256.84,Alumni Fund,check,True
D100635,DON1272,2025-02-11,159.0,Year-End Giving,check,True
D101642,DON1161,2026-01-14,413.83,Corporate Match,ach,False
D100580,DON1130,2025-01-19,47.1,Gala 2026,check,False
D101577,DON1337,2025-04-12,13810.61,Alumni Fund,ach,False
D100893,DON1036,2024-12-17,111.18,Alumni Fund,ach,False
D100781,DON1286,2024-12-28,348.17,Monthly Giving,stock_transfer,False
D100160,DON1211,2026-06-14,434.85,Year-End Giving,ach,False
D101270,DON1065,2025-05-23,455.54,Corporate Match,stock_transfer,False
D101186,DON1156,2025-03-29,154.42,Gala 2026,credit_card,False
D100062,DON1003,2025-10-14,87.39,Corporate Match,paypal,False
D100850,DON1053,2025-03-09,154.51,Gala 2026,paypal,True
D102472,DON1035,2024-09-14,126.05,Alumni Fund,ach,False
D102435,DON1115,2025-06-22,371.21,Corporate Match,credit_card,False
D101044,DON1060,2025-08-28,4127156.74,Monthly Giving,check,False
D101386,DON1168,2025-05-02,488.65,Corporate Match,credit_card,False
D101423,DON1076,2026-06-07,363.36,Corporate Match,stock_transfer,False
D101071,DON1283,2026-04-02,128.82,Alumni Fund,ach,True
D100054,DON1340,2025-06-22,478.78,Gala 2026,stock_transfer,False
D101588,DON1098,2026-05-21,367.36,Alumni Fund,stock_transfer,False
D100506,DON1394,2026-06-10,98.54,Year-End Giving,ach,True
D100753,DON1351,2025-04-04,57.09,Gala 2025,stock_transfer,True
D101419,DON1170,2026-03-20,288.43,Monthly Giving,credit_card,False
D101463,DON1115,2026-06-22,270.86,Corporate Match,ach,False
D101438,DON1058,2025-07-23,248.91,Gala 2025,stock_transfer,False
D101091,DON1079,2026-06-17,57.73,Spring Appeal,ach,False
D102135,DON1211,2025-02-12,138.44,Spring Appeal,check,False
D100772,DON1217,2026-06-10,141.25,Corporate Match,paypal,False
D102363,DON9310,2025-03-27,159.15,Spring Appeal,ach,False
D102257,DON1374,2026-06-18,377.32,Corporate Match,paypal,True
D101086,DON1258,2025-09-19,83.59,Monthly Giving,paypal,False
D102141,DON1391,2025-10-08,441.86,Corporate Match,paypal,False
D101224,DON1321,2026-03-04,48.29,Alumni Fund,stock_transfer,False
D101180,DON1113,2025-02-18,253.94,Year-End Giving,stock_transfer,False
D101404,DON1205,2025-12-20,173.69,Gala 2026,ach,False
D101400,DON1050,2025-03-06,64.21,Gala 2025,ach,False
D101271,DON1147,2024-10-13,210.17,Monthly Giving,ach,False
D100964,DON1098,2026-04-06,166.63,Gala 2025,ach,False
D101191,DON1306,2025-06-10,342.67,Gala 2025,stock_transfer,True
D100399,DON1278,2025-12-04,191.89,Gala 2025,paypal,False
D100585,DON1398,2025-04-25,82.94,Corporate Match,credit_card,False
D100949,DON1194,2025-10-28,437.81,Alumni Fund,credit_card,True
D100705,DON1033,2024-11-08,140.8,Gala 2025,ach,False
D100432,DON1017,2025-04-23,476.31,Spring Appeal,check,False
D100293,DON1088,2024-09-12,477.99,Gala 2025,credit_card,False
D101902,DON1370,2026-07-25,114.8,Gala 2025,check,True
D102418,DON1267,2025-07-05,199.98,Gala 2026,check,False
D101568,DON9710,2026-01-27,230.07,Corporate Match,ach,True
D100003,DON1271,2025-07-21,126.44,Spring Appeal,credit_card,False
D100577,DON1351,2024-08-21,148.82,Year-End Giving,credit_card,True
D101916,DON1014,2024-08-23,7134.92,Alumni Fund,paypal,True
D100340,DON1004,2026-06-14,380.42,Monthly Giving,credit_card,False
D101724,DON1097,2026-04-25,78.25,Alumni Fund,check,True
D100926,DON1091,2025-07-31,292.45,Corporate Match,ach,False
D100266,DON1365,2026-06-22,102.3,Monthly Giving,ach,False
D100377,DON1364,2025-05-15,15450.81,Monthly Giving,credit_card,False
D100272,DON1216,2024-12-19,137.67,Gala 2025,paypal,False
D100697,DON1255,2024-11-07,46.91,Alumni Fund,stock_transfer,False
D101663,DON1321,2026-08-17,423.35,Year-End Giving,stock_transfer,True
D100245,DON1109,2026-03-18,217.45,Corporate Match,paypal,False
D101923,DON1215,2026-01-08,27.88,Corporate Match,check,True
D100477,DON1358,2024-11-25,453.96,Monthly Giving,credit_card,False
D102155,DON1204,2025-10-22,153.8,Corporate Match,ach,False
D101230,DON1289,2024-10-14,385.13,Spring Appeal,check,False
D101322,DON1281,2025-06-10,7351.67,Gala 2025,check,False
D101200,DON1105,2026-03-18,483.97,Year-End Giving,ach,False
D101338,DON1287,2026-05-03,103.58,Gala 2025,ach,False
D100251,DON1312,2026-03-07,203.94,Gala 2025,ach,True
D100414,DON1037,2026-02-21,163.61,Corporate Match,check,False
D101745,DON1252,2026-02-26,217.83,Gala 2026,check,False
D101695,DON1324,2025-03-18,377.04,Year-End Giving,stock_transfer,False
D100311,DON1325,2025-02-21,388.35,Gala 2026,paypal,False
D100894,DON1341,2025-09-14,470.19,Monthly Giving,ach,False
D101132,DON1107,2025-10-06,20.76,Spring Appeal,paypal,False
D102447,DON1305,2025-09-28,254.03,Monthly Giving,check,False
D100016,DON1219,2025-10-11,229.09,Corporate Match,check,False
D100722,DON1181,2025-09-07,278.39,Gala 2025,paypal,False
D102213,DON1104,2025-03-19,50.49,Alumni Fund,credit_card,True
D100982,DON1167,2025-12-23,399.66,Year-End Giving,paypal,False
D102126,DON1316,2024-11-16,458.42,Corporate Match,stock_transfer,False
D102025,DON1331,2025-09-05,55.38,Gala 2026,credit_card,False
D100364,DON1226,2025-02-07,325.3,Year-End Giving,ach,True
D101953,DON1308,2025-01-03,40.68,Spring Appeal,credit_card,False
D100183,DON1391,2024-11-03,42.4,Corporate Match,paypal,False
D100986,DON1288,2025-09-27,51.46,Spring Appeal,stock_transfer,False
D102228,DON1026,2025-07-12,115.15,Corporate Match,ach,False
D101262,DON1151,2025-12-09,31.86,Year-End Giving,stock_transfer,True
D101360,DON1240,2025-12-19,225.11,Monthly Giving,paypal,False
D101122,DON1008,2025-08-26,421.98,Monthly Giving,stock_transfer,False
D100188,DON1365,2024-11-04,253.11,Monthly Giving,check,True
D100620,DON1112,2026-07-08,327.34,Spring Appeal,credit_card,False
D102386,DON1212,2025-07-11,442.72,Gala 2026,credit_card,False
D100615,DON1314,2025-09-26,280.85,Year-End Giving,credit_card,False
D101658,DON1085,2026-06-26,13.6,Corporate Match,stock_transfer,False
D100995,DON1057,2026-05-18,171.39,Spring Appeal,check,False
D100935,DON1377,2025-07-04,461.52,Gala 2025,credit_card,False
D100372,DON1215,2025-03-19,96.94,Monthly Giving,stock_transfer,True
D101377,DON1217,2026-05-14,136.74,Corporate Match,credit_card,False
D100594,DON1370,2026-03-10,405.48,Corporate Match,stock_transfer,False
D100727,DON1286,2025-08-26,454.35,Gala 2026,ach,False
D101892,DON1126,2026-05-30,53.46,Corporate Match,stock_transfer,False
D100688,DON1367,2025-09-26,288.74,Gala 2026,stock_transfer,False
D102217,DON1223,2026-07-30,104.94,Monthly Giving,ach,False
D100137,DON1221,2025-07-12,118.78,Corporate Match,stock_transfer,False
D100629,DON1063,2024-12-24,414.44,Gala 2025,paypal,False
D100335,DON1334,2024-12-22,474.62,Year-End Giving,stock_transfer,False
D101522,DON1370,2025-01-18,314.68,Corporate Match,ach,False
D101848,DON1340,2025-11-26,144.21,Spring Appeal,check,True
D101110,DON1231,2026-01-04,320.8,Corporate Match,stock_transfer,True
D101238,DON1161,2025-07-16,129.68,Gala 2025,ach,False
D101835,DON1380,2026-06-16,475.0,Monthly Giving,credit_card,True
D100711,DON1268,2025-03-10,389.81,Monthly Giving,check,False
D101040,DON1206,2026-08-14,11.76,Monthly Giving,ach,False
D101625,DON1246,2025-06-18,249.65,Monthly Giving,ach,False
D101487,DON1075,2025-05-12,26.77,Alumni Fund,paypal,False
D102322,DON1386,2025-11-02,490.04,Year-End Giving,ach,True
D101113,DON1064,2025-10-13,233.44,Gala 2026,check,False
D100466,DON1324,2025-04-08,30.18,Monthly Giving,stock_transfer,True
D101399,DON1381,2026-07-26,461.38,Year-End Giving,paypal,False
D102497,DON1277,2026-06-30,431.34,Spring Appeal,paypal,True
D102085,DON1300,2025-06-27,280.5,Alumni Fund,stock_transfer,False
D101105,DON1343,2025-05-13,36.33,Gala 2026,check,False
D102172,DON1264,2026-03-13,282.95,Year-End Giving,ach,True
D100339,DON1133,2025-01-31,208.18,Gala 2025,credit_card,False
D102489,DON1221,2025-10-10,35.8,Monthly Giving,stock_transfer,False
D102113,DON1001,2026-04-08,396.78,Year-End Giving,check,False
D101311,DON1381,2025-02-20,109.31,Gala 2025,stock_transfer,False
D101205,DON1222,2026-04-16,7833.72,Corporate Match,ach,True
D102120,DON1385,2025-08-10,71.04,Spring Appeal,paypal,False
D100817,DON1252,2024-12-19,13740.35,Gala 2026,credit_card,False
D101068,DON1043,2025-12-04,293.16,Corporate Match,ach,False
D100275,DON1235,2026-02-20,98.37,Spring Appeal,paypal,False
D101930,DON1218,2024-11-08,79.87,Year-End Giving,stock_transfer,False
D100866,DON1057,2025-05-07,233.54,Gala 2025,check,False
D100102,DON1256,2025-10-07,175.41,Alumni Fund,paypal,False
D101583,DON1326,2025-12-02,85.04,Monthly Giving,check,False
D100108,DON1221,2026-07-03,62.44,Spring Appeal,stock_transfer,True
D101132,DON1107,2025-10-06,20.76,Spring Appeal,paypal,False
D101525,DON1092,2025-08-31,107.32,Spring Appeal,stock_transfer,False
D101651,DON1084,2024-12-05,379.78,Gala 2025,check,True
D101973,DON1225,2025-07-30,414.9,Alumni Fund,stock_transfer,False
D101408,DON1283,2024-08-31,457.47,Gala 2026,check,False
D101762,DON1225,2026-01-02,359.32,Gala 2025,ach,False
D102034,DON1300,2025-03-28,281.04,Year-End Giving,ach,False
D102051,DON1312,2024-12-18,33.72,Year-End Giving,ach,True
D100713,DON1217,2025-09-28,114.91,Gala 2025,paypal,False
D100073,DON1395,2025-07-25,458.9,Gala 2025,check,False
D101849,DON1032,2024-09-17,376.68,Monthly Giving,check,False
D102428,DON9364,2026-08-18,214.79,Alumni Fund,stock_transfer,True
D100482,DON1157,2025-10-26,86.93,Gala 2025,check,False
D101711,DON1246,2024-10-17,280.99,Corporate Match,stock_transfer,False
D102292,DON1033,2025-02-17,71.97,Year-End Giving,check,False
D101172,DON1306,2026-03-15,8701.58,Corporate Match,stock_transfer,False
D102059,DON1066,2025-06-28,104.89,Alumni Fund,check,False
D101476,DON1379,2025-11-24,213.29,Year-End Giving,paypal,True
D100406,DON1052,2025-05-06,282.12,Alumni Fund,paypal,True
D100758,DON1025,2026-05-11,261.57,Monthly Giving,paypal,False
D101445,DON1202,2024-12-17,23799.75,Spring Appeal,paypal,False
D102164,DON1387,2025-03-14,167.04,Corporate Match,stock_transfer,True
D101661,DON1058,2026-03-09,373.98,Alumni Fund,ach,False
D102229,DON1336,2025-08-24,225.68,Monthly Giving,check,True
D100744,DON1146,2024-10-15,259.28,Gala 2025,stock_transfer,False
D100807,DON1192,2026-01-03,397.69,Year-End Giving,stock_transfer,False
D102332,DON1338,2025-08-23,488.9,Gala 2025,credit_card,True
D102389,DON1079,2025-11-05,82.69,Monthly Giving,credit_card,True
D101947,DON1282,2025-01-23,209.05,Alumni Fund,check,False
D102023,DON1379,2025-01-01,151.08,Spring Appeal,stock_transfer,False
D100149,DON1096,2026-07-26,460.39,Year-End Giving,stock_transfer,True
D101265,DON1115,2025-04-08,318.86,Corporate Match,paypal,False
D101478,DON1207,2025-10-09,139.94,Gala 2025,credit_card,False
D100693,DON1034,2024-12-02,93.19,Monthly Giving,check,True
D100819,DON1079,2025-07-07,92.9,Monthly Giving,check,True
D101805,DON1281,2026-05-24,233.65,Gala 2025,check,True
D101484,DON1067,2026-03-16,333.01,Corporate Match,credit_card,False
D101761,DON1389,2024-12-21,157.97,Year-End Giving,ach,True
D100702,DON1096,2025-03-25,481.44,Corporate Match,paypal,False
D102234,DON1110,2025-05-14,352.38,Alumni Fund,check,True
D100922,DON1376,2025-08-01,274.26,Corporate Match,ach,False
D100906,DON1040,2025-05-02,10465.05,Gala 2026,check,True
D100455,DON1341,2025-02-06,398.31,Monthly Giving,paypal,False
D101645,DON1330,2026-05-06,237.82,Year-End Giving,paypal,False
D102214,DON1079,2025-09-03,309.28,Year-End Giving,ach,True
D101424,DON1088,2024-10-13,297.7,Monthly Giving,check,False
D100168,DON1141,2026-02-13,50.39,Corporate Match,ach,True
D100731,DON1106,2024-08-27,148.65,Corporate Match,ach,False
D101621,DON1177,2026-01-07,330.87,Corporate Match,check,False
D100027,DON1369,2026-06-01,210.62,Monthly Giving,credit_card,True
D101383,DON1153,2024-09-05,185.05,Spring Appeal,stock_transfer,False
D101565,DON1127,2026-06-01,461.87,Corporate Match,stock_transfer,False
D100998,DON1293,2026-03-01,307.66,Spring Appeal,ach,False
D101177,DON1049,2026-01-02,174.48,Gala 2026,check,False
D101041,DON9951,2025-07-20,356.8,Monthly Giving,check,False
D101666,DON1128,2025-02-03,10.13,Spring Appeal,stock_transfer,True
D102118,DON1369,2025-08-09,8731.61,Year-End Giving,credit_card,False
D101938,DON1390,2025-10-08,445.68,Gala 2025,ach,False
D100042,DON9111,2024-11-01,366.48,Alumni Fund,paypal,False
D101291,DON1019,2025-01-30,130.5,Monthly Giving,paypal,False
D101671,DON1234,2025-03-11,283.15,Gala 2025,credit_card,False
D102424,DON1050,2026-03-06,107.59,Corporate Match,stock_transfer,True
D101415,DON1021,2026-02-28,260.66,Corporate Match,paypal,False
D101293,DON1046,2025-05-02,377.23,Spring Appeal,paypal,True
D100610,DON1304,2024-09-22,376.07,Gala 2025,ach,False
D101133,DON1352,2025-03-28,320.44,Gala 2026,ach,True
D100029,DON1067,2024-12-15,37.15,Spring Appeal,stock_transfer,True
D100442,DON1371,2025-07-09,247.8,Gala 2026,stock_transfer,False
D101392,DON1067,2026-04-26,397.23,Corporate Match,check,True
D101622,DON1032,2026-04-12,369.13,Monthly Giving,paypal,True
D100494,DON1139,2026-03-19,338.96,Year-End Giving,ach,True
D101259,DON1181,2026-04-10,125.0,Spring Appeal,credit_card,False
D102122,DON1380,2025-11-16,376.29,Alumni Fund,stock_transfer,True
D100237,DON1252,2026-06-15,219.53,Gala 2025,stock_transfer,False
D100552,DON1028,2024-10-02,6040271.76,Gala 2025,credit_card,False
D100521,DON1371,2026-06-22,417.7,Year-End Giving,check,False
D101709,DON1006,2026-07-16,15.96,Monthly Giving,check,False
D101233,DON1117,2026-03-11,389.07,Alumni Fund,ach,False
D101139,DON1099,2025-09-28,424.56,Corporate Match,check,False
D100721,DON1171,2025-10-17,411.92,Alumni Fund,ach,False
D101958,DON1009,2025-03-03,303.43,Gala 2026,ach,True
D102231,DON1182,2025-10-12,189.42,Spring Appeal,ach,False
D100059,DON1366,2025-03-11,331.43,Corporate Match,paypal,False
D100632,DON1267,2026-05-10,13330.73,Corporate Match,stock_transfer,False
D101182,DON1348,2026-04-19,493.79,Monthly Giving,ach,False
D101689,DON1098,2025-04-26,69.33,Year-End Giving,credit_card,True
D100593,DON1256,2025-12-17,230.16,Spring Appeal,credit_card,False
D102316,DON1114,2026-04-19,121.05,Gala 2026,credit_card,False
D100940,DON1177,2026-05-21,112.67,Corporate Match,paypal,False
D102350,DON1357,2024-11-20,34.28,Gala 2025,stock_transfer,False
D101250,DON1238,2026-02-20,386.82,Gala 2025,ach,False
D100905,DON1083,2025-02-21,7010.3,Gala 2025,credit_card,False
D101280,DON1266,2026-04-20,423.59,Gala 2026,check,False
D102233,DON1007,2025-09-12,68.07,Gala 2025,check,True
D102423,DON1229,2024-11-23,298.18,Monthly Giving,stock_transfer,False
D101584,DON1375,2024-10-20,499.58,Year-End Giving,check,False
D101464,DON1182,2026-03-07,292.66,Year-End Giving,ach,False
D102205,DON1180,2025-12-13,379.0,Spring Appeal,credit_card,True
D101962,DON1274,2026-04-11,107.24,Gala 2026,ach,True
D100707,DON1224,2025-01-19,108.98,Gala 2025,ach,True
D101023,DON1127,2026-01-22,101.56,Gala 2025,credit_card,False
D100746,DON1256,2026-03-03,22.72,Corporate Match,credit_card,False
D101879,DON1359,2025-02-12,284.43,Gala 2026,stock_transfer,False
D101468,DON1228,2025-10-21,112.21,Spring Appeal,paypal,False
D100514,DON1169,2025-12-13,350.96,Monthly Giving,credit_card,True
D100082,DON1331,2026-03-25,446.75,Gala 2026,paypal,False
D102384,DON1235,2026-08-09,294.95,Corporate Match,credit_card,True
D100915,DON1292,2026-05-14,303.93,Corporate Match,paypal,False
D100669,DON1047,2025-07-07,145.91,Monthly Giving,check,False
D101867,DON1052,2026-04-11,463.16,Gala 2025,credit_card,False
D100151,DON1197,2026-07-29,252.54,Corporate Match,paypal,False
D100775,DON1367,2024-09-22,153.76,Corporate Match,paypal,False
D100330,DON1259,2024-10-27,207.67,Gala 2025,ach,False
D100007,DON1284,2025-05-02,31.33,Gala 2026,check,False
D100944,DON1210,2025-12-11,63.51,Corporate Match,ach,True
D102119,DON1262,2026-01-29,416.73,Spring Appeal,ach,False
D100735,DON1242,2024-11-11,470.27,Alumni Fund,stock_transfer,False
D100910,DON1099,2025-02-06,479.79,Spring Appeal,ach,False
D100469,DON1205,2026-06-01,222.9,Corporate Match,ach,False
D100182,DON1159,2026-08-17,487.41,Year-End Giving,stock_transfer,False
D100165,DON1254,2026-06-27,175.5,Monthly Giving,ach,False
D100452,DON1316,2025-05-11,44.49,Gala 2025,credit_card,False
D100491,DON1314,2025-02-06,310.06,Monthly Giving,ach,False
D101437,DON1331,2026-08-07,132.02,Gala 2025,stock_transfer,False
D101144,DON1166,2024-09-28,130.21,Year-End Giving,check,False
D101312,DON1048,2026-07-21,146.49,Gala 2025,stock_transfer,False
D101744,DON1331,2025-11-28,402.05,Gala 2026,stock_transfer,False
D101112,DON1348,2025-09-13,21275.59,Spring Appeal,check,False
D102405,DON1232,2025-12-31,399.45,Year-End Giving,check,False
D101350,DON1094,2024-10-31,299.66,Spring Appeal,ach,False
D102491,DON1120,2025-11-19,176.79,Spring Appeal,credit_card,False
D102353,DON1314,2026-01-27,212.83,Gala 2026,ach,False
D102438,DON1268,2024-10-06,140.54,Alumni Fund,credit_card,False
D101558,DON1255,2026-04-20,387.71,Corporate Match,credit_card,False
D102493,DON1265,2025-08-07,451.46,Corporate Match,stock_transfer,False
D101779,DON1076,2024-09-30,117.29,Year-End Giving,paypal,False
D101841,DON1303,2024-12-12,141.99,Monthly Giving,credit_card,False
D100328,DON1080,2026-05-25,302.47,Alumni Fund,stock_transfer,False
D100443,DON1098,2025-06-28,168.6,Gala 2026,check,False
D102314,DON1338,2026-02-28,82.7,Year-End Giving,paypal,False
D101421,DON1291,2024-09-22,225.53,Gala 2025,ach,False
D100833,DON1333,2024-09-09,447.36,Alumni Fund,paypal,False
D101950,DON1161,2026-04-18,377.71,Gala 2025,ach,False
D101942,DON1209,2025-12-06,16158.17,Year-End Giving,paypal,False
D101452,DON1302,2026-04-29,53.12,Year-End Giving,check,False
D100087,DON1305,2026-01-18,354.61,Spring Appeal,ach,False
D102465,DON1155,2025-12-17,395.82,Year-End Giving,credit_card,False
D100778,DON1253,2024-12-03,33.05,Spring Appeal,check,False
D101538,DON1361,2025-04-21,204.16,Corporate Match,paypal,False
D100055,DON1396,2025-08-18,403.79,Gala 2025,stock_transfer,False
D101926,DON1400,2026-05-04,472.49,Alumni Fund,credit_card,False
D101288,DON1060,2025-05-16,374.7,Year-End Giving,credit_card,False
D101733,DON1291,2024-12-24,488.65,Corporate Match,check,False
D101617,DON1254,2025-10-14,151.15,Corporate Match,stock_transfer,False
D101246,DON1106,2025-03-04,270.92,Corporate Match,check,True
D100114,DON1144,2026-07-20,26.12,Alumni Fund,check,True
D102366,DON1170,2026-01-22,421.4,Spring Appeal,stock_transfer,False
D100988,DON1151,2026-02-14,292.77,Corporate Match,check,False
D101935,DON1094,2025-03-03,232.02,Gala 2025,stock_transfer,False
D101614,DON1236,2024-09-15,335.82,Monthly Giving,credit_card,True
D101010,DON1058,2025-08-07,417.55,Alumni Fund,credit_card,False
D101199,DON1354,2024-08-28,372.83,Corporate Match,stock_transfer,False
D100590,DON1393,2024-08-31,281.69,Gala 2026,ach,False
D100769,DON1292,2026-03-14,173.59,Spring Appeal,paypal,False
D100018,DON1348,2026-01-13,425.85,Corporate Match,paypal,True
D101043,DON1143,2025-11-15,397.4,Corporate Match,ach,False
D102068,DON1329,2024-10-27,434.56,Spring Appeal,ach,True
D100286,DON1340,2025-01-14,353.36,Gala 2026,credit_card,False
D100429,DON1327,2025-11-27,353.23,Gala 2026,ach,False
D101972,DON1266,2025-02-12,290.53,Gala 2025,paypal,False
D101396,DON1017,2025-11-07,48.52,Gala 2026,stock_transfer,False
D100670,DON1400,2025-07-29,289.42,Spring Appeal,stock_transfer,False
D100032,DON1304,2024-08-20,332.78,Corporate Match,stock_transfer,False
D101342,DON1312,2024-09-21,241.99,Alumni Fund,stock_transfer,False
D100723,DON1329,2026-07-26,397.6,Year-End Giving,credit_card,False
D100952,DON1002,2026-01-21,408.18,Spring Appeal,check,False
D101813,DON1332,2025-01-06,58.74,Corporate Match,check,True
D100215,DON1014,2025-06-21,448.92,Alumni Fund,check,True
D101838,DON1112,2026-01-31,371.55,Alumni Fund,stock_transfer,False
D101165,DON1055,2025-05-23,448.11,Year-End Giving,check,True
D100327,DON1021,2026-03-22,73.73,Monthly Giving,check,True
D100561,DON1313,2026-04-03,373.43,Corporate Match,credit_card,False
D101087,DON1020,2025-04-07,236.92,Corporate Match,credit_card,False
D101880,DON1028,2026-08-16,123.58,Year-End Giving,ach,False
D100342,DON1203,2026-01-02,86.6,Year-End Giving,ach,False
D100148,DON1060,2025-04-23,260.3,Gala 2026,stock_transfer,True
D101890,DON1394,2026-07-24,383.98,Monthly Giving,stock_transfer,False
D102011,DON1270,2025-06-12,207.07,Year-End Giving,check,False
D101108,DON1316,2024-11-29,413.52,Corporate Match,check,True
D100849,DON1034,2024-10-06,403.17,Spring Appeal,check,False
D100967,DON1353,2025-08-20,356.2,Gala 2026,ach,False
D101073,DON1298,2025-03-18,436.53,Spring Appeal,ach,False
D100156,DON1231,2025-10-24,52.62,Alumni Fund,credit_card,False
D101710,DON9902,2026-05-28,129.4,Gala 2026,ach,True
D101648,DON1189,2024-12-24,193.76,Spring Appeal,paypal,False
D101003,DON1368,2025-01-17,159.54,Alumni Fund,credit_card,False
D101895,DON1021,2024-11-01,111.88,Gala 2026,stock_transfer,False
D102114,DON1257,2025-02-22,223.6,Gala 2025,paypal,False
D101899,DON1128,2025-08-23,384.29,Monthly Giving,credit_card,False
D102232,DON1025,2024-09-12,479.12,Monthly Giving,ach,False
D102377,DON1386,2025-08-13,108.51,Monthly Giving,ach,False
D101204,DON1121,2026-06-23,412.63,Corporate Match,paypal,False
D102055,DON1102,2025-06-24,114.9,Gala 2025,stock_transfer,True
D102370,DON1159,2026-03-13,209.22,Corporate Match,credit_card,True
D102000,DON1356,2025-11-27,393.02,Gala 2025,credit_card,False
D102484,DON1223,2025-03-17,163.6,Spring Appeal,paypal,False
D101836,DON1241,2026-07-25,62.38,Year-End Giving,stock_transfer,False
D102032,DON1096,2026-05-04,169.65,Year-End Giving,ach,False
D102451,DON1162,2025-03-09,334.81,Monthly Giving,paypal,False
D100939,DON1273,2024-08-18,160.91,Gala 2026,credit_card,True
D102267,DON1066,2025-05-29,192.74,Year-End Giving,credit_card,False
D100347,DON1028,2026-01-06,497.21,Gala 2026,stock_transfer,True
D102106,DON1118,2025-11-07,397.33,Alumni Fund,stock_transfer,False
D102500,DON1112,2025-09-28,256.36,Alumni Fund,paypal,False
D101460,DON1221,2026-07-07,445.78,Corporate Match,ach,False
D100386,DON1104,2025-12-15,263.9,Year-End Giving,credit_card,False
D101623,DON1367,2024-12-11,340.51,Gala 2025,stock_transfer,False
D102044,DON1292,2024-12-27,349.73,Corporate Match,check,False
D100244,DON1347,2025-04-08,475.13,Gala 2026,ach,False
D101966,DON1294,2024-12-03,103.29,Gala 2026,credit_card,False
D100937,DON1083,2025-10-24,325.75,Gala 2026,paypal,False
D102169,DON1364,2026-07-25,453.23,Alumni Fund,stock_transfer,False
D100313,DON1261,2025-09-01,348.99,Year-End Giving,ach,True
D102464,DON1202,2025-07-28,477.8,Monthly Giving,paypal,False
D101566,DON1159,2025-05-24,370.95,Gala 2025,paypal,False
D101333,DON1027,2025-09-23,218.45,Gala 2026,check,False
D100969,DON1116,2026-01-10,434.06,Year-End Giving,paypal,False
D100661,DON1053,2026-01-14,417.47,Alumni Fund,stock_transfer,False
D100936,DON1134,2024-09-14,82.21,Year-End Giving,stock_transfer,False
D100371,DON1036,2025-12-30,63.2,Year-End Giving,stock_transfer,False
D100567,DON1303,2024-10-25,191.19,Year-End Giving,check,False
D102009,DON1234,2024-09-16,498.82,Corporate Match,stock_transfer,False
D100825,DON1126,2026-01-26,456.63,Gala 2026,credit_card,True
D100983,DON1285,2026-05-01,269.74,Spring Appeal,stock_transfer,False
D102031,DON1090,2026-08-10,107.18,Alumni Fund,ach,False
D101513,DON1311,2025-08-11,197.47,Monthly Giving,credit_card,False
D102171,DON1256,2025-09-09,86.99,Monthly Giving,ach,False
D101753,DON1088,2026-02-28,20.15,Monthly Giving,credit_card,False
D100814,DON1317,2026-03-05,479.07,Monthly Giving,ach,False
D101431,DON1091,2026-02-01,280.47,Spring Appeal,ach,False
D100779,DON1082,2026-01-15,256.7,Alumni Fund,credit_card,False
D101321,DON1059,2025-04-24,93.65,Alumni Fund,stock_transfer,False
D101563,DON1008,2025-07-22,451.16,Spring Appeal,check,True
D101053,DON1385,2024-12-30,195.16,Spring Appeal,credit_card,False
D101863,DON1190,2026-05-22,459.92,Gala 2026,credit_card,False
D101014,DON9442,2026-02-25,262.02,Year-End Giving,paypal,True
D101402,DON1395,2025-06-15,443.53,Corporate Match,check,False
D101756,DON1194,2026-01-24,269.16,Gala 2026,paypal,False
D102093,DON1136,2025-10-25,494.14,Corporate Match,ach,True
D101802,DON1324,2025-08-27,311.29,Gala 2025,credit_card,True
D100127,DON1055,2024-11-19,12913.84,Alumni Fund,stock_transfer,False
D100888,DON1312,2025-12-07,196.85,Gala 2026,credit_card,False
D102445,DON1312,2026-04-08,242.84,Alumni Fund,stock_transfer,False
D101348,DON1142,2025-09-21,210.53,Corporate Match,credit_card,False
D101008,DON1271,2025-06-19,229.84,Year-End Giving,stock_transfer,False
D100356,DON1396,2025-08-21,75.6,Monthly Giving,stock_transfer,True
D101004,DON1161,2025-01-10,47.58,Year-End Giving,credit_card,True
D100683,DON1035,2025-04-08,8581.91,Monthly Giving,check,True
D100828,DON1274,2025-12-05,203.7,Spring Appeal,ach,False
D101533,DON1127,2025-03-27,57.34,Alumni Fund,stock_transfer,False
D100985,DON1003,2025-10-17,70.29,Year-End Giving,stock_transfer,False
D101234,DON1350,2025-09-21,14643.47,Gala 2026,paypal,False
D102143,DON1191,2026-02-13,409.49,Gala 2025,stock_transfer,False
D100141,DON1364,2025-01-21,327.51,Corporate Match,ach,False
D100218,DON1182,2025-05-02,95.12,Year-End Giving,stock_transfer,False
D102070,DON1158,2025-03-26,299.16,Alumni Fund,check,False
D101980,DON1077,2025-06-25,387.34,Year-End Giving,credit_card,False
D102241,DON1192,2024-11-19,12852.61,Gala 2026,paypal,False
D101747,DON1019,2024-11-17,382.75,Spring Appeal,ach,True
D101495,DON1262,2024-12-21,118.71,Spring Appeal,ach,False
D100023,DON1038,2024-09-25,228.1,Spring Appeal,check,False
D100712,DON1308,2026-05-25,171.35,Monthly Giving,paypal,False
D101158,DON1212,2026-02-05,265.66,Year-End Giving,stock_transfer,False
D101511,DON1183,2026-08-12,404.94,Year-End Giving,stock_transfer,False
D100872,DON1092,2024-10-30,350.31,Corporate Match,paypal,False
D101503,DON1116,2025-01-05,447.39,Spring Appeal,stock_transfer,False
D100011,DON1103,2026-02-10,161.94,Gala 2026,stock_transfer,False
D101789,DON1088,2024-09-01,250.28,Gala 2025,stock_transfer,False
D102381,DON1178,2024-12-26,450.34,Spring Appeal,ach,False
D101742,DON1358,2024-12-18,207.96,Year-End Giving,check,False
D101316,DON1207,2025-12-13,364.29,Monthly Giving,ach,True
D100755,DON1223,2025-08-13,261.54,Gala 2026,ach,False
D100627,DON1378,2026-03-23,479.96,Year-End Giving,ach,False
D101775,DON1176,2024-09-17,426.79,Gala 2025,stock_transfer,False
D101506,DON1079,2025-11-01,456.15,Gala 2025,check,False
D100130,DON1295,2024-12-30,147.35,Alumni Fund,paypal,False
D100844,DON1293,2024-11-13,120.56,Corporate Match,paypal,False
D100324,DON1381,2026-05-30,392.65,Alumni Fund,paypal,False
D101740,DON1392,2024-12-12,250.84,Alumni Fund,stock_transfer,False
D101757,DON1269,2025-08-24,264.63,Alumni Fund,stock_transfer,False
D101285,DON1277,2025-10-09,249.3,Alumni Fund,credit_card,False
D102446,DON1156,2025-06-22,313.18,Gala 2026,credit_card,False
D100015,DON1093,2026-03-07,49.23,Corporate Match,check,False
D100948,DON1220,2025-09-16,178.11,Gala 2025,ach,False
D100216,DON1272,2026-07-09,124.05,Year-End Giving,credit_card,False
D102097,DON1400,2025-05-09,449.75,Spring Appeal,paypal,False
D101988,DON1337,2026-02-17,231.48,Gala 2026,credit_card,False
D101183,DON1170,2026-04-28,497.03,Gala 2025,ach,True
D102348,DON1162,2024-09-02,28.44,Corporate Match,paypal,False
D101676,DON1360,2025-01-25,425.74,Spring Appeal,check,False
D100865,DON1091,2026-06-27,20.29,Corporate Match,ach,False
D100517,DON1324,2026-07-09,443.0,Year-End Giving,check,False
D100598,DON1316,2026-06-30,218.84,Alumni Fund,paypal,False
D100196,DON1126,2025-07-03,21.72,Monthly Giving,check,False
D101278,DON1043,2025-09-26,16860.97,Corporate Match,paypal,False
D100289,DON1121,2025-01-20,7044697.52,Spring Appeal,stock_transfer,False
D100951,DON1359,2026-01-08,231.44,Corporate Match,paypal,False
D102375,DON1155,2025-12-07,86.03,Monthly Giving,check,False
D101874,DON1223,2026-06-28,140.41,Monthly Giving,stock_transfer,False
D102406,DON1042,2025-06-21,51.02,Alumni Fund,stock_transfer,True
D101121,DON1158,2025-10-28,213.21,Year-End Giving,credit_card,False
D101615,DON1382,2025-10-20,361.94,Spring Appeal,credit_card,False
D100550,DON1292,2025-04-18,460.07,Gala 2026,check,False
D100157,DON1378,2025-06-22,358.27,Corporate Match,paypal,True
D100420,DON1018,2025-09-23,169.35,Gala 2026,paypal,False
D100923,DON1114,2024-10-25,167.6,Gala 2026,credit_card,True
D100924,DON1099,2026-06-14,469.75,Year-End Giving,credit_card,True
D100478,DON1103,2026-03-16,36.01,Corporate Match,credit_card,True
D102296,DON1368,2025-06-09,98.98,Spring Appeal,check,True
D102179,DON1347,2025-01-25,107.29,Alumni Fund,credit_card,False
D101472,DON1234,2024-11-21,215.81,Alumni Fund,credit_card,False
D100554,DON1109,2025-08-04,102.23,Gala 2026,check,False
D101203,DON1243,2025-12-13,201.45,Spring Appeal,check,False
D100391,DON1260,2025-09-19,154.18,Spring Appeal,stock_transfer,False
D100579,DON1310,2025-10-06,450.95,Monthly Giving,ach,False
D100498,DON1276,2026-04-22,283.27,Monthly Giving,credit_card,True
D102092,DON1299,2024-11-08,309.17,Alumni Fund,credit_card,True
D102289,DON1354,2026-02-28,172.1,Gala 2026,paypal,False
D100821,DON1062,2025-11-19,302.53,Year-End Giving,paypal,False
D102416,DON1030,2025-09-26,377.54,Alumni Fund,credit_card,True
D101007,DON1382,2026-06-10,271.82,Gala 2025,ach,False
D101249,DON1386,2025-08-15,200.17,Corporate Match,check,False
D102150,DON1326,2026-01-23,474.51,Year-End Giving,check,True
D100665,DON1066,2024-09-02,121.02,Year-End Giving,ach,True
D102237,DON1024,2026-02-02,39.07,Gala 2026,stock_transfer,False
D100143,DON1096,2025-12-18,24.3,Monthly Giving,ach,False
D102197,DON1363,2024-08-23,139.52,Corporate Match,check,False
D101875,DON1303,2024-09-20,492.36,Gala 2026,ach,False
D100422,DON1384,2025-02-20,266.5,Corporate Match,stock_transfer,False
D100800,DON1294,2026-05-29,264.64,Year-End Giving,credit_card,False
D100616,DON1111,2025-11-24,146.79,Corporate Match,paypal,False
D101319,DON1165,2026-01-30,281.86,Corporate Match,credit_card,False
D100296,DON1248,2026-08-01,98.82,Gala 2026,check,False
D100402,DON1352,2026-01-31,68.98,Monthly Giving,paypal,False
D100089,DON1375,2026-05-07,388.54,Alumni Fund,check,False
D102230,DON1253,2026-08-17,103.72,Year-End Giving,paypal,False
D102485,DON1339,2025-10-18,120.95,Alumni Fund,stock_transfer,True
D100132,DON1363,2025-01-29,417.33,Spring Appeal,paypal,False
D101616,DON1108,2025-03-08,167.0,Monthly Giving,ach,False
D101605,DON1130,2024-09-11,265.01,Spring Appeal,paypal,False
D101714,DON1209,2025-06-06,436.63,Alumni Fund,paypal,True
D101403,DON1116,2025-08-03,237.32,Alumni Fund,paypal,True
D102074,DON1083,2026-07-29,16.43,Spring Appeal,check,False
D102190,DON1012,2024-11-19,441.78,Alumni Fund,check,False
D101189,DON1074,2024-09-23,296.76,Spring Appeal,check,False
D100725,DON1164,2026-02-03,75.42,Year-End Giving,stock_transfer,False
D101315,DON1323,2026-08-01,92.94,Alumni Fund,paypal,False
D101816,DON1002,2025-09-18,387.47,Alumni Fund,check,False
D100270,DON1337,2025-09-22,57.83,Year-End Giving,check,False
D101829,DON1211,2025-06-13,188.25,Gala 2026,check,False
D102430,DON1224,2026-02-13,96.88,Monthly Giving,ach,False
D101373,DON1109,2026-03-16,198.19,Year-End Giving,paypal,True
D100918,DON1301,2025-08-09,5424.27,Alumni Fund,credit_card,False
D101692,DON1017,2025-09-26,135.33,Gala 2026,paypal,False
D101320,DON1040,2026-07-06,89.43,Corporate Match,credit_card,True
D102359,DON1273,2026-01-04,295.49,Gala 2025,credit_card,False
D100588,DON9978,2025-10-04,69.39,Monthly Giving,check,False
D102080,DON9204,2025-02-09,390.73,Monthly Giving,paypal,True
D100917,DON1035,2024-10-18,296.67,Gala 2026,stock_transfer,False
D100376,DON1245,2026-06-10,51.07,Monthly Giving,stock_transfer,False
D100334,DON1013,2024-09-25,193.73,Alumni Fund,stock_transfer,False
D101840,DON1221,2026-05-21,104.31,Monthly Giving,check,False
D102373,DON1292,2024-10-17,295.46,Spring Appeal,ach,False
D101119,DON1241,2026-03-31,398.94,Gala 2026,paypal,False
D101443,DON1335,2024-09-10,365.97,Year-End Giving,check,False
D100911,DON1263,2025-10-19,285.41,Year-End Giving,stock_transfer,False
D100777,DON1384,2026-06-10,94.91,Year-End Giving,stock_transfer,False
D101792,DON1356,2026-03-06,476.34,Gala 2025,check,False
D100329,DON1294,2026-02-04,356.76,Monthly Giving,ach,False
D101343,DON1015,2025-04-05,355.76,Year-End Giving,ach,True
D100321,DON1152,2025-05-16,185.75,Gala 2026,credit_card,False
D102054,DON1317,2026-04-15,364.27,Corporate Match,stock_transfer,False
D100013,DON1224,2026-03-01,448.37,Gala 2026,check,False
D100898,DON1213,2025-09-07,369.29,Gala 2026,paypal,False
D100172,DON1154,2026-04-17,379.05,Year-End Giving,ach,True
D100261,DON1210,2025-06-30,483.9,Corporate Match,credit_card,False
D101914,DON1043,2026-03-18,257.39,Alumni Fund,check,False
D100690,DON1347,2025-12-14,167.04,Spring Appeal,stock_transfer,True
D100902,DON1107,2026-03-24,45.87,Corporate Match,paypal,False
D100259,DON1283,2026-07-28,448.3,Corporate Match,credit_card,False
D100845,DON1101,2026-07-08,316.74,Spring Appeal,credit_card,False
D102326,DON1200,2026-02-05,397.27,Gala 2026,ach,True
D100139,DON1248,2026-01-30,481.25,Spring Appeal,ach,False
D101574,DON1394,2025-07-29,385.73,Year-End Giving,ach,False
D100320,DON1344,2025-10-20,394.91,Gala 2025,check,True
D100654,DON1353,2025-03-04,20294.37,Gala 2026,credit_card,False
D101946,DON1209,2026-03-27,79.8,Corporate Match,stock_transfer,False
D102427,DON9647,2025-03-01,142.37,Monthly Giving,ach,False
D100559,DON1018,2024-12-26,355.39,Spring Appeal,stock_transfer,False
D100140,DON1106,2025-07-22,57.84,Corporate Match,paypal,False
D100113,DON1118,2025-06-20,444.9,Gala 2026,check,True
D100532,DON1024,2025-01-20,375.32,Spring Appeal,stock_transfer,False
D100225,DON1356,2025-03-14,184.84,Corporate Match,stock_transfer,False
D100724,DON1161,2025-01-26,132.31,Corporate Match,ach,False
D102456,DON1378,2026-08-11,374.32,Spring Appeal,stock_transfer,False
D102159,DON1075,2025-04-18,172.2,Year-End Giving,check,True
D101434,DON1278,2024-10-24,156.98,Spring Appeal,stock_transfer,False
D100326,DON1100,2025-03-06,344.5,Year-End Giving,ach,False
D101324,DON1191,2026-04-28,236.81,Gala 2025,ach,True
D101990,DON1295,2024-12-20,362.08,Year-End Giving,ach,False
D101459,DON1263,2026-01-26,462.02,Monthly Giving,ach,False
D101729,DON1131,2025-09-11,495.52,Monthly Giving,check,False
D102271,DON1046,2025-01-28,346.04,Corporate Match,credit_card,False
D100715,DON1143,2025-05-23,187.87,Corporate Match,check,False
D100847,DON1028,2025-07-26,126.0,Spring Appeal,stock_transfer,False
D100194,DON1160,2025-05-12,13.9,Year-End Giving,check,False
D101976,DON1061,2024-12-21,207.3,Gala 2026,ach,False
D100574,DON1334,2025-07-17,140.87,Spring Appeal,check,False
D100947,DON1004,2026-07-10,481.41,Gala 2025,paypal,False
D100504,DON1314,2025-04-03,196.5,Alumni Fund,ach,False
D102047,DON1178,2025-05-24,112.93,Corporate Match,stock_transfer,False
D101845,DON1334,2025-08-22,351.15,Gala 2026,credit_card,False
D100646,DON1262,2025-05-29,186.92,Year-End Giving,paypal,False
D100004,DON1319,2024-12-18,453.52,Monthly Giving,stock_transfer,True
D101826,DON1060,2024-10-10,281.26,Monthly Giving,check,True
D100468,DON1222,2024-12-28,74.77,Spring Appeal,paypal,False
D101346,DON1301,2025-01-14,16.94,Corporate Match,paypal,False
D100006,DON1343,2024-11-04,43.16,Monthly Giving,stock_transfer,False
D101247,DON1014,2024-08-22,174.75,Alumni Fund,check,False
D100920,DON1329,2026-05-02,303.06,Gala 2026,check,True
D100548,DON1112,2025-12-21,452.6,Corporate Match,credit_card,False
D100229,DON1363,2025-05-07,174.52,Spring Appeal,check,False
D101064,DON1077,2025-09-13,82.41,Gala 2026,paypal,False
D100543,DON1155,2025-01-05,212.59,Monthly Giving,ach,False
D100243,DON1154,2024-11-30,360.01,Monthly Giving,stock_transfer,False
D100899,DON1292,2026-06-24,31.4,Alumni Fund,ach,False
D101898,DON1271,2025-03-03,369.31,Alumni Fund,ach,False
D101161,DON1007,2025-01-23,198.68,Gala 2026,credit_card,False
D102027,DON1242,2024-08-26,335.93,Year-End Giving,ach,False
D102112,DON1073,2025-08-28,294.2,Year-End Giving,paypal,False
D102324,DON1344,2025-06-23,361.5,Corporate Match,ach,True
D101859,DON1309,2024-11-27,196.16,Monthly Giving,ach,False
D100843,DON1115,2025-09-01,270.88,Gala 2025,credit_card,False
D101374,DON1346,2026-04-12,479.67,Gala 2026,ach,True
D102129,DON1352,2025-06-11,130.73,Gala 2026,credit_card,False
D101834,DON1153,2025-09-28,466.09,Gala 2025,paypal,True
D101527,DON1151,2025-05-22,168.68,Year-End Giving,paypal,False
D101606,DON1333,2026-05-11,229.98,Gala 2026,check,True
D100277,DON1391,2025-06-27,222.52,Gala 2026,paypal,False
D100662,DON1270,2024-11-09,354.11,Alumni Fund,credit_card,False
D101876,DON1339,2026-02-10,218.19,Monthly Giving,paypal,False
D102138,DON1190,2025-07-04,196.82,Year-End Giving,ach,False
D102382,DON1029,2025-12-28,456.02,Corporate Match,stock_transfer,False
D101909,DON1149,2025-07-01,427.95,Year-End Giving,ach,False
D100315,DON1151,2025-07-30,212.25,Corporate Match,stock_transfer,False
D101467,DON1112,2024-08-26,22552.75,Gala 2026,credit_card,False
D101344,DON1062,2026-07-16,40.54,Spring Appeal,stock_transfer,False
D102225,DON1087,2024-09-29,314.28,Year-End Giving,check,False
D100692,DON1183,2026-02-13,129.67,Year-End Giving,check,False
D101542,DON1389,2025-12-09,24.45,Gala 2026,credit_card,False
D100613,DON1324,2025-08-07,174.59,Spring Appeal,stock_transfer,True
D100425,DON1387,2026-05-05,13608.71,Gala 2025,stock_transfer,False
D101578,DON1083,2025-08-31,37.79,Corporate Match,credit_card,False
D100595,DON1275,2025-02-27,463.16,Spring Appeal,ach,False
D101448,DON1226,2024-12-01,129.14,Gala 2025,paypal,False
D102001,DON1259,2025-07-22,190.92,Spring Appeal,paypal,False
D100623,DON1354,2025-05-11,218.69,Gala 2025,stock_transfer,False
D102168,DON1130,2026-08-10,53.88,Corporate Match,stock_transfer,False
D101494,DON1232,2024-12-06,50.65,Alumni Fund,stock_transfer,True
D101670,DON1350,2024-10-05,466.7,Year-End Giving,credit_card,True
D100228,DON1255,2024-09-02,126.62,Gala 2025,ach,False
D101780,DON1358,2024-12-25,373.84,Gala 2026,stock_transfer,False
D101170,DON1137,2026-06-23,144.98,Monthly Giving,paypal,False
D100109,DON1270,2025-02-17,399.52,Spring Appeal,check,False
D101749,DON1096,2025-02-12,265.05,Year-End Giving,credit_card,False
D100067,DON1069,2025-06-10,104.48,Spring Appeal,check,True
D101418,DON1038,2026-03-28,378.73,Alumni Fund,check,False
D102277,DON1186,2026-06-12,391.61,Alumni Fund,check,False
D100025,DON1063,2025-11-05,126.0,Gala 2026,credit_card,False
D101236,DON1030,2025-06-06,14.92,Gala 2026,stock_transfer,False
D102090,DON1051,2025-06-30,476.75,Gala 2026,paypal,False
D100145,DON1275,2026-05-27,234.2,Gala 2025,paypal,False
D100537,DON1219,2026-07-23,446.73,Corporate Match,paypal,False
D100812,DON1277,2024-11-28,227.12,Gala 2025,credit_card,False
D101784,DON1121,2025-09-23,90.8,Year-End Giving,stock_transfer,False
D101498,DON1367,2025-12-10,308.74,Alumni Fund,ach,False
D100086,DON1372,2024-10-23,333.5,Monthly Giving,credit_card,False
D101255,DON1041,2026-08-09,163.87,Spring Appeal,paypal,True
D102087,DON1131,2024-08-21,405.84,Gala 2025,stock_transfer,False
D102067,DON1333,2026-08-01,166.52,Alumni Fund,ach,False
D101871,DON1372,2025-09-27,317.29,Alumni Fund,check,False
D101715,DON1192,2026-07-23,434.8,Corporate Match,ach,False
D100485,DON1321,2025-01-07,290.72,Gala 2026,check,False
D101655,DON1120,2025-10-31,77.46,Gala 2025,check,False
D102249,DON1289,2026-01-23,231.06,Alumni Fund,stock_transfer,False
D102411,DON1283,2026-06-19,364.69,Year-End Giving,stock_transfer,False
D100739,DON1383,2025-09-05,452.37,Gala 2025,stock_transfer,False
D101819,DON1129,2026-03-03,313.97,Alumni Fund,credit_card,False
D102211,DON1285,2025-11-07,211.94,Year-End Giving,stock_transfer,False
D102487,DON1227,2024-11-30,300.32,Gala 2026,stock_transfer,False
D101791,DON1264,2026-02-27,347.63,Spring Appeal,paypal,False
D100363,DON1208,2024-08-24,248.56,Gala 2026,stock_transfer,True
D100750,DON1029,2025-12-31,305.12,Spring Appeal,paypal,False
D101831,DON1052,2024-11-10,139.46,Gala 2025,check,False
D101647,DON1146,2026-01-31,478.49,Spring Appeal,credit_card,False
D101027,DON1209,2026-07-11,490.26,Year-End Giving,check,False
D101031,DON1007,2025-11-18,73.85,Gala 2025,check,False
D101919,DON1349,2024-11-17,398.12,Year-End Giving,credit_card,True
D101336,DON1287,2025-06-05,132.76,Spring Appeal,stock_transfer,False
D102081,DON1226,2025-12-01,445.92,Gala 2026,ach,True
D101717,DON1396,2025-09-23,214.49,Monthly Giving,credit_card,False
D100666,DON1354,2024-09-24,19.22,Gala 2026,paypal,True
D100365,DON1368,2025-03-02,213.16,Gala 2025,credit_card,False
D102221,DON1204,2025-02-06,367.3,Spring Appeal,stock_transfer,True
D101240,DON1113,2025-10-24,189.8,Monthly Giving,check,False
D100078,DON1299,2025-03-14,228.29,Spring Appeal,paypal,True
D100028,DON1038,2025-09-03,178.81,Alumni Fund,stock_transfer,False
D100474,DON1373,2025-04-03,36.72,Monthly Giving,ach,False
D100526,DON1293,2025-07-04,67.25,Alumni Fund,check,False
D100726,DON1102,2026-08-12,202.81,Gala 2026,stock_transfer,False
D100056,DON1143,2025-09-01,486.73,Gala 2025,check,False
D100639,DON1177,2025-01-29,487.98,Monthly Giving,check,True
D100303,DON1121,2025-08-13,290.79,Spring Appeal,paypal,False
D100719,DON1121,2024-12-20,88.51,Gala 2026,check,False
D102195,DON1331,2025-09-04,308.19,Monthly Giving,paypal,False
D101922,DON1081,2025-06-05,257.87,Spring Appeal,ach,False
D100625,DON1027,2025-09-02,313.38,Gala 2025,check,True
D100008,DON1035,2025-01-24,317.85,Alumni Fund,stock_transfer,False
D101281,DON1092,2025-09-14,473.08,Corporate Match,ach,False
D100804,DON1084,2025-08-24,358.46,Year-End Giving,stock_transfer,False
D101050,DON1254,2025-01-02,432.55,Year-End Giving,stock_transfer,False
D100337,DON1380,2025-11-05,470.48,Corporate Match,ach,True
D101597,DON1229,2024-10-16,151.97,Spring Appeal,stock_transfer,True
D100048,DON1251,2024-10-20,409.72,Gala 2025,check,False
D102175,DON1347,2026-03-12,15.49,Spring Appeal,check,True
D100107,DON1211,2025-11-05,144.62,Gala 2025,credit_card,False
D100350,DON1356,2024-09-02,188.6,Gala 2025,paypal,True
D101080,DON1355,2024-12-03,324.53,Alumni Fund,paypal,True
D100239,DON1251,2026-01-31,324.51,Gala 2026,ach,False
D100214,DON1366,2024-09-17,247.49,Monthly Giving,stock_transfer,False
D101145,DON1063,2026-01-20,361.23,Year-End Giving,paypal,False
D101974,DON1264,2026-04-18,166.04,Spring Appeal,check,False
D101810,DON1214,2025-11-13,369.05,Alumni Fund,check,False
D100794,DON1044,2025-01-07,365.3,Corporate Match,ach,False
D101097,DON1380,2025-12-22,284.79,Year-End Giving,credit_card,False
D101866,DON1337,2026-08-16,463.85,Gala 2026,ach,False
D102312,DON1079,2025-09-23,454.18,Spring Appeal,stock_transfer,False
D102245,DON1170,2025-04-20,371.24,Spring Appeal,stock_transfer,True
D100346,DON1073,2025-03-15,419.03,Year-End Giving,credit_card,True
D100524,DON1372,2025-10-03,19.17,Monthly Giving,check,False
D100233,DON1054,2025-04-16,193.97,Corporate Match,credit_card,False
D100645,DON1229,2024-11-21,488.16,Gala 2026,ach,False
D101968,DON1203,2026-06-19,410.56,Gala 2026,check,False
D102193,DON1262,2026-01-24,235.68,Gala 2026,check,False
D101429,DON1274,2025-03-31,48.93,Alumni Fund,credit_card,False
D100534,DON1081,2025-07-01,17458.9,Monthly Giving,credit_card,False
D102194,DON1071,2026-01-15,100.59,Spring Appeal,credit_card,False
D100604,DON1090,2025-09-12,98.2,Gala 2026,stock_transfer,False
D101490,DON1233,2026-07-22,67.73,Gala 2025,stock_transfer,False
D101908,DON1170,2025-10-14,308.95,Corporate Match,credit_card,False
D101427,DON1236,2025-09-12,15.98,Corporate Match,stock_transfer,False
D101075,DON1271,2025-05-11,211.65,Gala 2025,paypal,False
D102064,DON1399,2026-03-13,246.11,Spring Appeal,paypal,True
D100061,DON1272,2025-12-29,59.1,Gala 2025,paypal,True
D101991,DON1253,2025-06-16,325.22,Gala 2025,stock_transfer,True
D100093,DON1363,2025-11-19,38.24,Gala 2026,paypal,False
D100667,DON1338,2026-02-04,68.27,Gala 2025,credit_card,True
D101767,DON1323,2024-09-20,13068.24,Alumni Fund,stock_transfer,False
D102269,DON1030,2025-09-09,123.1,Alumni Fund,paypal,False
D100281,DON1269,2025-09-29,497.78,Gala 2025,paypal,False
D101720,DON1302,2026-05-14,306.55,Corporate Match,stock_transfer,True
D101772,DON1292,2024-11-30,442.75,Gala 2026,stock_transfer,False
D100360,DON1199,2024-12-30,32.75,Corporate Match,check,True
D102432,DON1259,2024-10-19,319.24,Monthly Giving,paypal,True
D101544,DON1176,2025-04-12,96.93,Gala 2026,check,False
D101398,DON1320,2025-02-10,286.8,Gala 2026,credit_card,False
D101852,DON1139,2025-10-04,453.36,Spring Appeal,ach,False
D100848,DON1321,2024-09-22,487.52,Spring Appeal,paypal,False
D101207,DON1201,2026-06-24,237.34,Alumni Fund,paypal,True
D102223,DON1120,2025-11-08,59.06,Alumni Fund,stock_transfer,False
D100761,DON1301,2024-09-17,230.47,Alumni Fund,check,False
D100111,DON1389,2025-04-07,194.81,Gala 2026,credit_card,False
D101776,DON1380,2026-07-10,268.09,Corporate Match,stock_transfer,False
D100043,DON1292,2024-09-06,151.41,Gala 2026,stock_transfer,False
D101771,DON1316,2024-12-21,30.53,Gala 2025,credit_card,False
D100126,DON1248,2024-12-10,472.67,Corporate Match,paypal,False
D100205,DON1076,2024-12-29,184.31,Monthly Giving,credit_card,False
D101474,DON1242,2024-08-21,367.52,Gala 2025,credit_card,True
D100053,DON1242,2026-04-19,40.52,Year-End Giving,stock_transfer,False
D100546,DON1306,2025-08-31,412.79,Year-End Giving,check,False
D100069,DON1313,2025-01-09,415.23,Monthly Giving,check,True
D102496,DON1226,2025-12-24,274.02,Corporate Match,credit_card,False
D102002,DON1287,2024-10-25,380.43,Alumni Fund,check,False
D102220,DON1228,2025-06-23,202.8,Gala 2026,stock_transfer,False
D102010,DON1310,2026-03-03,244.23,Gala 2025,check,True
D101425,DON1249,2025-05-22,246.21,Gala 2026,paypal,True
D100184,DON1030,2026-08-06,66.83,Monthly Giving,stock_transfer,True
D100138,DON1114,2024-10-17,388.45,Monthly Giving,stock_transfer,True
D100900,DON1150,2024-12-24,366.0,Year-End Giving,paypal,False
D100797,DON1031,2025-06-24,258.67,Spring Appeal,credit_card,False
D100133,DON1156,2026-05-07,360.47,Alumni Fund,paypal,True
D100081,DON1036,2024-12-13,150.67,Year-End Giving,ach,False
D101587,DON1199,2026-06-15,336.03,Year-End Giving,stock_transfer,False
D102180,DON1094,2025-02-12,8356326.8,Gala 2025,check,False
D100759,DON1369,2024-12-31,134.88,Spring Appeal,stock_transfer,True
D100542,DON1394,2026-02-24,258.9,Gala 2026,credit_card,False
D101020,DON1205,2026-08-07,423.1,Gala 2026,ach,True
D101815,DON1159,2026-01-12,323.12,Spring Appeal,ach,False
D100984,DON1334,2025-04-01,483.18,Spring Appeal,ach,False
D102474,DON1365,2025-05-22,93.77,Monthly Giving,check,True
D100166,DON1176,2024-08-27,32.51,Corporate Match,paypal,True
D100249,DON1052,2025-04-24,59.49,Gala 2025,stock_transfer,False
D101332,DON1047,2026-07-26,80.23,Gala 2026,credit_card,False
D100447,DON1393,2025-11-13,168.07,Corporate Match,check,True
D101905,DON1099,2025-03-26,21.4,Spring Appeal,paypal,False
D100859,DON1355,2026-03-18,172.26,Monthly Giving,stock_transfer,False
D101359,DON1005,2026-01-20,174.97,Spring Appeal,ach,False
D101912,DON1064,2024-08-22,107.32,Monthly Giving,credit_card,False
D100098,DON1204,2025-06-14,390.0,Gala 2026,paypal,False
D101843,DON1329,2024-10-31,131.9,Corporate Match,credit_card,False
D100806,DON1210,2025-07-11,151.9,Monthly Giving,ach,True
D100738,DON1272,2026-01-19,163.5,Year-End Giving,paypal,False
D102390,DON1021,2025-06-28,347.17,Gala 2026,paypal,False
D101936,DON1307,2025-03-08,316.72,Alumni Fund,stock_transfer,False
D102307,DON1275,2025-09-10,190.07,Corporate Match,stock_transfer,False
D100103,DON1252,2026-02-02,182.57,Year-End Giving,stock_transfer,False
D100435,DON1267,2026-03-01,200.67,Gala 2025,check,True
D100075,DON1388,2025-03-10,117.02,Year-End Giving,stock_transfer,False
D100578,DON1305,2024-09-16,475.74,Corporate Match,credit_card,False
D101897,DON1138,2024-11-29,433.97,Gala 2025,stock_transfer,True
D101981,DON1291,2026-04-20,301.14,Spring Appeal,stock_transfer,False
D101231,DON1307,2025-01-10,444.88,Gala 2026,ach,False
D100919,DON1388,2025-07-29,77.4,Gala 2026,check,False
D101327,DON1326,2025-03-05,318.12,Year-End Giving,check,False
D102340,DON1174,2025-05-25,272.03,Gala 2026,stock_transfer,False
D102310,DON1355,2026-06-08,116.63,Gala 2026,stock_transfer,False
D102356,DON1362,2025-11-09,293.38,Gala 2025,ach,False
D100763,DON1203,2025-03-31,243.79,Corporate Match,paypal,False
D102137,DON1164,2025-04-20,258.15,Monthly Giving,credit_card,False
D100990,DON1154,2024-09-22,75.76,Monthly Giving,ach,False
D100389,DON1036,2024-11-05,365.81,Monthly Giving,stock_transfer,False
D100236,DON1374,2025-09-03,155.73,Spring Appeal,credit_card,False
D102311,DON1254,2025-12-20,107.25,Year-End Giving,paypal,False
D100268,DON1215,2026-05-17,295.68,Monthly Giving,ach,False
D101330,DON1268,2025-03-25,171.78,Alumni Fund,stock_transfer,False
D101877,DON1110,2025-10-03,419.46,Year-End Giving,paypal,False
D100118,DON1394,2025-09-11,484.77,Gala 2025,credit_card,False
D100438,DON1062,2025-09-08,484.73,Monthly Giving,paypal,False
D100674,DON1161,2025-03-02,76.6,Alumni Fund,check,False
D100250,DON1136,2025-03-15,308.39,Spring Appeal,ach,False
D102151,DON1356,2026-03-22,440.54,Gala 2025,check,True
D101575,DON1008,2025-05-23,475.7,Year-End Giving,check,False
D100720,DON1209,2024-09-17,49.25,Alumni Fund,paypal,False
D100095,DON1098,2025-10-21,306.44,Spring Appeal,credit_card,True
D101948,DON1339,2025-07-04,197.39,Gala 2026,check,False
D100034,DON1293,2024-10-25,254.04,Corporate Match,stock_transfer,False
D102285,DON1123,2026-02-01,481.58,Gala 2025,paypal,False
D102157,DON1032,2025-01-03,394.18,Year-End Giving,credit_card,False
D102308,DON1013,2024-11-30,344.39,Corporate Match,ach,True
D100449,DON1017,2025-11-05,332.38,Monthly Giving,stock_transfer,False
D101470,DON1063,2025-10-23,470.94,Corporate Match,stock_transfer,False
D101796,DON1210,2024-10-23,471.86,Monthly Giving,stock_transfer,False
D100717,DON1328,2025-07-02,408.0,Spring Appeal,stock_transfer,False
D101992,DON1350,2025-12-24,35.42,Gala 2025,credit_card,False
D102198,DON1284,2026-04-03,248.19,Alumni Fund,credit_card,False
D100001,DON1075,2025-12-02,416.58,Corporate Match,ach,False
D100457,DON1191,2025-10-07,414.82,Gala 2025,stock_transfer,False
D101102,DON1017,2026-02-23,40.58,Alumni Fund,check,False
D101109,DON1076,2026-02-20,398.09,Corporate Match,paypal,False
D101933,DON1120,2026-01-06,70.83,Spring Appeal,check,False
D100083,DON1339,2026-02-09,431.54,Spring Appeal,ach,False
D101482,DON1001,2025-01-28,452.41,Year-End Giving,check,False
D102441,DON1346,2025-08-20,368.62,Corporate Match,paypal,False
D100677,DON1244,2024-12-14,16.27,Corporate Match,paypal,False
D101589,DON1392,2024-12-04,160.38,Gala 2026,ach,False
D102149,DON1357,2025-06-23,378.75,Spring Appeal,paypal,False
D101047,DON1399,2026-04-16,364.08,Corporate Match,paypal,False
D101461,DON1332,2026-07-29,392.75,Corporate Match,paypal,False
D100771,DON1372,2024-10-30,410.18,Gala 2026,ach,False
D101669,DON1395,2025-02-14,79.5,Gala 2026,ach,True
D101917,DON1306,2025-11-09,18767.93,Gala 2025,paypal,False
D102015,DON1163,2026-01-09,151.14,Monthly Giving,ach,False
D100518,DON9025,2025-01-16,371.36,Year-End Giving,stock_transfer,False
D100823,DON1010,2026-05-03,340.8,Year-End Giving,stock_transfer,False
D100405,DON1191,2024-10-06,230.86,Monthly Giving,ach,False
D100385,DON1336,2026-05-20,302.76,Alumni Fund,ach,False
D102043,DON1023,2025-12-08,307.22,Corporate Match,paypal,False
D102096,DON1280,2025-04-03,125.25,Corporate Match,stock_transfer,False
D100105,DON1392,2026-08-15,319.04,Spring Appeal,ach,True
D101634,DON1067,2025-08-13,192.94,Corporate Match,ach,False
D102409,DON1238,2025-07-29,326.42,Year-End Giving,stock_transfer,False
D100689,DON1244,2025-03-15,37.31,Gala 2025,paypal,False
D100795,DON1110,2024-11-14,265.45,Alumni Fund,ach,True
D100827,DON1195,2025-01-05,114.25,Alumni Fund,stock_transfer,False
D101878,DON1239,2025-07-17,66.52,Corporate Match,ach,False
D101241,DON1137,2025-03-11,61.15,Gala 2025,paypal,False
D100063,DON1148,2025-06-15,454.89,Spring Appeal,stock_transfer,False
D101306,DON1128,2024-08-24,19.81,Monthly Giving,credit_card,False
D100853,DON1099,2024-08-27,19265.99,Monthly Giving,ach,False
D102461,DON1258,2025-02-26,457.01,Corporate Match,credit_card,False
D100177,DON1097,2024-12-11,36.74,Alumni Fund,ach,False
D101263,DON1161,2026-06-03,259.01,Monthly Giving,check,False
D100224,DON1081,2026-08-03,323.24,Gala 2026,check,True
D100146,DON1306,2025-11-23,65.97,Gala 2025,paypal,False
D101089,DON1334,2026-02-13,229.27,Year-End Giving,check,False
D100374,DON1397,2026-07-14,216.14,Alumni Fund,credit_card,False
D101825,DON1004,2025-11-19,51.76,Alumni Fund,credit_card,False
D102131,DON1203,2026-04-22,211.29,Corporate Match,ach,True
D101143,DON1310,2024-12-08,482.92,Gala 2025,paypal,True
D102417,DON1292,2025-08-02,253.94,Corporate Match,stock_transfer,False
D102186,DON1284,2025-05-21,288.06,Monthly Giving,paypal,True
D101275,DON1124,2025-09-30,449.74,Gala 2025,stock_transfer,False
D101266,DON1271,2025-09-03,333.01,Monthly Giving,paypal,False
D102300,DON1063,2026-03-14,184.57,Year-End Giving,ach,False
D102369,DON1105,2026-04-11,416.12,Year-End Giving,ach,True
D100010,DON1094,2025-07-01,390.33,Gala 2026,credit_card,False
D100450,DON1188,2026-05-13,16.41,Year-End Giving,paypal,False
D101839,DON1349,2025-07-10,399.38,Alumni Fund,ach,False
D100709,DON1043,2025-01-20,41.16,Gala 2026,check,False
D100256,DON1269,2025-01-10,8855.27,Alumni Fund,ach,False
D100883,DON1283,2024-12-11,236.09,Alumni Fund,credit_card,False
D101618,DON1095,2026-07-13,487.35,Gala 2025,ach,False
D100390,DON1142,2024-08-23,232.83,Gala 2026,stock_transfer,True
D101277,DON1224,2025-01-07,75.96,Year-End Giving,stock_transfer,False
D102420,DON1313,2025-01-07,406.25,Year-End Giving,credit_card,True
D101582,DON1145,2026-01-01,456.02,Year-End Giving,paypal,False
D100909,DON1128,2025-09-15,54.78,Gala 2026,credit_card,False
D100925,DON1105,2025-09-09,365.24,Gala 2025,ach,False
D100752,DON1386,2025-08-07,156.29,Alumni Fund,paypal,False
D101940,DON1159,2025-10-30,429.85,Year-End Giving,ach,True
D100461,DON1293,2026-07-23,184.27,Year-End Giving,check,False
D101748,DON1026,2026-01-13,135.02,Year-End Giving,check,True
D101998,DON1085,2025-08-19,458.84,Year-End Giving,stock_transfer,False
D101225,DON1119,2025-01-15,21.05,Alumni Fund,check,False
D101169,DON1056,2025-12-09,479.9,Year-End Giving,credit_card,True
D100959,DON1244,2025-02-07,336.08,Monthly Giving,paypal,True
D100502,DON1104,2025-03-08,168.8,Corporate Match,ach,False
D101728,DON1311,2024-08-23,194.52,Monthly Giving,paypal,True
D100740,DON1265,2024-12-11,164.62,Gala 2026,ach,False
D100041,DON1299,2025-01-20,252.5,Alumni Fund,paypal,False
D100869,DON1301,2026-02-03,396.9,Gala 2025,ach,True
D100732,DON1075,2026-01-21,125.39,Gala 2026,ach,False
D100540,DON1074,2025-04-20,457.3,Gala 2026,ach,False
D101202,DON1035,2025-01-22,6434115.36,Spring Appeal,stock_transfer,True
D101340,DON1130,2025-07-30,10460.56,Corporate Match,check,False
D100698,DON1153,2025-09-19,120.68,Corporate Match,credit_card,False
D101672,DON1375,2025-05-31,204.79,Gala 2026,credit_card,True
D102109,DON1338,2025-07-27,153.5,Spring Appeal,stock_transfer,False
D102098,DON1276,2024-11-16,151.99,Corporate Match,stock_transfer,True
D101372,DON1001,2026-07-01,458.15,Corporate Match,ach,True
D101146,DON1120,2024-09-30,304.88,Monthly Giving,ach,True
D101032,DON1310,2025-09-13,112.92,Gala 2026,credit_card,False
D100373,DON1258,2025-07-13,333.1,Monthly Giving,stock_transfer,False
D100668,DON1387,2024-11-15,304.88,Monthly Giving,ach,True
D101432,DON1068,2025-04-09,121.52,Monthly Giving,stock_transfer,False
D102246,DON1216,2026-02-04,129.7,Corporate Match,stock_transfer,False
D100358,DON1082,2024-11-28,333.11,Year-End Giving,paypal,False
D100968,DON1193,2026-02-25,84.82,Corporate Match,ach,False
D100784,DON1081,2026-07-13,383.36,Gala 2026,credit_card,True
D100736,DON1003,2026-05-28,158.23,Gala 2026,check,True
D101354,DON1297,2025-10-06,266.29,Alumni Fund,ach,True
D101036,DON1287,2025-10-03,229.76,Corporate Match,credit_card,False
D100971,DON1179,2026-02-25,268.64,Gala 2025,check,False
D100471,DON1398,2026-06-29,292.25,Spring Appeal,paypal,False
D100656,DON1009,2025-10-07,38.67,Gala 2025,paypal,False
D102378,DON1070,2025-12-21,291.07,Spring Appeal,ach,False
D101910,DON1392,2025-03-06,267.84,Monthly Giving,check,False
D102355,DON1157,2025-01-19,464.72,Monthly Giving,ach,False
D101397,DON1383,2026-05-18,152.99,Gala 2025,paypal,False
D101537,DON1350,2025-01-15,145.28,Gala 2025,credit_card,False
D102035,DON1187,2025-01-16,293.03,Monthly Giving,ach,False
D102204,DON1070,2025-06-02,471.38,Monthly Giving,check,True
D101550,DON1228,2025-05-28,273.42,Alumni Fund,credit_card,False
D101329,DON1104,2026-03-03,368.02,Gala 2025,ach,False
D101257,DON1120,2025-11-24,345.38,Alumni Fund,paypal,False
D102184,DON1166,2026-05-29,461.97,Monthly Giving,check,False
D101426,DON1176,2026-08-08,83.54,Monthly Giving,credit_card,False
D101465,DON1014,2026-01-03,29.33,Year-End Giving,stock_transfer,False
D101556,DON1330,2025-04-18,229.47,Year-End Giving,check,False
D102178,DON1393,2025-03-12,105.54,Gala 2025,paypal,False
D101251,DON1122,2026-08-16,20991.78,Gala 2025,credit_card,False
D101700,DON1057,2025-10-14,47.64,Gala 2026,paypal,False
D101253,DON1396,2024-09-18,288.54,Gala 2025,check,False
D102467,DON1064,2024-11-27,115.57,Corporate Match,check,False
D102343,DON1064,2025-10-25,297.19,Gala 2025,credit_card,False
D101237,DON1008,2024-09-18,37.87,Spring Appeal,ach,False
D100886,DON1352,2025-10-25,348.35,Gala 2025,check,False
D100080,DON1382,2024-10-04,217.61,Corporate Match,credit_card,False
D101173,DON1353,2025-10-28,44.03,Year-End Giving,check,False
D100815,DON1010,2024-10-02,98.07,Spring Appeal,check,False
D101853,DON1283,2025-09-12,63.81,Corporate Match,check,False
D102022,DON1226,2026-05-17,212.51,Corporate Match,credit_card,True
D100672,DON1110,2024-11-21,242.61,Corporate Match,stock_transfer,True
D102209,DON9496,2026-07-03,494.11,Spring Appeal,stock_transfer,False
D102466,DON1306,2024-11-24,164.56,Gala 2026,ach,True
D100058,DON1279,2026-01-13,411.0,Alumni Fund,ach,False
D100134,DON1246,2025-01-14,462.51,Alumni Fund,paypal,False
D101141,DON1306,2024-09-06,315.23,Monthly Giving,paypal,False
D100934,DON1179,2025-06-27,347.36,Corporate Match,credit_card,False
D100929,DON1154,2025-09-08,366.06,Gala 2025,paypal,False
D100824,DON1291,2025-11-02,321.54,Year-End Giving,ach,False
D101433,DON1027,2025-12-02,106.25,Spring Appeal,paypal,True
D101393,DON1364,2025-03-01,151.04,Corporate Match,stock_transfer,False
D101532,DON1121,2024-11-03,479.46,Year-End Giving,check,False
D101215,DON1050,2026-01-03,342.87,Gala 2025,ach,False
D100505,DON1338,2025-08-13,80.86,Alumni Fund,credit_card,False
D102495,DON1179,2026-03-22,263.97,Spring Appeal,stock_transfer,True
D100348,DON1129,2025-07-02,248.72,Gala 2025,check,True
D101997,DON1201,2024-12-08,470.9,Monthly Giving,stock_transfer,False
D100387,DON1358,2025-06-22,27.67,Year-End Giving,credit_card,False
D101025,DON1093,2024-11-21,318.16,Year-End Giving,ach,True
D101959,DON1072,2025-04-13,211.71,Year-End Giving,stock_transfer,True
D101385,DON1235,2026-02-25,414.53,Alumni Fund,stock_transfer,False
D100895,DON1142,2026-06-08,228.41,Alumni Fund,paypal,False
D100829,DON1222,2025-06-08,403.01,Corporate Match,check,False
D102459,DON1183,2025-04-15,24364.82,Gala 2025,paypal,False
D100476,DON1109,2025-08-18,136.74,Gala 2026,stock_transfer,False
D101684,DON1282,2025-08-06,121.12,Corporate Match,check,False
D102163,DON1244,2025-11-06,355.24,Monthly Giving,credit_card,True
D102352,DON1041,2026-06-22,458.92,Monthly Giving,stock_transfer,False
D102148,DON1085,2024-10-29,122.12,Alumni Fund,paypal,False
D102111,DON1137,2025-10-29,41.73,Spring Appeal,ach,False
D100653,DON9269,2025-12-28,321.91,Spring Appeal,check,False
D100173,DON1313,2025-07-09,363.99,Corporate Match,ach,False
D101475,DON1290,2025-11-05,78.71,Gala 2026,credit_card,True
D101150,DON1295,2026-04-20,149.34,Alumni Fund,paypal,True
D100039,DON1082,2025-11-27,363.35,Year-End Giving,ach,False
D101555,DON1340,2024-08-21,285.87,Corporate Match,stock_transfer,False
D102410,DON1093,2026-04-16,174.26,Gala 2025,stock_transfer,False
D100714,DON1029,2025-01-21,474.87,Gala 2025,stock_transfer,False
D100091,DON1321,2025-07-05,32.97,Gala 2025,paypal,False
D100167,DON1081,2026-04-20,24160.64,Year-End Giving,ach,False
D101206,DON1280,2026-06-17,151.83,Spring Appeal,stock_transfer,False
D100876,DON1219,2025-02-27,190.08,Gala 2026,check,False
D100445,DON1398,2026-03-13,100.91,Spring Appeal,stock_transfer,False
D102174,DON1223,2025-02-16,24.6,Alumni Fund,stock_transfer,False
D102315,DON1268,2025-04-20,150.79,Alumni Fund,paypal,False
D102458,DON1348,2025-06-16,342.62,Spring Appeal,stock_transfer,False
D101094,DON1227,2026-03-13,70.74,Monthly Giving,paypal,True
D101828,DON1154,2025-06-07,350.99,Alumni Fund,paypal,False
D101156,DON1057,2026-05-31,139.23,Corporate Match,stock_transfer,False
D101325,DON1243,2024-11-14,83.67,Spring Appeal,credit_card,False
D100217,DON1274,2026-07-01,37.4,Year-End Giving,stock_transfer,False
D101351,DON1192,2024-12-26,472.19,Gala 2025,ach,False
D100511,DON1056,2025-12-23,339.32,Monthly Giving,stock_transfer,False
D101681,DON1022,2025-06-15,491.53,Year-End Giving,stock_transfer,False
D100500,DON1073,2025-05-02,54.32,Monthly Giving,credit_card,True
D102110,DON1145,2025-06-06,277.93,Corporate Match,check,False
D101857,DON1354,2025-08-27,177.24,Gala 2026,ach,True
D101389,DON1156,2024-10-13,398.92,Corporate Match,credit_card,False
D101520,DON1332,2025-02-28,180.78,Alumni Fund,ach,False
D102290,DON1138,2025-03-15,458.93,Gala 2025,ach,False
D101541,DON1037,2025-04-30,367.89,Corporate Match,ach,False
D101218,DON1324,2025-11-18,167.37,Corporate Match,paypal,False
D101417,DON1337,2024-10-06,399.82,Year-End Giving,check,True
D102116,DON1038,2025-05-08,297.38,Alumni Fund,ach,False
D101677,DON1234,2025-09-24,192.9,Gala 2025,stock_transfer,False
D101198,DON1029,2024-09-28,62.45,Monthly Giving,credit_card,False
D101543,DON1207,2026-01-12,199.85,Gala 2026,paypal,False
D100954,DON1244,2025-05-09,453.55,Corporate Match,paypal,False
D100751,DON1395,2025-02-13,427.65,Year-End Giving,paypal,False
D100235,DON1311,2026-06-03,59.62,Year-End Giving,ach,False
D100733,DON1235,2024-10-26,437.01,Corporate Match,paypal,False
D101607,DON1389,2025-11-12,173.13,Spring Appeal,ach,False
D101157,DON1358,2024-10-05,235.74,Year-End Giving,check,False
D102162,DON1185,2026-07-13,414.67,Year-End Giving,stock_transfer,False
D101210,DON1258,2025-02-09,267.28,Monthly Giving,credit_card,True
D101066,DON1254,2025-06-12,212.83,Alumni Fund,check,True
D101063,DON1256,2025-04-24,407.25,Corporate Match,credit_card,False
D101168,DON1217,2024-11-05,96.56,Gala 2025,stock_transfer,False
D101493,DON1117,2025-09-20,68.94,Corporate Match,check,True
D102079,DON1229,2025-03-20,134.34,Spring Appeal,ach,True
D100885,DON1066,2026-05-21,254.9,Corporate Match,check,False
D100144,DON1003,2024-12-10,378.64,Alumni Fund,credit_card,False
D102478,DON1073,2026-06-20,368.58,Alumni Fund,check,True
D100851,DON1120,2026-01-08,315.76,Gala 2026,paypal,False
D100718,DON1199,2025-04-04,464.48,Gala 2025,check,True
D102396,DON1318,2025-05-11,97.32,Gala 2025,credit_card,False
D100265,DON1145,2025-09-23,41.28,Gala 2025,check,False
D100076,DON1229,2025-02-09,459.45,Spring Appeal,credit_card,False
D100396,DON1244,2025-10-28,291.12,Year-End Giving,ach,False
D102139,DON1149,2025-05-19,173.66,Monthly Giving,check,False
D102360,DON1005,2025-10-10,228.32,Spring Appeal,ach,True
D100397,DON1377,2026-01-02,122.31,Alumni Fund,ach,False
D101366,DON9152,2026-05-29,160.69,Year-End Giving,ach,False
D102099,DON1037,2026-05-03,448.14,Gala 2025,stock_transfer,True
D101904,DON1022,2024-10-22,363.35,Gala 2025,check,False
D100596,DON1317,2025-02-09,73.96,Year-End Giving,credit_card,False
D101297,DON1387,2025-02-03,229.11,Year-End Giving,paypal,True
D101822,DON1248,2026-08-04,42.78,Corporate Match,ach,False
D100873,DON1327,2025-07-20,27.94,Year-End Giving,ach,False
D101549,DON1080,2025-11-01,446.8,Corporate Match,ach,False
D100037,DON1205,2026-01-14,285.21,Gala 2025,ach,False
D102123,DON1276,2026-06-18,30.5,Monthly Giving,credit_card,False
D102146,DON1184,2025-02-26,16.67,Alumni Fund,check,False
D100978,DON1335,2024-08-19,495.67,Corporate Match,credit_card,False
D101572,DON1266,2025-08-25,63.58,Year-End Giving,credit_card,False
D101123,DON1293,2025-11-13,487.01,Year-End Giving,stock_transfer,False
D101893,DON1194,2026-02-10,83.14,Gala 2025,stock_transfer,False
D100676,DON1228,2026-02-14,492.63,Gala 2026,ach,False
D100729,DON1008,2025-02-16,460.79,Gala 2026,paypal,True
D100413,DON1324,2026-01-09,323.88,Gala 2025,paypal,False
D101517,DON1291,2025-03-31,171.19,Gala 2025,paypal,False
D101650,DON1262,2025-09-21,74.61,Spring Appeal,credit_card,True
D100826,DON1318,2025-07-24,10.27,Gala 2026,check,False
D100617,DON1168,2025-09-29,464.47,Year-End Giving,stock_transfer,False
D100115,DON1074,2026-06-12,205.17,Spring Appeal,check,True
D100418,DON1269,2025-01-11,138.6,Year-End Giving,credit_card,False
D101626,DON1354,2025-02-07,236.2,Alumni Fund,paypal,False
D102476,DON1230,2026-07-29,35.59,Alumni Fund,credit_card,False
D100090,DON1339,2025-10-12,144.83,Monthly Giving,stock_transfer,False
D102083,DON1213,2025-08-06,171.86,Monthly Giving,credit_card,False
D100754,DON1199,2025-03-11,217.3,Alumni Fund,paypal,False
D101631,DON1223,2026-06-14,484.86,Spring Appeal,check,False
D100012,DON1332,2025-10-22,392.61,Alumni Fund,check,False
D100285,DON1195,2024-12-30,353.92,Year-End Giving,credit_card,False
D101067,DON1126,2025-07-09,273.99,Gala 2026,stock_transfer,False
D101192,DON1129,2025-06-15,157.52,Spring Appeal,check,False
D101441,DON1242,2026-05-18,308.67,Monthly Giving,ach,False
D102362,DON1212,2026-04-16,296.95,Alumni Fund,ach,True
D102361,DON1023,2024-12-31,427.3,Gala 2025,ach,False
D102280,DON1069,2025-08-03,53.35,Year-End Giving,check,False
D101569,DON1082,2026-03-10,99.85,Gala 2025,ach,False
D102166,DON1301,2026-03-20,443.55,Alumni Fund,stock_transfer,True
D101688,DON1356,2026-01-03,209.0,Alumni Fund,ach,False
D100852,DON1318,2025-04-19,469.42,Alumni Fund,credit_card,False
D100896,DON1169,2025-08-17,235.5,Monthly Giving,credit_card,False
D100497,DON1361,2025-07-10,231.29,Alumni Fund,credit_card,False
D101783,DON1121,2025-01-04,464.64,Gala 2026,stock_transfer,False
D100336,DON1108,2026-06-12,433.83,Gala 2026,credit_card,False
D100516,DON1133,2025-08-19,183.39,Year-End Giving,stock_transfer,False
D101349,DON1061,2024-10-20,351.18,Monthly Giving,paypal,True
D101016,DON1275,2024-11-09,224.9,Alumni Fund,paypal,True
D102368,DON1357,2025-08-31,51.47,Year-End Giving,stock_transfer,False
D101782,DON1208,2026-08-04,241.86,Spring Appeal,check,False
D101786,DON1358,2025-11-26,11.02,Year-End Giving,credit_card,True
D102071,DON1089,2026-03-05,422.37,Year-End Giving,check,False
D100357,DON1006,2026-07-26,405.2,Monthly Giving,ach,False
D102403,DON1393,2025-03-13,344.12,Gala 2026,check,False
D101313,DON1255,2025-12-29,383.72,Corporate Match,credit_card,False
D101636,DON1325,2025-09-18,395.54,Monthly Giving,check,False
D100551,DON1314,2025-12-23,72.5,Gala 2025,credit_card,False
D101228,DON1242,2025-01-02,330.08,Spring Appeal,check,False
D102253,DON1059,2024-11-04,89.43,Corporate Match,stock_transfer,True
D100958,DON1015,2026-05-14,452.3,Alumni Fund,check,False
D101774,DON1034,2025-09-20,91.15,Corporate Match,paypal,True
D102142,DON1162,2024-08-25,60.79,Year-End Giving,check,False
D101009,DON1188,2025-02-01,476.72,Gala 2026,paypal,False
D101093,DON1181,2026-02-21,388.25,Gala 2025,paypal,False
D102247,DON1130,2024-08-24,452.4,Spring Appeal,paypal,False
D100997,DON1064,2026-03-17,160.21,Alumni Fund,paypal,True
D101680,DON1071,2025-05-25,238.61,Alumni Fund,stock_transfer,False
D100154,DON1059,2024-10-24,495.54,Monthly Giving,credit_card,False
D100581,DON1342,2026-03-08,89.36,Spring Appeal,check,False
D101471,DON1213,2024-12-05,401.9,Gala 2025,paypal,False
D100704,DON1076,2026-04-19,385.11,Alumni Fund,paypal,False
D101213,DON1093,2026-02-16,389.95,Monthly Giving,check,True
D100897,DON1234,2026-06-10,398.25,Gala 2026,stock_transfer,False
D100488,DON1081,2025-05-05,474.81,Spring Appeal,ach,False
D100560,DON1073,2025-11-08,431.08,Alumni Fund,check,False
D101142,DON1192,2025-06-09,230.21,Spring Appeal,stock_transfer,False
D101120,DON1380,2025-05-18,393.28,Monthly Giving,check,False
D100513,DON1035,2025-11-11,41.81,Gala 2026,ach,True
D100634,DON1267,2024-09-01,177.97,Corporate Match,check,False
D102173,DON1060,2025-01-20,445.59,Spring Appeal,credit_card,False
D101665,DON1201,2024-09-18,250.92,Monthly Giving,stock_transfer,False
D101013,DON9472,2025-01-13,12.53,Corporate Match,ach,False
D101932,DON1176,2025-07-14,336.88,Monthly Giving,stock_transfer,True
D101151,DON1271,2024-12-21,44.03,Spring Appeal,paypal,False
D102365,DON1376,2025-04-27,202.81,Gala 2025,stock_transfer,False
D100117,DON1041,2024-09-13,36.31,Gala 2026,ach,False
D100741,DON1326,2024-10-26,82.82,Year-End Giving,ach,True
D102338,DON1019,2025-05-04,115.65,Year-End Giving,paypal,False
D101975,DON1379,2026-02-12,298.42,Corporate Match,paypal,False
D101082,DON1123,2025-11-28,42.01,Monthly Giving,credit_card,False
D101811,DON1255,2026-05-17,334.03,Gala 2025,credit_card,False
D100831,DON1009,2025-05-23,461.91,Monthly Giving,paypal,True
D100120,DON1044,2026-07-18,130.76,Spring Appeal,credit_card,False
D100657,DON1084,2025-12-15,321.76,Gala 2025,credit_card,False
D101115,DON1084,2025-12-25,424.09,Corporate Match,paypal,False
D102262,DON1151,2025-02-18,420.95,Year-End Giving,ach,False
D102470,DON9851,2024-12-28,173.18,Gala 2025,ach,True
D100636,DON1248,2025-02-08,424.3,Year-End Giving,check,False
D100370,DON1393,2026-02-19,139.62,Corporate Match,check,False
D100269,DON1352,2024-09-30,454.2,Corporate Match,check,False
D100047,DON1084,2025-04-01,422.87,Monthly Giving,check,False
D100992,DON1131,2024-12-23,80.19,Year-End Giving,credit_card,False
D100877,DON1227,2025-08-27,185.96,Spring Appeal,check,False
D100774,DON1177,2026-07-10,297.95,Corporate Match,check,False
D101220,DON1223,2026-03-14,104.22,Monthly Giving,credit_card,False
D101127,DON1006,2025-07-08,23.63,Corporate Match,stock_transfer,False
D100005,DON1124,2024-09-28,10.77,Gala 2025,ach,False
D101596,DON1104,2025-12-17,160.71,Spring Appeal,check,False
D101078,DON1364,2026-05-05,143.2,Spring Appeal,stock_transfer,False
D100838,DON1257,2026-03-05,333.32,Monthly Giving,stock_transfer,False
D100682,DON1056,2024-08-25,123.1,Year-End Giving,credit_card,True
D101716,DON1261,2025-02-07,380.16,Year-End Giving,ach,False
D101149,DON1088,2026-03-23,125.85,Spring Appeal,check,True
D100575,DON1396,2025-08-23,339.23,Alumni Fund,ach,False
D100051,DON1323,2024-11-15,196.29,Alumni Fund,ach,True
D100854,DON1261,2026-02-16,365.07,Gala 2026,ach,False
D101983,DON1065,2026-05-02,172.13,Spring Appeal,stock_transfer,False
D101824,DON1232,2025-11-24,18.39,Corporate Match,check,False
D100834,DON1193,2026-06-18,96.82,Alumni Fund,credit_card,True
D101116,DON1051,2025-04-25,60.87,Corporate Match,credit_card,False
D101167,DON1221,2025-08-04,143.57,Spring Appeal,credit_card,False
D101907,DON1116,2026-06-30,282.48,Monthly Giving,stock_transfer,True
D100972,DON1281,2025-08-04,378.61,Monthly Giving,credit_card,False
D100400,DON1295,2025-03-25,492.35,Monthly Giving,check,False
D100020,DON1190,2025-04-05,291.22,Monthly Giving,check,False
D100685,DON1252,2026-01-13,406.65,Monthly Giving,stock_transfer,True
D100036,DON1213,2026-05-19,307.26,Gala 2025,check,False
D102387,DON1326,2025-12-21,137.62,Spring Appeal,stock_transfer,False
D100525,DON1182,2025-04-06,421.96,Gala 2025,paypal,False
D100921,DON1390,2025-11-06,213.3,Alumni Fund,check,False
D101842,DON1310,2025-12-01,208.72,Year-End Giving,check,False
D101891,DON1241,2026-04-01,22.86,Monthly Giving,credit_card,True
D100538,DON1102,2025-08-08,271.41,Alumni Fund,paypal,False
D101706,DON1125,2025-05-28,69.3,Year-End Giving,credit_card,False
D102469,DON1224,2026-05-31,413.8,Year-End Giving,stock_transfer,False
D100246,DON1076,2025-07-28,456.29,Alumni Fund,credit_card,True
D100785,DON1071,2025-07-23,485.12,Alumni Fund,credit_card,False
D101410,DON1237,2026-01-22,227.39,Year-End Giving,ach,False
D100155,DON1112,2025-06-15,416.73,Alumni Fund,ach,False
D101687,DON1097,2024-09-17,484.95,Alumni Fund,credit_card,False
D100626,DON1035,2025-05-24,77.82,Gala 2025,ach,False
D102421,DON1354,2026-06-12,309.75,Monthly Giving,ach,False
D101347,DON1032,2025-04-23,255.75,Corporate Match,check,True
D100570,DON1296,2025-07-20,324.71,Alumni Fund,credit_card,True
D101759,DON1038,2025-01-28,156.24,Monthly Giving,paypal,False
D101817,DON1232,2025-03-11,419.24,Monthly Giving,paypal,False
D102066,DON1044,2024-10-10,20.97,Year-End Giving,ach,True
D100128,DON1226,2026-03-29,431.16,Monthly Giving,ach,False
D101538,DON1361,2025-04-21,204.16,Corporate Match,paypal,False
D102007,DON1269,2024-10-19,229.19,Gala 2025,credit_card,True
D100981,DON1049,2026-05-24,247.25,Corporate Match,paypal,False
D100191,DON1019,2026-06-22,372.93,Gala 2026,ach,False
D101140,DON1393,2024-11-08,110.86,Corporate Match,paypal,False
D100993,DON1325,2025-09-04,192.35,Corporate Match,stock_transfer,False
D100700,DON1334,2025-12-10,156.96,Corporate Match,stock_transfer,False
D100607,DON1077,2024-12-25,242.46,Year-End Giving,ach,False
D100181,DON1393,2026-03-30,50.39,Monthly Giving,stock_transfer,False
D100302,DON1252,2026-05-19,146.3,Monthly Giving,ach,False
D101061,DON1044,2025-12-01,97.25,Monthly Giving,check,False
D102379,DON9023,2024-12-08,239.54,Spring Appeal,credit_card,False
D102422,DON1376,2024-09-04,441.19,Alumni Fund,credit_card,True
D101070,DON1179,2026-02-06,391.54,Year-End Giving,check,False
D102206,DON1001,2025-04-19,444.1,Spring Appeal,credit_card,False
D101244,DON1059,2025-11-14,142.45,Monthly Giving,paypal,False
D100017,DON1328,2025-03-12,46.77,Corporate Match,paypal,False
D102405,DON1232,2025-12-31,399.45,Year-End Giving,check,False
D100547,DON1056,2025-05-03,411.73,Gala 2025,paypal,False
D100659,DON1162,2025-11-22,157.53,Corporate Match,check,True
D102274,DON1078,2026-03-25,109.48,Spring Appeal,paypal,False
D102304,DON1347,2024-08-25,400.35,Corporate Match,ach,False
D101505,DON1396,2026-05-01,333.61,Gala 2025,credit_card,False
D100960,DON1115,2026-06-04,304.33,Corporate Match,check,False
D100798,DON1230,2025-08-07,232.04,Year-End Giving,stock_transfer,False
D100226,DON1376,2026-07-15,367.13,Corporate Match,stock_transfer,False
D102075,DON1016,2025-11-13,177.93,Spring Appeal,paypal,True
D101800,DON1085,2025-08-19,248.58,Gala 2025,ach,True
D102494,DON1225,2025-12-21,191.76,Alumni Fund,paypal,False
D102086,DON1324,2025-11-07,164.37,Corporate Match,credit_card,False
D101694,DON1250,2026-05-24,133.56,Spring Appeal,credit_card,False
D101046,DON1006,2025-09-16,482.96,Year-End Giving,check,False
D100470,DON1102,2026-01-10,106.09,Monthly Giving,stock_transfer,False
D100955,DON1074,2025-05-27,394.58,Corporate Match,stock_transfer,True
D102288,DON1208,2024-11-03,140.87,Alumni Fund,paypal,False
D100640,DON1256,2026-03-11,464.63,Year-End Giving,credit_card,False
D102341,DON1327,2025-05-24,345.62,Corporate Match,check,False
D101219,DON1294,2025-10-16,250.64,Corporate Match,check,False
D101159,DON1144,2026-04-19,120.66,Gala 2025,check,False
D101416,DON1075,2025-12-11,294.11,Alumni Fund,credit_card,False
D102283,DON1305,2024-11-27,372.55,Gala 2026,ach,False
D101528,DON1080,2024-11-25,252.3,Alumni Fund,ach,False
D102460,DON1393,2025-02-12,489.59,Corporate Match,check,False
D101301,DON1134,2025-08-21,366.81,Gala 2025,credit_card,False
D102415,DON1206,2025-11-16,20271.52,Spring Appeal,stock_transfer,False
D101604,DON1043,2025-12-21,252.43,Monthly Giving,stock_transfer,False
D100161,DON1127,2025-03-20,249.83,Monthly Giving,check,False
D101705,DON1286,2025-06-08,52.75,Corporate Match,check,False
D100957,DON1060,2024-09-29,129.24,Year-End Giving,credit_card,True
D102455,DON1341,2026-01-08,159.51,Alumni Fund,stock_transfer,False
D100878,DON1330,2025-05-13,121.59,Spring Appeal,credit_card,False
D101920,DON1064,2025-09-25,291.76,Spring Appeal,stock_transfer,False
D101885,DON1400,2025-06-10,21.86,Alumni Fund,credit_card,True
D102201,DON1210,2024-09-19,94.12,Alumni Fund,ach,False
D100099,DON1134,2026-05-15,238.34,Alumni Fund,paypal,False
D102385,DON1084,2025-05-07,35.54,Gala 2025,credit_card,False
D100254,DON1374,2026-01-01,102.09,Year-End Giving,paypal,False
D100104,DON1278,2026-06-22,266.73,Alumni Fund,credit_card,False
D101446,DON1234,2025-10-06,19086.78,Year-End Giving,check,False
D101444,DON1156,2025-08-21,366.09,Alumni Fund,check,False
D101649,DON1168,2026-03-29,325.37,Gala 2025,stock_transfer,False
D100587,DON1245,2026-05-27,392.66,Alumni Fund,credit_card,False
D100628,DON1258,2025-01-11,41.05,Gala 2025,paypal,False
D101697,DON1304,2026-03-17,468.41,Gala 2026,credit_card,False
D102102,DON1243,2026-06-29,416.12,Year-End Giving,ach,False
D102200,DON9589,2025-10-12,41.05,Gala 2026,ach,False
D100404,DON1138,2025-08-27,189.3,Gala 2026,paypal,False
D101155,DON1371,2024-12-09,452.41,Spring Appeal,credit_card,False
D102256,DON1223,2025-12-06,223.9,Monthly Giving,check,False
D101683,DON1215,2026-07-31,276.56,Monthly Giving,credit_card,False
D102057,DON1392,2026-01-20,54.15,Spring Appeal,stock_transfer,False
D102398,DON1011,2025-04-18,80.73,Gala 2026,ach,False
D100453,DON1050,2026-03-05,198.81,Year-End Giving,stock_transfer,False
D102302,DON1337,2025-08-20,222.14,Monthly Giving,paypal,False
D101328,DON1219,2025-10-11,316.01,Gala 2026,check,False
D102050,DON1101,2024-08-18,496.17,Spring Appeal,ach,False
D100881,DON1178,2025-12-29,208.82,Monthly Giving,credit_card,False
D102457,DON1122,2026-07-06,229.07,Gala 2025,credit_card,True
D100624,DON1351,2026-07-19,370.52,Spring Appeal,stock_transfer,False
D102335,DON1071,2024-10-31,488.43,Corporate Match,credit_card,True
D101788,DON1159,2025-12-26,295.6,Spring Appeal,stock_transfer,True
D100263,DON1141,2025-08-29,180.87,Gala 2025,ach,False
D101635,DON1033,2025-09-11,130.59,Gala 2025,ach,False
D101439,DON1034,2025-06-10,56.34,Alumni Fund,paypal,False
D102199,DON1065,2026-06-14,6201800.16,Year-End Giving,check,False
D101970,DON1238,2024-11-18,261.56,Year-End Giving,credit_card,True
D101803,DON1257,2024-12-28,343.37,Alumni Fund,stock_transfer,False
D100641,DON1260,2024-09-04,242.22,Gala 2025,stock_transfer,False
D102388,DON1094,2025-12-06,186.28,Monthly Giving,ach,False
D101960,DON1048,2025-11-09,316.44,Gala 2026,paypal,False
D100489,DON1373,2026-01-08,486.72,Gala 2026,check,False
D101844,DON1024,2025-01-02,75.15,Year-End Giving,check,False
D101735,DON1284,2024-10-16,94.2,Alumni Fund,paypal,False
D100147,DON1362,2025-03-06,299.18,Corporate Match,ach,False
D101535,DON1138,2024-10-11,313.21,Gala 2026,stock_transfer,False
D101987,DON1183,2026-01-31,276.54,Gala 2026,paypal,False
D101370,DON1346,2026-05-23,202.99,Spring Appeal,check,False
D102473,DON1081,2026-01-15,324.84,Corporate Match,ach,False
D100660,DON1074,2024-09-24,192.78,Gala 2026,paypal,False
D101795,DON1077,2025-03-26,173.04,Gala 2025,stock_transfer,False
D100187,DON1376,2026-04-15,24.38,Alumni Fund,paypal,False
D101148,DON1164,2025-03-13,252.03,Spring Appeal,check,False
D100609,DON1276,2026-05-19,247.68,Spring Appeal,credit_card,False
D102192,DON1003,2024-10-17,290.1,Year-End Giving,credit_card,False
D101931,DON1021,2024-12-16,281.72,Alumni Fund,stock_transfer,False
D100198,DON1122,2025-06-11,486.55,Year-End Giving,check,True
D102328,DON9686,2024-10-03,475.39,Alumni Fund,credit_card,False
D100294,DON1059,2025-08-07,143.2,Gala 2026,paypal,False
D100767,DON1276,2025-04-17,237.08,Gala 2026,paypal,True
D100401,DON1066,2025-04-06,244.38,Monthly Giving,credit_card,False
D100123,DON1014,2025-11-04,302.49,Alumni Fund,check,False
D100203,DON1062,2025-08-20,111.74,Gala 2025,paypal,False
D100836,DON1321,2026-07-02,124.79,Gala 2026,check,True
D102295,DON1229,2026-06-14,127.37,Gala 2026,check,True
D101440,DON1094,2025-06-20,123.58,Gala 2025,stock_transfer,False
D101734,DON1113,2025-02-12,140.7,Monthly Giving,check,False
D101696,DON1159,2026-05-28,231.09,Monthly Giving,paypal,True
D101708,DON1299,2026-01-07,123.8,Year-End Giving,check,True
D102453,DON1205,2024-12-16,39.99,Alumni Fund,stock_transfer,True
D101154,DON1115,2025-02-28,7102.71,Gala 2025,paypal,False
D101662,DON1383,2025-08-28,115.03,Monthly Giving,check,False
D101760,DON1013,2025-11-19,17.86,Gala 2026,ach,False
D100855,DON1031,2026-06-23,261.43,Corporate Match,check,False
D101590,DON1232,2026-07-11,389.54,Monthly Giving,paypal,True
D102268,DON1258,2025-01-07,33.05,Gala 2025,paypal,True
D100642,DON1374,2025-11-19,347.68,Corporate Match,paypal,False
D100002,DON1316,2026-07-10,135.4,Alumni Fund,ach,False
D102161,DON1264,2025-02-03,179.22,Year-End Giving,check,False
D100699,DON1304,2026-02-27,402.58,Gala 2026,paypal,False
D101637,DON1100,2024-10-27,392.98,Monthly Giving,ach,False
D101292,DON1101,2026-01-15,408.8,Corporate Match,paypal,False
D102407,DON1294,2025-03-16,300.34,Spring Appeal,credit_card,False
D101521,DON1171,2024-11-02,404.53,Year-End Giving,check,False
D101854,DON1140,2026-03-25,162.01,Gala 2026,credit_card,True
D101137,DON1071,2026-05-07,470.53,Gala 2025,check,False
D102440,DON1297,2026-07-01,275.1,Gala 2025,check,False
D101632,DON1166,2025-04-01,79.32,Monthly Giving,paypal,False
D101999,DON1248,2026-08-07,200.65,Monthly Giving,ach,False
D100664,DON1306,2026-05-29,94.38,Gala 2025,credit_card,False
D100684,DON1050,2025-07-10,264.77,Gala 2026,paypal,False
D101258,DON1368,2024-09-26,496.07,Gala 2025,credit_card,False
D100318,DON1364,2025-08-21,245.38,Monthly Giving,paypal,False
D100649,DON1301,2026-04-25,158.58,Alumni Fund,stock_transfer,False
D101435,DON1369,2025-03-24,105.45,Alumni Fund,stock_transfer,False
D101480,DON1269,2024-10-23,180.85,Year-End Giving,credit_card,False
D100710,DON1204,2026-04-14,78.87,Spring Appeal,stock_transfer,False
D101283,DON1087,2025-07-07,494.51,Alumni Fund,credit_card,False
D101769,DON1342,2025-11-06,287.51,Spring Appeal,ach,False
D100973,DON1235,2024-11-14,226.52,Gala 2026,check,False
D101307,DON1022,2024-11-15,122.7,Alumni Fund,ach,True
D101401,DON1377,2025-06-30,182.49,Year-End Giving,paypal,False
D101409,DON1242,2025-06-16,168.13,Gala 2025,credit_card,False
D102238,DON9020,2026-04-12,457.86,Alumni Fund,stock_transfer,True
D101497,DON1272,2025-02-05,343.39,Corporate Match,stock_transfer,False
D102039,DON1225,2025-09-18,6139388.31,Gala 2026,credit_card,True
D101530,DON1285,2026-01-09,212.04,Alumni Fund,stock_transfer,False
D101664,DON9850,2025-05-23,254.8,Corporate Match,paypal,False
D101355,DON1198,2024-08-23,496.94,Gala 2026,check,False
D102463,DON1025,2025-03-26,158.48,Gala 2025,ach,False
D102480,DON1309,2025-08-15,249.28,Monthly Giving,credit_card,False
D101644,DON1217,2026-06-07,156.11,Year-End Giving,ach,False
D101052,DON1074,2025-11-10,455.47,Gala 2026,credit_card,False
D100796,DON1277,2025-06-25,389.34,Corporate Match,paypal,False
D101598,DON1084,2026-03-06,312.96,Year-End Giving,stock_transfer,False
D101820,DON1176,2026-02-01,272.06,Gala 2026,check,True
D101723,DON1157,2025-08-31,341.29,Gala 2025,check,False
D101184,DON1176,2026-04-30,399.71,Monthly Giving,check,False
D101060,DON1115,2025-11-27,185.08,Monthly Giving,check,True
D100541,DON1167,2026-06-18,242.91,Gala 2025,paypal,False
D101679,DON1345,2026-04-24,275.71,Gala 2025,paypal,True
D102431,DON1198,2026-03-23,109.88,Alumni Fund,paypal,False
D101758,DON1208,2025-08-25,209.76,Monthly Giving,paypal,True
D101924,DON1383,2025-01-24,20.41,Alumni Fund,check,False
D100096,DON1371,2024-10-04,112.36,Gala 2025,check,False
D101021,DON1011,2025-12-22,16.69,Corporate Match,ach,True
D100564,DON1306,2026-04-19,286.22,Spring Appeal,paypal,False
D100864,DON1146,2026-01-20,362.23,Gala 2025,stock_transfer,False
D101485,DON1315,2026-07-20,100.47,Corporate Match,check,False
D101882,DON1134,2025-08-27,97.37,Gala 2026,paypal,False
D101039,DON1351,2025-10-21,46.74,Gala 2026,stock_transfer,False
D100207,DON1072,2025-06-26,392.67,Year-End Giving,ach,True
D100393,DON1235,2026-06-03,432.39,Gala 2026,credit_card,False
D100871,DON1315,2025-12-11,378.14,Corporate Match,stock_transfer,False
D100398,DON1399,2025-11-22,341.15,Corporate Match,paypal,False
D102425,DON1222,2025-02-16,18763.78,Year-End Giving,credit_card,True
D101029,DON1025,2025-08-08,18208.62,Gala 2025,ach,False
D101486,DON1343,2026-03-04,493.95,Gala 2025,ach,False
D100961,DON1377,2025-08-05,394.69,Alumni Fund,paypal,False
D101571,DON1390,2026-06-30,443.17,Spring Appeal,stock_transfer,False
D101896,DON1317,2025-07-14,388.46,Alumni Fund,stock_transfer,True
D102147,DON1210,2025-03-29,322.91,Gala 2026,credit_card,True
D100805,DON1109,2026-05-01,86.85,Monthly Giving,check,False
D101752,DON1284,2025-05-01,84.83,Year-End Giving,ach,False
D100503,DON1059,2025-11-15,51.8,Corporate Match,paypal,False
D100780,DON1117,2026-01-02,136.33,Gala 2025,check,False
D101864,DON1231,2024-08-18,462.55,Monthly Giving,credit_card,True
D100201,DON1162,2025-11-05,417.63,Gala 2025,check,False
D102183,DON1045,2025-02-27,446.99,Year-End Giving,check,True
D102089,DON1351,2024-12-31,305.46,Corporate Match,check,True
D102279,DON1177,2025-03-23,194.7,Gala 2026,ach,True
D101797,DON1243,2025-02-02,201.49,Gala 2025,credit_card,True
D100379,DON1290,2025-03-01,343.5,Alumni Fund,ach,False
D102337,DON1385,2026-03-19,313.95,Gala 2026,stock_transfer,False
D100419,DON1159,2024-12-12,227.15,Year-End Giving,ach,False
D101699,DON1265,2025-11-10,153.76,Year-End Giving,credit_card,False
D100392,DON1295,2026-01-14,194.77,Gala 2026,ach,False
D101523,DON1363,2026-03-04,224.51,Gala 2025,ach,False
D101163,DON1055,2025-10-12,188.19,Gala 2026,stock_transfer,False
D101496,DON1308,2025-01-07,269.98,Spring Appeal,stock_transfer,False
D102028,DON1165,2025-01-21,285.4,Gala 2025,paypal,True
D101153,DON1233,2026-01-30,456.13,Alumni Fund,check,False
D101368,DON1242,2025-01-24,114.12,Gala 2026,paypal,False
D100065,DON1254,2025-06-02,437.42,Gala 2025,credit_card,True
D102063,DON1199,2024-08-29,113.89,Spring Appeal,check,False
D101181,DON1185,2025-09-18,461.12,Gala 2026,credit_card,False
D100493,DON1199,2025-02-07,104.7,Spring Appeal,paypal,False
D100380,DON1248,2025-02-03,247.04,Gala 2025,stock_transfer,False
D102236,DON1090,2026-06-17,382.38,Year-End Giving,check,False
D100764,DON1309,2025-05-24,408.43,Monthly Giving,check,False
D102265,DON1006,2025-12-07,370.05,Year-End Giving,credit_card,False
D100792,DON1271,2026-05-13,207.93,Corporate Match,ach,False
D101077,DON9853,2025-08-04,232.61,Corporate Match,check,False
D100879,DON1171,2026-01-15,158.33,Alumni Fund,check,True
D100338,DON1020,2026-04-15,399.17,Monthly Giving,credit_card,False
D102344,DON1194,2026-08-11,323.64,Alumni Fund,check,False
D101017,DON1223,2026-03-29,357.52,Spring Appeal,ach,False
D101276,DON1370,2025-02-04,183.93,Gala 2026,paypal,False
D100456,DON1274,2026-02-02,182.64,Gala 2025,stock_transfer,False
D100816,DON1362,2026-06-04,51.48,Monthly Giving,stock_transfer,False
D102318,DON1255,2025-04-08,257.78,Year-End Giving,ach,False
D100996,DON1075,2026-02-25,14.83,Gala 2026,ach,False
D101982,DON1138,2025-05-07,275.51,Alumni Fund,stock_transfer,False
D100202,DON1104,2025-12-03,63.4,Spring Appeal,ach,False
D100162,DON1039,2025-09-25,55.62,Monthly Giving,check,False
D101580,DON1004,2024-11-10,408.72,Alumni Fund,stock_transfer,True
D102450,DON1275,2024-11-06,196.6,Alumni Fund,stock_transfer,False
D100703,DON1315,2024-11-14,467.97,Corporate Match,credit_card,False
D101501,DON1305,2025-01-15,211.08,Year-End Giving,paypal,False
D101130,DON1141,2026-07-13,21.34,Monthly Giving,credit_card,True
D101022,DON1220,2026-05-30,222.82,Gala 2025,check,False
D101586,DON1321,2025-03-23,216.36,Gala 2026,paypal,False
D101956,DON1038,2025-10-23,232.04,Alumni Fund,ach,False
D102254,DON1359,2025-04-27,399.68,Corporate Match,ach,True
D100035,DON1248,2025-04-03,208.99,Gala 2026,credit_card,False
D100776,DON1345,2024-08-25,241.44,Alumni Fund,ach,False
D101479,DON1241,2025-10-17,457.65,Spring Appeal,stock_transfer,False
D101391,DON1205,2025-01-03,143.61,Gala 2026,ach,True
D102140,DON1356,2025-09-23,429.23,Spring Appeal,ach,True
D101364,DON1102,2026-02-01,78.38,Corporate Match,check,False
D102042,DON1346,2025-02-13,398.68,Gala 2026,credit_card,False
D100242,DON1284,2025-02-11,266.07,Monthly Giving,paypal,False
D102062,DON1118,2025-09-24,144.98,Gala 2026,check,False
D102364,DON1028,2025-05-20,371.28,Gala 2025,credit_card,True
D100601,DON1298,2024-11-26,425.21,Monthly Giving,paypal,False
D102436,DON1392,2024-11-06,208.97,Gala 2026,paypal,False
D101298,DON1164,2026-03-25,205.06,Year-End Giving,paypal,False
D102215,DON1110,2025-01-07,366.9,Gala 2026,check,False
D102069,DON1186,2025-10-18,253.23,Alumni Fund,paypal,False
D100647,DON1146,2026-02-21,228.33,Monthly Giving,credit_card,False
D101529,DON1332,2026-01-21,155.43,Spring Appeal,stock_transfer,False
D101268,DON1060,2025-11-05,479.23,Gala 2026,check,True
D101900,DON1345,2026-04-04,313.35,Gala 2025,ach,False
D100563,DON1241,2025-09-02,182.93,Alumni Fund,check,False
D100190,DON1023,2025-03-28,5919.63,Gala 2025,paypal,False
D101807,DON1303,2025-11-27,446.84,Alumni Fund,credit_card,False
D100976,DON1092,2026-01-11,262.56,Gala 2025,stock_transfer,False
D102048,DON1012,2025-02-19,92.07,Corporate Match,stock_transfer,False
D101083,DON1283,2026-02-12,127.76,Spring Appeal,stock_transfer,False
D100475,DON1008,2024-11-01,159.51,Gala 2026,credit_card,False
D100748,DON1305,2026-07-21,31.49,Monthly Giving,paypal,False
D102301,DON1374,2024-12-12,466.94,Gala 2025,check,True
D100022,DON1397,2024-10-31,498.22,Gala 2025,paypal,False
D100460,DON1162,2025-08-22,347.96,Gala 2025,stock_transfer,False
D101185,DON1256,2026-02-09,343.65,Monthly Giving,check,False
D102325,DON1208,2024-11-02,445.33,Gala 2025,ach,False
D100956,DON1045,2026-05-21,278.89,Alumni Fund,paypal,True
D101216,DON1376,2025-05-30,441.57,Corporate Match,paypal,False
D102434,DON1081,2024-12-25,308.3,Spring Appeal,stock_transfer,False
D101516,DON1268,2024-10-13,404.56,Corporate Match,paypal,False
D102392,DON1294,2026-07-23,101.29,Year-End Giving,credit_card,True
D100770,DON1378,2024-11-16,499.52,Spring Appeal,paypal,False
D101686,DON1353,2024-09-23,323.83,Gala 2026,ach,False
D100131,DON1103,2024-12-25,344.04,Monthly Giving,credit_card,False
D102136,DON1251,2026-05-01,447.31,Monthly Giving,paypal,False
D101483,DON1315,2026-03-22,251.47,Alumni Fund,stock_transfer,True
D100331,DON1170,2025-03-27,378.8,Monthly Giving,paypal,False
D101239,DON1063,2025-03-22,469.8,Year-End Giving,paypal,False
D100467,DON1114,2026-06-05,498.71,Gala 2026,stock_transfer,False
D102170,DON1084,2025-01-12,398.25,Year-End Giving,credit_card,False
D101639,DON1165,2025-05-27,305.27,Corporate Match,check,True
D101096,DON1161,2025-10-21,257.91,Gala 2025,credit_card,False
D101131,DON1063,2026-06-02,448.36,Spring Appeal,credit_card,False
D101295,DON1179,2025-05-25,98.23,Gala 2025,ach,False
D100861,DON9229,2026-03-03,114.44,Gala 2026,check,False
