employee_id,week_ending_date,hours_logged,program_area
EMP1001,2026-08-14,19.3,College Persistence
EMP1001,2026-08-07,20.5,Career Readiness
EMP1001,2026-07-31,21.2,Alumni Support
EMP1001,2026-07-24,17.2,College Persistence
EMP1001,2026-07-17,18.2,Alumni Support
EMP1001,2026-07-10,21.1,College Persistence
EMP1001,2026-07-03,17.1,College Access
EMP1001,2026-06-26,17.6,College Persistence
EMP1001,2026-06-19,17.0,College Access
EMP1001,2026-06-12,16.6,College Access
EMP1001,2026-06-05,16.2,Career Readiness
EMP1001,2026-05-29,18.3,Alumni Support
EMP1001,2026-05-22,16.6,Alumni Support
EMP1001,2026-05-15,17.3,Alumni Support
EMP1001,2026-05-08,16.1,Alumni Support
EMP1001,2026-05-01,18.7,College Persistence
EMP1001,2026-04-24,16.3,College Persistence
EMP1001,2026-04-17,20.7,College Access
EMP1001,2026-04-10,19.6,College Persistence
EMP1001,2026-04-03,18.3,Alumni Support
EMP1001,2026-03-27,20.3,College Access
EMP1001,2026-03-20,19.4,College Persistence
EMP1001,2026-03-13,18.5,College Access
EMP1001,2026-03-06,16.1,Alumni Support
EMP1001,2026-02-27,18.9,Career Readiness
EMP1001,2026-02-20,16.2,College Access
EMP1001,2026-02-13,19.0,College Persistence
EMP1001,2026-02-06,18.0,College Access
EMP1001,2026-01-30,16.2,Alumni Support
EMP1001,2026-01-23,17.3,Alumni Support
EMP1001,2026-01-16,16.5,College Access
EMP1001,2026-01-09,19.9,College Persistence
EMP1001,2026-01-02,17.0,College Access
EMP1001,2025-12-26,17.2,Alumni Support
EMP1001,2025-12-19,19.4,Alumni Support
EMP1001,2025-12-12,21.3,Alumni Support
EMP1001,2025-12-05,19.0,College Persistence
EMP1001,2025-11-28,16.7,Career Readiness
EMP1001,2025-11-21,17.9,Career Readiness
EMP1001,2025-11-14,20.5,College Access
EMP1001,2025-11-07,22.0,College Access
EMP1001,2025-10-31,19.4,College Access
EMP1001,2025-10-24,18.8,College Access
EMP1001,2025-10-17,18.7,Career Readiness
EMP1001,2025-10-10,17.5,College Access
EMP1001,2025-10-03,21.9,College Persistence
EMP1001,2025-09-26,21.0,Career Readiness
EMP1001,2025-09-19,17.8,College Persistence
EMP1001,2025-09-12,17.1,College Persistence
EMP1001,2025-09-05,16.6,Alumni Support
EMP1001,2025-08-29,16.1,Career Readiness
EMP1001,2025-08-22,17.1,Career Readiness
EMP1001,2025-08-15,20.5,College Persistence
EMP1001,2025-08-08,21.7,College Access
EMP1001,2025-08-01,19.5,Career Readiness
EMP1001,2025-07-25,20.5,Alumni Support
EMP1001,2025-07-18,20.8,Alumni Support
EMP1001,2025-07-11,21.3,Alumni Support
EMP1001,2025-07-04,19.7,College Persistence
EMP1001,2025-06-27,20.0,Alumni Support
EMP1001,2025-06-20,19.8,Career Readiness
EMP1001,2025-06-13,17.9,College Persistence
EMP1001,2025-06-06,21.5,Alumni Support
EMP1001,2025-05-30,18.5,Alumni Support
EMP1001,2025-05-23,19.6,Career Readiness
EMP1001,2025-05-16,20.3,College Access
EMP1001,2025-05-09,21.8,College Persistence
EMP1001,2025-05-02,17.6,Career Readiness
EMP1001,2025-04-25,21.0,Career Readiness
EMP1001,2025-04-18,19.5,Career Readiness
EMP1001,2025-04-11,16.7,College Access
EMP1001,2025-04-04,16.8,College Access
EMP1001,2025-03-28,19.4,College Access
EMP1001,2025-03-21,17.9,College Access
EMP1001,2025-03-14,17.0,Alumni Support
EMP1001,2025-03-07,19.2,Alumni Support
EMP1001,2025-02-28,22.0,Career Readiness
EMP1001,2025-02-21,20.4,Alumni Support
EMP1001,2025-02-14,17.5,Alumni Support
EMP1001,2025-02-07,20.7,Alumni Support
EMP1001,2025-01-31,16.8,Alumni Support
EMP1001,2025-01-24,18.3,College Access
EMP1001,2025-01-17,21.4,Career Readiness
EMP1001,2025-01-10,17.9,Career Readiness
EMP1001,2025-01-03,16.1,College Persistence
EMP1001,2024-12-27,18.6,College Access
EMP1001,2024-12-20,21.9,College Access
EMP1001,2024-12-13,19.4,Alumni Support
EMP1001,2024-12-06,17.7,College Persistence
EMP1001,2024-11-29,16.5,Career Readiness
EMP1001,2024-11-22,16.3,Alumni Support
EMP1001,2024-11-15,19.4,College Persistence
EMP1001,2024-11-08,18.4,College Persistence
EMP1001,2024-11-01,21.0,Career Readiness
EMP1001,2024-10-25,21.9,Career Readiness
EMP1001,2024-10-18,19.2,Alumni Support
EMP1001,2024-10-11,17.6,College Access
EMP1001,2024-10-04,19.0,College Access
EMP1001,2024-09-27,17.3,Alumni Support
EMP1001,2024-09-20,17.9,Alumni Support
EMP1001,2024-09-13,17.1,College Access
EMP1001,2024-09-06,17.0,College Persistence
EMP1001,2024-08-30,17.2,Alumni Support
EMP1001,2024-08-23,20.1,College Persistence
EMP1002,2026-08-14,41.2,
EMP1002,2026-08-07,38.2,
EMP1002,2026-07-31,38.0,
EMP1002,2026-07-24,41.3,
EMP1002,2026-07-17,40.6,
EMP1002,2026-07-10,36.0,
EMP1002,2026-07-03,36.1,
EMP1002,2026-06-26,39.3,
EMP1002,2026-06-19,38.3,
EMP1002,2026-06-12,40.8,
EMP1002,2026-06-05,40.5,
EMP1002,2026-05-29,42.0,
EMP1002,2026-05-22,38.7,
EMP1002,2026-05-15,39.6,
EMP1002,2026-05-08,39.7,
EMP1002,2026-05-01,36.0,
EMP1002,2026-04-24,39.1,
EMP1002,2026-04-17,40.6,
EMP1002,2026-04-10,39.4,
EMP1002,2026-04-03,36.5,
EMP1002,2026-03-27,37.5,
EMP1002,2026-03-20,38.4,
EMP1002,2026-03-13,36.0,
EMP1002,2026-03-06,39.5,
EMP1002,2026-02-27,41.1,
EMP1002,2026-02-20,36.6,
EMP1002,2026-02-13,39.4,
EMP1002,2026-02-06,40.4,
EMP1002,2026-01-30,36.9,
EMP1002,2026-01-23,37.4,
EMP1002,2026-01-16,40.1,
EMP1002,2026-01-09,37.2,
EMP1002,2026-01-02,38.7,
EMP1002,2025-12-26,41.0,
EMP1002,2025-12-19,40.0,
EMP1002,2025-12-12,41.7,
EMP1002,2025-12-05,39.5,
EMP1002,2025-11-28,38.8,
EMP1002,2025-11-21,40.3,
EMP1002,2025-11-14,36.3,
EMP1002,2025-11-07,36.1,
EMP1002,2025-10-31,40.8,
EMP1002,2025-10-24,38.0,
EMP1002,2025-10-17,39.3,
EMP1002,2025-10-10,41.1,
EMP1002,2025-10-03,36.5,
EMP1002,2025-09-26,41.1,
EMP1002,2025-09-19,41.5,
EMP1002,2025-09-12,38.6,
EMP1002,2025-09-05,42.0,
EMP1002,2025-08-29,38.3,
EMP1002,2025-08-22,36.2,
EMP1002,2025-08-15,36.1,
EMP1002,2025-08-08,39.6,
EMP1002,2025-08-01,41.0,
EMP1002,2025-07-25,39.5,
EMP1002,2025-07-18,37.7,
EMP1002,2025-07-11,37.3,
EMP1002,2025-07-04,38.6,
EMP1002,2025-06-27,41.3,
EMP1002,2025-06-20,40.3,
EMP1002,2025-06-13,37.5,
EMP1002,2025-06-06,38.7,
EMP1002,2025-05-30,41.6,
EMP1002,2025-05-23,39.1,
EMP1002,2025-05-16,36.5,
EMP1002,2025-05-09,36.6,
EMP1002,2025-05-02,39.6,
EMP1002,2025-04-25,39.9,
EMP1002,2025-04-18,40.2,
EMP1002,2025-04-11,38.0,
EMP1002,2025-04-04,36.8,
EMP1002,2025-03-28,39.4,
EMP1002,2025-03-21,40.8,
EMP1002,2025-03-14,36.9,
EMP1002,2025-03-07,36.1,
EMP1002,2025-02-28,39.8,
EMP1002,2025-02-21,40.8,
EMP1002,2025-02-14,40.0,
EMP1002,2025-02-07,36.4,
EMP1002,2025-01-31,37.2,
EMP1002,2025-01-24,40.6,
EMP1002,2025-01-17,37.7,
EMP1002,2025-01-10,38.5,
EMP1002,2025-01-03,38.7,
EMP1002,2024-12-27,38.3,
EMP1002,2024-12-20,39.4,
EMP1002,2024-12-13,39.6,
EMP1002,2024-12-06,37.7,
EMP1002,2024-11-29,41.3,
EMP1002,2024-11-22,37.6,
EMP1002,2024-11-15,38.4,
EMP1002,2024-11-08,38.6,
EMP1002,2024-11-01,40.3,
EMP1002,2024-10-25,36.6,
EMP1002,2024-10-18,39.3,
EMP1002,2024-10-11,37.6,
EMP1002,2024-10-04,39.9,
EMP1002,2024-09-27,36.1,
EMP1002,2024-09-20,36.8,
EMP1002,2024-09-13,40.6,
EMP1002,2024-09-06,41.5,
EMP1002,2024-08-30,40.1,
EMP1002,2024-08-23,36.9,
EMP1003,2026-08-14,36.8,College Persistence
EMP1003,2026-08-07,39.1,Career Readiness
EMP1003,2026-07-31,41.8,College Persistence
EMP1003,2026-07-24,41.8,Alumni Support
EMP1003,2026-07-17,36.8,Career Readiness
EMP1003,2026-07-10,39.0,College Access
EMP1003,2026-07-03,39.0,Career Readiness
EMP1003,2026-06-26,41.4,Alumni Support
EMP1003,2026-06-19,37.4,Career Readiness
EMP1003,2026-06-12,39.8,College Persistence
EMP1003,2026-06-05,38.5,College Persistence
EMP1003,2026-05-29,41.7,College Persistence
EMP1003,2026-05-22,38.1,Alumni Support
EMP1003,2026-05-15,36.1,Career Readiness
EMP1003,2026-05-08,36.5,College Access
EMP1003,2026-05-01,42.0,College Persistence
EMP1003,2026-04-24,39.3,Career Readiness
EMP1003,2026-04-17,36.6,College Access
EMP1003,2026-04-10,40.1,College Access
EMP1003,2026-04-03,39.8,Career Readiness
EMP1003,2026-03-27,38.1,College Access
EMP1003,2026-03-20,37.7,Alumni Support
EMP1003,2026-03-13,36.7,College Access
EMP1003,2026-03-06,36.4,College Persistence
EMP1003,2026-02-27,37.3,Career Readiness
EMP1003,2026-02-20,38.6,College Access
EMP1003,2026-02-13,36.3,College Persistence
EMP1003,2026-02-06,39.4,College Persistence
EMP1003,2026-01-30,38.7,College Access
EMP1003,2026-01-23,36.5,College Persistence
EMP1003,2026-01-16,37.2,College Persistence
EMP1003,2026-01-09,39.4,Alumni Support
EMP1003,2026-01-02,36.4,College Access
EMP1003,2025-12-26,36.8,Career Readiness
EMP1003,2025-12-19,41.7,Career Readiness
EMP1003,2025-12-12,36.1,Alumni Support
EMP1003,2025-12-05,38.6,Career Readiness
EMP1003,2025-11-28,37.3,Career Readiness
EMP1003,2025-11-21,37.9,College Access
EMP1003,2025-11-14,41.8,Career Readiness
EMP1003,2025-11-07,39.9,College Persistence
EMP1003,2025-10-31,41.9,Alumni Support
EMP1003,2025-10-24,41.9,Career Readiness
EMP1003,2025-10-17,38.3,College Access
EMP1003,2025-10-10,36.6,College Access
EMP1003,2025-10-03,38.0,College Access
EMP1003,2025-09-26,38.2,College Persistence
EMP1003,2025-09-19,41.8,Career Readiness
EMP1003,2025-09-12,39.0,College Persistence
EMP1003,2025-09-05,37.6,Career Readiness
EMP1003,2025-08-29,39.4,Alumni Support
EMP1003,2025-08-22,36.5,Alumni Support
EMP1003,2025-08-15,39.2,College Persistence
EMP1003,2025-08-08,41.6,College Access
EMP1003,2025-08-01,40.5,College Persistence
EMP1003,2025-07-25,41.0,College Persistence
EMP1003,2025-07-18,38.4,College Access
EMP1003,2025-07-11,39.1,Alumni Support
EMP1003,2025-07-04,40.2,Alumni Support
EMP1003,2025-06-27,41.6,Alumni Support
EMP1003,2025-06-20,41.7,College Persistence
EMP1003,2025-06-13,37.7,College Access
EMP1003,2025-06-06,41.7,Alumni Support
EMP1003,2025-05-30,41.3,Alumni Support
EMP1003,2025-05-23,41.1,Alumni Support
EMP1003,2025-05-16,39.1,Career Readiness
EMP1003,2025-05-09,40.7,Career Readiness
EMP1003,2025-05-02,38.8,College Access
EMP1003,2025-04-25,40.0,College Access
EMP1003,2025-04-18,39.8,Career Readiness
EMP1003,2025-04-11,36.1,Alumni Support
EMP1003,2025-04-04,41.8,College Access
EMP1003,2025-03-28,40.8,Career Readiness
EMP1003,2025-03-21,39.0,Alumni Support
EMP1003,2025-03-14,42.0,College Persistence
EMP1003,2025-03-07,36.8,Career Readiness
EMP1003,2025-02-28,41.2,College Persistence
EMP1003,2025-02-21,37.8,Career Readiness
EMP1003,2025-02-14,40.4,Alumni Support
EMP1003,2025-02-07,39.3,College Access
EMP1003,2025-01-31,36.9,Career Readiness
EMP1003,2025-01-24,40.7,Alumni Support
EMP1003,2025-01-17,41.1,Career Readiness
EMP1003,2025-01-10,37.0,Career Readiness
EMP1003,2025-01-03,39.4,College Persistence
EMP1003,2024-12-27,36.1,Alumni Support
EMP1003,2024-12-20,40.0,Career Readiness
EMP1003,2024-12-13,40.8,College Access
EMP1003,2024-12-06,40.6,College Access
EMP1003,2024-11-29,40.0,Alumni Support
EMP1003,2024-11-22,40.6,College Access
EMP1003,2024-11-15,39.2,Alumni Support
EMP1003,2024-11-08,37.5,Alumni Support
EMP1003,2024-11-01,37.4,College Persistence
EMP1003,2024-10-25,38.0,Career Readiness
EMP1003,2024-10-18,39.0,College Persistence
EMP1003,2024-10-11,40.3,Career Readiness
EMP1003,2024-10-04,39.5,Alumni Support
EMP1003,2024-09-27,39.2,Alumni Support
EMP1003,2024-09-20,38.4,College Access
EMP1003,2024-09-13,38.1,College Access
EMP1003,2024-09-06,40.9,College Access
EMP1003,2024-08-30,37.1,College Persistence
EMP1003,2024-08-23,40.9,Career Readiness
EMP1004,2026-08-14,37.9,
EMP1004,2026-08-07,39.9,
EMP1004,2026-07-31,37.7,
EMP1004,2026-07-24,40.8,
EMP1004,2026-07-17,37.1,
EMP1004,2026-07-10,41.2,
EMP1004,2026-07-03,36.7,
EMP1004,2026-06-26,38.4,
EMP1004,2026-06-19,37.9,
EMP1004,2026-06-12,40.5,
EMP1004,2026-06-05,39.2,
EMP1004,2026-05-29,36.0,
EMP1004,2026-05-22,41.7,
EMP1004,2026-05-15,39.0,
EMP1004,2026-05-08,36.6,
EMP1004,2026-05-01,40.4,
EMP1004,2026-04-24,41.2,
EMP1004,2026-04-17,38.3,
EMP1004,2026-04-10,41.9,
EMP1004,2026-04-03,37.2,
EMP1004,2026-03-27,36.4,
EMP1004,2026-03-20,40.2,
EMP1004,2026-03-13,36.6,
EMP1004,2026-03-06,38.7,
EMP1004,2026-02-27,41.0,
EMP1004,2026-02-20,39.7,
EMP1004,2026-02-13,41.5,
EMP1004,2026-02-06,36.3,
EMP1004,2026-01-30,36.5,
EMP1004,2026-01-23,37.7,
EMP1004,2026-01-16,41.6,
EMP1004,2026-01-09,37.3,
EMP1004,2026-01-02,41.5,
EMP1004,2025-12-26,38.8,
EMP1004,2025-12-19,36.7,
EMP1004,2025-12-12,36.6,
EMP1004,2025-12-05,40.1,
EMP1004,2025-11-28,40.5,
EMP1004,2025-11-21,39.5,
EMP1004,2025-11-14,38.8,
EMP1004,2025-11-07,39.9,
EMP1004,2025-10-31,38.5,
EMP1004,2025-10-24,40.7,
EMP1004,2025-10-17,36.6,
EMP1004,2025-10-10,39.8,
EMP1004,2025-10-03,38.3,
EMP1004,2025-09-26,41.6,
EMP1004,2025-09-19,40.6,
EMP1004,2025-09-12,41.6,
EMP1004,2025-09-05,40.1,
EMP1004,2025-08-29,39.7,
EMP1004,2025-08-22,40.5,
EMP1004,2025-08-15,36.3,
EMP1004,2025-08-08,39.0,
EMP1004,2025-08-01,36.6,
EMP1005,2026-08-14,19.9,
EMP1005,2026-08-07,21.1,
EMP1005,2026-07-31,19.8,
EMP1005,2026-07-24,20.9,
EMP1005,2026-07-17,18.0,
EMP1005,2026-07-10,18.2,
EMP1005,2026-07-03,16.1,
EMP1005,2026-06-26,16.7,
EMP1005,2026-06-19,17.2,
EMP1005,2026-06-12,18.6,
EMP1005,2026-06-05,17.3,
EMP1005,2026-05-29,19.2,
EMP1005,2026-05-22,20.2,
EMP1005,2026-05-15,16.1,
EMP1005,2026-05-08,21.5,
EMP1005,2026-05-01,19.3,
EMP1005,2026-04-24,20.1,
EMP1005,2026-04-17,21.0,
EMP1005,2026-04-10,19.1,
EMP1005,2026-04-03,16.0,
EMP1005,2026-03-27,16.8,
EMP1005,2026-03-20,18.8,
EMP1005,2026-03-13,20.6,
EMP1005,2026-03-06,20.3,
EMP1005,2026-02-27,18.8,
EMP1005,2026-02-20,21.7,
EMP1005,2026-02-13,16.6,
EMP1005,2026-02-06,16.2,
EMP1005,2026-01-30,20.1,
EMP1005,2026-01-23,16.7,
EMP1005,2026-01-16,19.7,
EMP1005,2026-01-09,21.9,
EMP1005,2026-01-02,16.9,
EMP1005,2025-12-26,21.4,
EMP1005,2025-12-19,20.1,
EMP1005,2025-12-12,21.3,
EMP1005,2025-12-05,19.5,
EMP1005,2025-11-28,21.9,
EMP1005,2025-11-21,17.5,
EMP1005,2025-11-14,18.9,
EMP1005,2025-11-07,16.7,
EMP1005,2025-10-31,17.2,
EMP1005,2025-10-24,18.0,
EMP1005,2025-10-17,17.4,
EMP1005,2025-10-10,18.7,
EMP1005,2025-10-03,18.5,
EMP1005,2025-09-26,21.2,
EMP1005,2025-09-19,21.4,
EMP1005,2025-09-12,16.0,
EMP1005,2025-09-05,20.8,
EMP1005,2025-08-29,19.3,
EMP1005,2025-08-22,20.0,
EMP1005,2025-08-15,20.3,
EMP1005,2025-08-08,18.2,
EMP1005,2025-08-01,18.1,
EMP1005,2025-07-25,21.2,
EMP1005,2025-07-18,19.0,
EMP1005,2025-07-11,16.1,
EMP1005,2025-07-04,19.9,
EMP1005,2025-06-27,20.0,
EMP1005,2025-06-20,17.8,
EMP1005,2025-06-13,20.8,
EMP1005,2025-06-06,16.8,
EMP1005,2025-05-30,21.3,
EMP1005,2025-05-23,21.8,
EMP1005,2025-05-16,17.0,
EMP1005,2025-05-09,20.9,
EMP1005,2025-05-02,18.3,
EMP1005,2025-04-25,16.2,
EMP1005,2025-04-18,22.0,
EMP1005,2025-04-11,19.6,
EMP1005,2025-04-04,20.6,
EMP1005,2025-03-28,19.3,
EMP1005,2025-03-21,21.1,
EMP1005,2025-03-14,17.6,
EMP1005,2025-03-07,20.0,
EMP1005,2025-02-28,16.1,
EMP1005,2025-02-21,20.8,
EMP1005,2025-02-14,20.1,
EMP1005,2025-02-07,18.1,
EMP1005,2025-01-31,18.6,
EMP1005,2025-01-24,20.1,
EMP1005,2025-01-17,17.5,
EMP1005,2025-01-10,21.1,
EMP1005,2025-01-03,21.5,
EMP1005,2024-12-27,18.2,
EMP1005,2024-12-20,20.5,
EMP1005,2024-12-13,21.3,
EMP1005,2024-12-06,16.9,
EMP1005,2024-11-29,17.9,
EMP1005,2024-11-22,20.4,
EMP1005,2024-11-15,21.0,
EMP1005,2024-11-08,21.4,
EMP1005,2024-11-01,20.9,
EMP1005,2024-10-25,18.3,
EMP1005,2024-10-18,16.0,
EMP1005,2024-10-11,21.6,
EMP1005,2024-10-04,17.3,
EMP1005,2024-09-27,18.2,
EMP1005,2024-09-20,21.9,
EMP1005,2024-09-13,21.7,
EMP1005,2024-09-06,19.9,
EMP1005,2024-08-30,20.6,
EMP1005,2024-08-23,21.4,
EMP1006,2026-08-14,36.9,
EMP1006,2026-08-07,41.1,
EMP1006,2026-07-31,40.2,
EMP1006,2026-07-24,40.2,
EMP1006,2026-07-17,39.7,
EMP1006,2026-07-10,41.2,
EMP1006,2026-07-03,39.5,
EMP1006,2026-06-26,37.7,
EMP1006,2026-06-19,41.1,
EMP1006,2026-06-12,39.0,
EMP1006,2026-06-05,37.3,
EMP1006,2026-05-29,36.1,
EMP1006,2026-05-22,41.5,
EMP1006,2026-05-15,40.4,
EMP1006,2026-05-08,39.6,
EMP1006,2026-05-01,40.9,
EMP1006,2026-04-24,40.9,
EMP1006,2026-04-17,37.9,
EMP1006,2026-04-10,37.4,
EMP1006,2026-04-03,36.9,
EMP1006,2026-03-27,38.2,
EMP1006,2026-03-20,36.4,
EMP1006,2026-03-13,38.9,
EMP1006,2026-03-06,38.2,
EMP1006,2026-02-27,40.8,
EMP1006,2026-02-20,39.3,
EMP1006,2026-02-13,38.3,
EMP1006,2026-02-06,37.7,
EMP1006,2026-01-30,40.3,
EMP1006,2026-01-23,37.5,
EMP1006,2026-01-16,40.0,
EMP1006,2026-01-09,41.6,
EMP1006,2026-01-02,41.2,
EMP1006,2025-12-26,37.4,
EMP1006,2025-12-19,39.3,
EMP1006,2025-12-12,36.6,
EMP1006,2025-12-05,38.0,
EMP1006,2025-11-28,40.9,
EMP1006,2025-11-21,41.3,
EMP1006,2025-11-14,37.7,
EMP1006,2025-11-07,39.0,
EMP1006,2025-10-31,37.6,
EMP1006,2025-10-24,42.0,
EMP1006,2025-10-17,38.9,
EMP1006,2025-10-10,40.9,
EMP1006,2025-10-03,39.5,
EMP1006,2025-09-26,38.5,
EMP1006,2025-09-19,41.8,
EMP1006,2025-09-12,37.9,
EMP1006,2025-09-05,37.5,
EMP1006,2025-08-29,38.0,
EMP1006,2025-08-22,40.5,
EMP1006,2025-08-15,41.5,
EMP1006,2025-08-08,36.7,
EMP1006,2025-08-01,39.3,
EMP1006,2025-07-25,36.5,
EMP1006,2025-07-18,38.7,
EMP1006,2025-07-11,39.0,
EMP1006,2025-07-04,40.8,
EMP1006,2025-06-27,36.8,
EMP1006,2025-06-20,39.6,
EMP1006,2025-06-13,40.6,
EMP1006,2025-06-06,39.0,
EMP1006,2025-05-30,36.6,
EMP1006,2025-05-23,38.2,
EMP1006,2025-05-16,36.9,
EMP1006,2025-05-09,41.1,
EMP1006,2025-05-02,39.8,
EMP1006,2025-04-25,40.6,
EMP1006,2025-04-18,40.9,
EMP1006,2025-04-11,38.8,
EMP1006,2025-04-04,37.4,
EMP1006,2025-03-28,38.3,
EMP1006,2025-03-21,36.9,
EMP1006,2025-03-14,40.7,
EMP1006,2025-03-07,38.6,
EMP1006,2025-02-28,40.4,
EMP1006,2025-02-21,41.9,
EMP1006,2025-02-14,40.6,
EMP1006,2025-02-07,38.5,
EMP1006,2025-01-31,38.8,
EMP1006,2025-01-24,36.8,
EMP1006,2025-01-17,38.1,
EMP1006,2025-01-10,38.6,
EMP1006,2025-01-03,36.2,
EMP1006,2024-12-27,37.2,
EMP1006,2024-12-20,41.0,
EMP1006,2024-12-13,38.8,
EMP1006,2024-12-06,38.2,
EMP1006,2024-11-29,40.8,
EMP1006,2024-11-22,40.5,
EMP1006,2024-11-15,38.9,
EMP1006,2024-11-08,42.0,
EMP1006,2024-11-01,40.5,
EMP1006,2024-10-25,38.9,
EMP1006,2024-10-18,40.3,
EMP1006,2024-10-11,37.3,
EMP1006,2024-10-04,38.9,
EMP1006,2024-09-27,37.8,
EMP1006,2024-09-20,37.4,
EMP1006,2024-09-13,36.1,
EMP1006,2024-09-06,37.1,
EMP1006,2024-08-30,38.7,
EMP1006,2024-08-23,40.9,
EMP1007,2026-08-14,41.0,
EMP1007,2026-08-07,39.0,
EMP1007,2026-07-31,37.9,
EMP1007,2026-07-24,38.8,
EMP1007,2026-07-17,37.1,
EMP1007,2026-07-10,36.3,
EMP1007,2026-07-03,39.4,
EMP1007,2026-06-26,38.0,
EMP1007,2026-06-19,40.6,
EMP1007,2026-06-12,38.4,
EMP1007,2026-06-05,39.2,
EMP1007,2026-05-29,41.9,
EMP1007,2026-05-22,41.4,
EMP1007,2026-05-15,37.1,
EMP1007,2026-05-08,39.1,
EMP1007,2026-05-01,37.8,
EMP1007,2026-04-24,36.3,
EMP1007,2026-04-17,38.5,
EMP1007,2026-04-10,37.5,
EMP1007,2026-04-03,36.1,
EMP1007,2026-03-27,39.9,
EMP1007,2026-03-20,38.3,
EMP1007,2026-03-13,37.2,
EMP1007,2026-03-06,38.9,
EMP1007,2026-02-27,36.4,
EMP1007,2026-02-20,41.0,
EMP1007,2026-02-13,37.2,
EMP1007,2026-02-06,38.0,
EMP1007,2026-01-30,40.4,
EMP1007,2026-01-23,41.8,
EMP1007,2026-01-16,38.4,
EMP1007,2026-01-09,38.5,
EMP1007,2026-01-02,36.8,
EMP1007,2025-12-26,39.6,
EMP1007,2025-12-19,37.3,
EMP1007,2025-12-12,39.2,
EMP1007,2025-12-05,40.3,
EMP1007,2025-11-28,41.0,
EMP1007,2025-11-21,39.6,
EMP1007,2025-11-14,38.4,
EMP1007,2025-11-07,40.0,
EMP1007,2025-10-31,36.2,
EMP1007,2025-10-24,37.6,
EMP1007,2025-10-17,41.5,
EMP1007,2025-10-10,39.1,
EMP1007,2025-10-03,38.4,
EMP1007,2025-09-26,40.1,
EMP1007,2025-09-19,37.1,
EMP1007,2025-09-12,40.2,
EMP1007,2025-09-05,40.7,
EMP1007,2025-08-29,40.7,
EMP1007,2025-08-22,37.6,
EMP1007,2025-08-15,38.1,
EMP1007,2025-08-08,36.2,
EMP1007,2025-08-01,39.1,
EMP1007,2025-07-25,41.0,
EMP1007,2025-07-18,40.6,
EMP1007,2025-07-11,38.8,
EMP1007,2025-07-04,39.5,
EMP1007,2025-06-27,40.5,
EMP1007,2025-06-20,41.7,
EMP1007,2025-06-13,38.0,
EMP1007,2025-06-06,41.1,
EMP1007,2025-05-30,38.6,
EMP1007,2025-05-23,37.5,
EMP1007,2025-05-16,36.1,
EMP1007,2025-05-09,37.2,
EMP1007,2025-05-02,39.9,
EMP1007,2025-04-25,37.9,
EMP1007,2025-04-18,38.7,
EMP1007,2025-04-11,40.4,
EMP1007,2025-04-04,39.0,
EMP1007,2025-03-28,41.3,
EMP1007,2025-03-21,39.0,
EMP1007,2025-03-14,38.0,
EMP1007,2025-03-07,37.5,
EMP1007,2025-02-28,38.6,
EMP1007,2025-02-21,36.5,
EMP1007,2025-02-14,40.2,
EMP1007,2025-02-07,36.2,
EMP1007,2025-01-31,41.0,
EMP1007,2025-01-24,39.2,
EMP1007,2025-01-17,36.9,
EMP1007,2025-01-10,37.1,
EMP1007,2025-01-03,37.3,
EMP1007,2024-12-27,38.4,
EMP1007,2024-12-20,41.0,
EMP1007,2024-12-13,38.7,
EMP1007,2024-12-06,37.2,
EMP1007,2024-11-29,36.4,
EMP1007,2024-11-22,37.1,
EMP1007,2024-11-15,41.7,
EMP1007,2024-11-08,36.9,
EMP1007,2024-11-01,36.6,
EMP1007,2024-10-25,40.6,
EMP1007,2024-10-18,41.0,
EMP1007,2024-10-11,41.0,
EMP1007,2024-10-04,39.9,
EMP1007,2024-09-27,38.9,
EMP1007,2024-09-20,39.6,
EMP1007,2024-09-13,41.8,
EMP1007,2024-09-06,36.6,
EMP1007,2024-08-30,37.0,
EMP1007,2024-08-23,40.7,
EMP1008,2026-08-14,36.9,
EMP1008,2026-08-07,41.3,
EMP1008,2026-07-31,38.2,
EMP1008,2026-07-24,37.7,
EMP1008,2026-07-17,41.0,
EMP1008,2026-07-10,38.4,
EMP1008,2026-07-03,39.3,
EMP1008,2026-06-26,36.2,
EMP1008,2026-06-19,37.1,
EMP1008,2026-06-12,36.6,
EMP1008,2026-06-05,38.5,
EMP1008,2026-05-29,39.5,
EMP1008,2026-05-22,37.2,
EMP1008,2026-05-15,41.1,
EMP1008,2026-05-08,37.1,
EMP1008,2026-05-01,36.2,
EMP1008,2026-04-24,37.1,
EMP1008,2026-04-17,38.5,
EMP1008,2026-04-10,41.8,
EMP1008,2026-04-03,39.4,
EMP1008,2026-03-27,39.3,
EMP1008,2026-03-20,36.6,
EMP1008,2026-03-13,41.9,
EMP1008,2026-03-06,37.6,
EMP1008,2026-02-27,40.1,
EMP1008,2026-02-20,37.6,
EMP1008,2026-02-13,41.0,
EMP1008,2026-02-06,36.4,
EMP1008,2026-01-30,39.3,
EMP1008,2026-01-23,41.2,
EMP1008,2026-01-16,38.7,
EMP1008,2026-01-09,41.3,
EMP1008,2026-01-02,40.6,
EMP1008,2025-12-26,41.5,
EMP1008,2025-12-19,40.8,
EMP1008,2025-12-12,36.5,
EMP1008,2025-12-05,41.5,
EMP1008,2025-11-28,38.7,
EMP1008,2025-11-21,40.7,
EMP1008,2025-11-14,41.3,
EMP1008,2025-11-07,40.1,
EMP1008,2025-10-31,41.6,
EMP1008,2025-10-24,37.7,
EMP1008,2025-10-17,37.2,
EMP1008,2025-10-10,37.1,
EMP1008,2025-10-03,41.0,
EMP1008,2025-09-26,37.1,
EMP1008,2025-09-19,41.5,
EMP1008,2025-09-12,38.3,
EMP1008,2025-09-05,37.3,
EMP1008,2025-08-29,36.7,
EMP1008,2025-08-22,40.9,
EMP1008,2025-08-15,37.0,
EMP1008,2025-08-08,37.7,
EMP1008,2025-08-01,38.7,
EMP1008,2025-07-25,41.9,
EMP1008,2025-07-18,41.5,
EMP1008,2025-07-11,36.0,
EMP1008,2025-07-04,37.3,
EMP1008,2025-06-27,39.4,
EMP1008,2025-06-20,40.4,
EMP1008,2025-06-13,40.5,
EMP1008,2025-06-06,38.0,
EMP1008,2025-05-30,36.4,
EMP1008,2025-05-23,41.3,
EMP1008,2025-05-16,39.7,
EMP1008,2025-05-09,39.7,
EMP1008,2025-05-02,41.9,
EMP1008,2025-04-25,38.0,
EMP1008,2025-04-18,40.2,
EMP1008,2025-04-11,37.3,
EMP1008,2025-04-04,39.6,
EMP1008,2025-03-28,36.8,
EMP1008,2025-03-21,40.2,
EMP1008,2025-03-14,41.9,
EMP1008,2025-03-07,39.0,
EMP1008,2025-02-28,39.2,
EMP1008,2025-02-21,36.5,
EMP1008,2025-02-14,41.4,
EMP1008,2025-02-07,36.7,
EMP1008,2025-01-31,38.3,
EMP1008,2025-01-24,38.1,
EMP1008,2025-01-17,36.3,
EMP1008,2025-01-10,41.8,
EMP1008,2025-01-03,39.4,
EMP1008,2024-12-27,38.6,
EMP1008,2024-12-20,36.8,
EMP1008,2024-12-13,38.6,
EMP1008,2024-12-06,38.5,
EMP1008,2024-11-29,38.4,
EMP1008,2024-11-22,38.0,
EMP1008,2024-11-15,37.0,
EMP1008,2024-11-08,41.2,
EMP1008,2024-11-01,39.3,
EMP1008,2024-10-25,37.8,
EMP1008,2024-10-18,41.9,
EMP1008,2024-10-11,39.5,
EMP1008,2024-10-04,37.6,
EMP1008,2024-09-27,40.5,
EMP1008,2024-09-20,39.5,
EMP1008,2024-09-13,36.1,
EMP1008,2024-09-06,40.3,
EMP1008,2024-08-30,39.0,
EMP1008,2024-08-23,39.3,
EMP1009,2026-08-14,37.8,
EMP1009,2026-08-07,36.0,
EMP1009,2026-07-31,40.5,
EMP1009,2026-07-24,42.0,
EMP1009,2026-07-17,40.5,
EMP1009,2026-07-10,41.1,
EMP1009,2026-07-03,36.1,
EMP1009,2026-06-26,36.3,
EMP1009,2026-06-19,36.1,
EMP1009,2026-06-12,40.3,
EMP1009,2026-06-05,36.6,
EMP1009,2026-05-29,41.8,
EMP1009,2026-05-22,41.1,
EMP1009,2026-05-15,39.6,
EMP1009,2026-05-08,37.0,
EMP1009,2026-05-01,40.6,
EMP1009,2026-04-24,41.4,
EMP1009,2026-04-17,40.7,
EMP1009,2026-04-10,41.7,
EMP1009,2026-04-03,41.3,
EMP1009,2026-03-27,37.4,
EMP1009,2026-03-20,36.2,
EMP1009,2026-03-13,37.6,
EMP1009,2026-03-06,39.4,
EMP1009,2026-02-27,36.2,
EMP1009,2026-02-20,37.4,
EMP1009,2026-02-13,41.4,
EMP1009,2026-02-06,38.1,
EMP1009,2026-01-30,37.2,
EMP1009,2026-01-23,37.2,
EMP1009,2026-01-16,36.0,
EMP1009,2026-01-09,37.0,
EMP1009,2026-01-02,38.1,
EMP1009,2025-12-26,36.2,
EMP1009,2025-12-19,40.9,
EMP1009,2025-12-12,41.4,
EMP1009,2025-12-05,40.8,
EMP1009,2025-11-28,38.1,
EMP1009,2025-11-21,41.8,
EMP1009,2025-11-14,36.7,
EMP1009,2025-11-07,41.3,
EMP1009,2025-10-31,37.4,
EMP1009,2025-10-24,38.0,
EMP1009,2025-10-17,38.0,
EMP1009,2025-10-10,40.3,
EMP1009,2025-10-03,41.4,
EMP1009,2025-09-26,37.4,
EMP1009,2025-09-19,38.4,
EMP1009,2025-09-12,39.0,
EMP1009,2025-09-05,39.3,
EMP1009,2025-08-29,39.4,
EMP1009,2025-08-22,40.2,
EMP1009,2025-08-15,37.2,
EMP1009,2025-08-08,37.2,
EMP1009,2025-08-01,40.7,
EMP1009,2025-07-25,37.2,
EMP1009,2025-07-18,37.0,
EMP1009,2025-07-11,41.1,
EMP1009,2025-07-04,38.4,
EMP1009,2025-06-27,37.0,
EMP1009,2025-06-20,38.6,
EMP1009,2025-06-13,36.0,
EMP1009,2025-06-06,39.2,
EMP1009,2025-05-30,38.1,
EMP1009,2025-05-23,40.5,
EMP1009,2025-05-16,39.2,
EMP1009,2025-05-09,39.9,
EMP1009,2025-05-02,36.7,
EMP1009,2025-04-25,41.0,
EMP1009,2025-04-18,40.7,
EMP1009,2025-04-11,40.5,
EMP1009,2025-04-04,36.5,
EMP1009,2025-03-28,41.3,
EMP1009,2025-03-21,36.3,
EMP1009,2025-03-14,40.7,
EMP1009,2025-03-07,40.5,
EMP1009,2025-02-28,38.4,
EMP1009,2025-02-21,41.4,
EMP1009,2025-02-14,39.7,
EMP1009,2025-02-07,39.7,
EMP1009,2025-01-31,41.7,
EMP1009,2025-01-24,36.7,
EMP1009,2025-01-17,37.5,
EMP1009,2025-01-10,39.0,
EMP1009,2025-01-03,37.2,
EMP1009,2024-12-27,38.9,
EMP1009,2024-12-20,37.9,
EMP1009,2024-12-13,38.2,
EMP1009,2024-12-06,37.0,
EMP1009,2024-11-29,41.4,
EMP1009,2024-11-22,38.3,
EMP1009,2024-11-15,39.6,
EMP1009,2024-11-08,41.2,
EMP1009,2024-11-01,39.8,
EMP1009,2024-10-25,39.4,
EMP1009,2024-10-18,41.4,
EMP1009,2024-10-11,38.1,
EMP1009,2024-10-04,41.9,
EMP1009,2024-09-27,36.6,
EMP1009,2024-09-20,36.8,
EMP1010,2026-08-14,38.4,College Access
EMP1010,2026-08-07,40.2,College Access
EMP1010,2026-07-31,38.9,College Persistence
EMP1010,2026-07-24,40.3,College Persistence
EMP1010,2026-07-17,41.7,Career Readiness
EMP1010,2026-07-10,38.8,College Persistence
EMP1010,2026-07-03,40.0,Alumni Support
EMP1010,2026-06-26,37.5,College Access
EMP1010,2026-06-19,41.4,College Persistence
EMP1010,2026-06-12,40.2,Alumni Support
EMP1010,2026-06-05,36.7,College Persistence
EMP1010,2026-05-29,36.2,College Persistence
EMP1010,2026-05-22,40.0,Career Readiness
EMP1010,2026-05-15,37.9,College Persistence
EMP1010,2026-05-08,37.6,College Persistence
EMP1010,2026-05-01,37.0,College Access
EMP1010,2026-04-24,36.4,College Persistence
EMP1010,2026-04-17,41.2,Career Readiness
EMP1010,2026-04-10,36.1,College Access
EMP1010,2026-04-03,37.6,College Persistence
EMP1010,2026-03-27,36.6,College Access
EMP1010,2026-03-20,37.8,College Access
EMP1010,2026-03-13,39.1,Alumni Support
EMP1010,2026-03-06,38.9,Alumni Support
EMP1010,2026-02-27,39.8,Career Readiness
EMP1010,2026-02-20,38.8,College Persistence
EMP1010,2026-02-13,38.2,Career Readiness
EMP1010,2026-02-06,41.2,College Persistence
EMP1010,2026-01-30,41.8,College Persistence
EMP1010,2026-01-23,40.2,Career Readiness
EMP1010,2026-01-16,39.8,Career Readiness
EMP1010,2026-01-09,40.2,College Access
EMP1010,2026-01-02,39.5,College Access
EMP1010,2025-12-26,37.8,Alumni Support
EMP1010,2025-12-19,39.0,Alumni Support
EMP1010,2025-12-12,39.0,Alumni Support
EMP1010,2025-12-05,41.0,College Persistence
EMP1010,2025-11-28,41.8,College Persistence
EMP1010,2025-11-21,40.5,Alumni Support
EMP1010,2025-11-14,38.1,Career Readiness
EMP1010,2025-11-07,41.2,College Access
EMP1010,2025-10-31,37.0,Alumni Support
EMP1010,2025-10-24,40.3,Career Readiness
EMP1010,2025-10-17,41.8,Career Readiness
EMP1010,2025-10-10,36.3,Career Readiness
EMP1010,2025-10-03,39.8,Career Readiness
EMP1010,2025-09-26,40.4,College Persistence
EMP1010,2025-09-19,41.0,College Persistence
EMP1010,2025-09-12,41.8,Career Readiness
EMP1010,2025-09-05,40.2,Alumni Support
EMP1010,2025-08-29,36.8,College Persistence
EMP1010,2025-08-22,36.1,Career Readiness
EMP1010,2025-08-15,38.4,College Persistence
EMP1010,2025-08-08,40.0,College Persistence
EMP1010,2025-08-01,38.2,College Persistence
EMP1010,2025-07-25,41.2,Career Readiness
EMP1010,2025-07-18,40.4,College Access
EMP1010,2025-07-11,40.7,Alumni Support
EMP1010,2025-07-04,37.0,College Persistence
EMP1010,2025-06-27,37.0,Career Readiness
EMP1010,2025-06-20,36.1,College Access
EMP1010,2025-06-13,39.2,Career Readiness
EMP1010,2025-06-06,40.4,Alumni Support
EMP1010,2025-05-30,37.0,Career Readiness
EMP1010,2025-05-23,38.7,Alumni Support
EMP1010,2025-05-16,37.1,Career Readiness
EMP1010,2025-05-09,41.3,College Access
EMP1010,2025-05-02,36.5,College Persistence
EMP1010,2025-04-25,40.8,College Persistence
EMP1010,2025-04-18,41.5,College Access
EMP1010,2025-04-11,37.7,College Persistence
EMP1010,2025-04-04,39.6,College Access
EMP1010,2025-03-28,39.6,Alumni Support
EMP1010,2025-03-21,38.4,Alumni Support
EMP1010,2025-03-14,36.2,Alumni Support
EMP1010,2025-03-07,38.4,Career Readiness
EMP1010,2025-02-28,41.5,Career Readiness
EMP1010,2025-02-21,41.0,College Access
EMP1010,2025-02-14,41.8,Career Readiness
EMP1010,2025-02-07,38.6,College Persistence
EMP1010,2025-01-31,36.4,Career Readiness
EMP1010,2025-01-24,39.9,College Access
EMP1010,2025-01-17,40.3,College Access
EMP1010,2025-01-10,36.3,College Access
EMP1010,2025-01-03,39.4,College Persistence
EMP1010,2024-12-27,38.2,College Persistence
EMP1010,2024-12-20,39.2,College Persistence
EMP1010,2024-12-13,36.8,Career Readiness
EMP1010,2024-12-06,41.0,College Access
EMP1010,2024-11-29,36.5,College Persistence
EMP1010,2024-11-22,38.3,College Access
EMP1010,2024-11-15,40.2,Alumni Support
EMP1010,2024-11-08,41.8,College Persistence
EMP1010,2024-11-01,38.8,College Access
EMP1010,2024-10-25,37.9,Career Readiness
EMP1010,2024-10-18,38.4,Alumni Support
EMP1010,2024-10-11,41.0,College Access
EMP1010,2024-10-04,38.8,Alumni Support
EMP1010,2024-09-27,41.2,Alumni Support
EMP1010,2024-09-20,37.7,Career Readiness
EMP1010,2024-09-13,36.1,Career Readiness
EMP1010,2024-09-06,37.4,College Persistence
EMP1010,2024-08-30,37.2,Alumni Support
EMP1010,2024-08-23,36.5,Alumni Support
EMP1011,2026-08-14,40.0,
EMP1011,2026-08-07,41.1,
EMP1011,2026-07-31,40.0,
EMP1011,2026-07-24,37.2,
EMP1011,2026-07-17,41.2,
EMP1011,2026-07-10,37.2,
EMP1011,2026-07-03,38.5,
EMP1011,2026-06-26,36.1,
EMP1011,2026-06-19,41.6,
EMP1011,2026-06-12,39.7,
EMP1011,2026-06-05,37.7,
EMP1011,2026-05-29,36.6,
EMP1011,2026-05-22,38.6,
EMP1011,2026-05-15,36.8,
EMP1011,2026-05-08,37.2,
EMP1011,2026-05-01,36.6,
EMP1011,2026-04-24,38.1,
EMP1011,2026-04-17,41.4,
EMP1011,2026-04-10,37.7,
EMP1011,2026-04-03,41.5,
EMP1011,2026-03-27,37.2,
EMP1011,2026-03-20,37.1,
EMP1011,2026-03-13,38.8,
EMP1011,2026-03-06,41.4,
EMP1011,2026-02-27,39.1,
EMP1011,2026-02-20,38.9,
EMP1011,2026-02-13,38.5,
EMP1011,2026-02-06,41.5,
EMP1011,2026-01-30,36.2,
EMP1011,2026-01-23,41.2,
EMP1011,2026-01-16,37.3,
EMP1011,2026-01-09,37.5,
EMP1011,2026-01-02,37.8,
EMP1011,2025-12-26,39.7,
EMP1011,2025-12-19,36.3,
EMP1011,2025-12-12,37.7,
EMP1011,2025-12-05,38.6,
EMP1011,2025-11-28,36.4,
EMP1011,2025-11-21,38.0,
EMP1011,2025-11-14,38.0,
EMP1011,2025-11-07,39.1,
EMP1011,2025-10-31,38.6,
EMP1011,2025-10-24,42.0,
EMP1011,2025-10-17,41.0,
EMP1011,2025-10-10,39.0,
EMP1011,2025-10-03,39.7,
EMP1011,2025-09-26,37.1,
EMP1011,2025-09-19,37.8,
EMP1011,2025-09-12,37.1,
EMP1011,2025-09-05,41.3,
EMP1011,2025-08-29,37.7,
EMP1011,2025-08-22,37.3,
EMP1011,2025-08-15,37.8,
EMP1011,2025-08-08,40.6,
EMP1011,2025-08-01,36.5,
EMP1011,2025-07-25,39.0,
EMP1011,2025-07-18,37.3,
EMP1011,2025-07-11,38.1,
EMP1011,2025-07-04,40.7,
EMP1011,2025-06-27,40.8,
EMP1011,2025-06-20,39.0,
EMP1011,2025-06-13,38.3,
EMP1012,2026-08-14,37.5,
EMP1012,2026-08-07,39.4,
EMP1012,2026-07-31,42.0,
EMP1012,2026-07-24,37.0,
EMP1012,2026-07-17,41.2,
EMP1012,2026-07-10,40.6,
EMP1012,2026-07-03,38.2,
EMP1012,2026-06-26,37.4,
EMP1012,2026-06-19,41.1,
EMP1012,2026-06-12,36.8,
EMP1012,2026-06-05,39.4,
EMP1012,2026-05-29,36.2,
EMP1012,2026-05-22,40.1,
EMP1012,2026-05-15,37.0,
EMP1012,2026-05-08,39.1,
EMP1012,2026-05-01,40.4,
EMP1012,2026-04-24,37.6,
EMP1012,2026-04-17,39.9,
EMP1012,2026-04-10,41.9,
EMP1012,2026-04-03,36.0,
EMP1012,2026-03-27,38.0,
EMP1012,2026-03-20,39.0,
EMP1012,2026-03-13,38.0,
EMP1012,2026-03-06,41.3,
EMP1012,2026-02-27,38.9,
EMP1012,2026-02-20,41.7,
EMP1012,2026-02-13,37.0,
EMP1012,2026-02-06,38.3,
EMP1012,2026-01-30,37.7,
EMP1012,2026-01-23,37.9,
EMP1012,2026-01-16,39.5,
EMP1012,2026-01-09,36.1,
EMP1012,2026-01-02,40.8,
EMP1012,2025-12-26,39.5,
EMP1012,2025-12-19,37.3,
EMP1012,2025-12-12,39.2,
EMP1012,2025-12-05,37.6,
EMP1012,2025-11-28,38.6,
EMP1012,2025-11-21,37.8,
EMP1012,2025-11-14,41.1,
EMP1012,2025-11-07,39.8,
EMP1012,2025-10-31,40.4,
EMP1012,2025-10-24,37.8,
EMP1012,2025-10-17,38.7,
EMP1012,2025-10-10,41.7,
EMP1012,2025-10-03,39.1,
EMP1012,2025-09-26,37.7,
EMP1012,2025-09-19,38.7,
EMP1012,2025-09-12,38.4,
EMP1012,2025-09-05,38.3,
EMP1012,2025-08-29,39.3,
EMP1012,2025-08-22,38.7,
EMP1012,2025-08-15,39.9,
EMP1012,2025-08-08,41.1,
EMP1012,2025-08-01,41.3,
EMP1012,2025-07-25,37.5,
EMP1012,2025-07-18,38.5,
EMP1012,2025-07-11,38.8,
EMP1012,2025-07-04,40.1,
EMP1012,2025-06-27,38.3,
EMP1012,2025-06-20,37.4,
EMP1012,2025-06-13,39.3,
EMP1012,2025-06-06,40.9,
EMP1012,2025-05-30,41.8,
EMP1012,2025-05-23,36.4,
EMP1012,2025-05-16,40.0,
EMP1012,2025-05-09,41.3,
EMP1012,2025-05-02,36.5,
EMP1012,2025-04-25,38.2,
EMP1012,2025-04-18,39.1,
EMP1012,2025-04-11,39.7,
EMP1012,2025-04-04,36.2,
EMP1012,2025-03-28,36.4,
EMP1012,2025-03-21,38.7,
EMP1012,2025-03-14,41.5,
EMP1012,2025-03-07,37.0,
EMP1012,2025-02-28,41.1,
EMP1012,2025-02-21,36.1,
EMP1012,2025-02-14,39.1,
EMP1012,2025-02-07,38.0,
EMP1012,2025-01-31,40.2,
EMP1012,2025-01-24,39.9,
EMP1012,2025-01-17,41.0,
EMP1012,2025-01-10,38.3,
EMP1012,2025-01-03,37.7,
EMP1012,2024-12-27,37.4,
EMP1012,2024-12-20,38.5,
EMP1012,2024-12-13,41.3,
EMP1012,2024-12-06,36.2,
EMP1012,2024-11-29,41.4,
EMP1012,2024-11-22,37.4,
EMP1012,2024-11-15,37.5,
EMP1012,2024-11-08,37.6,
EMP1012,2024-11-01,38.5,
EMP1012,2024-10-25,39.1,
EMP1012,2024-10-18,37.3,
EMP1012,2024-10-11,38.4,
EMP1012,2024-10-04,39.9,
EMP1012,2024-09-27,40.0,
EMP1012,2024-09-20,36.1,
EMP1012,2024-09-13,38.4,
EMP1012,2024-09-06,40.2,
EMP1012,2024-08-30,41.3,
EMP1012,2024-08-23,36.7,
EMP1013,2026-08-14,41.6,
EMP1013,2026-08-07,37.1,
EMP1013,2026-07-31,37.1,
EMP1013,2026-07-24,38.5,
EMP1013,2026-07-17,41.1,
EMP1013,2026-07-10,41.5,
EMP1013,2026-07-03,39.9,
EMP1013,2026-06-26,40.7,
EMP1013,2026-06-19,39.7,
EMP1013,2026-06-12,40.6,
EMP1013,2026-06-05,38.7,
EMP1013,2026-05-29,39.9,
EMP1013,2026-05-22,38.6,
EMP1013,2026-05-15,37.3,
EMP1013,2026-05-08,40.6,
EMP1013,2026-05-01,40.1,
EMP1013,2026-04-24,40.9,
EMP1013,2026-04-17,36.3,
EMP1013,2026-04-10,38.8,
EMP1013,2026-04-03,37.2,
EMP1013,2026-03-27,38.5,
EMP1013,2026-03-20,37.8,
EMP1013,2026-03-13,40.9,
EMP1013,2026-03-06,40.2,
EMP1013,2026-02-27,40.2,
EMP1013,2026-02-20,41.2,
EMP1013,2026-02-13,39.0,
EMP1013,2026-02-06,38.9,
EMP1013,2026-01-30,38.4,
EMP1013,2026-01-23,40.5,
EMP1013,2026-01-16,37.9,
EMP1013,2026-01-09,42.0,
EMP1013,2026-01-02,37.9,
EMP1013,2025-12-26,36.1,
EMP1013,2025-12-19,40.0,
EMP1013,2025-12-12,37.8,
EMP1013,2025-12-05,36.8,
EMP1013,2025-11-28,41.0,
EMP1013,2025-11-21,40.2,
EMP1013,2025-11-14,36.4,
EMP1013,2025-11-07,39.9,
EMP1013,2025-10-31,39.4,
EMP1013,2025-10-24,40.6,
EMP1013,2025-10-17,40.6,
EMP1013,2025-10-10,39.3,
EMP1013,2025-10-03,38.4,
EMP1013,2025-09-26,40.3,
EMP1013,2025-09-19,36.2,
EMP1013,2025-09-12,38.3,
EMP1013,2025-09-05,37.1,
EMP1013,2025-08-29,36.4,
EMP1013,2025-08-22,36.4,
EMP1013,2025-08-15,40.6,
EMP1013,2025-08-08,39.5,
EMP1013,2025-08-01,41.8,
EMP1013,2025-07-25,41.4,
EMP1013,2025-07-18,36.1,
EMP1013,2025-07-11,37.1,
EMP1013,2025-07-04,40.9,
EMP1013,2025-06-27,39.5,
EMP1013,2025-06-20,40.6,
EMP1013,2025-06-13,39.1,
EMP1013,2025-06-06,39.7,
EMP1013,2025-05-30,40.0,
EMP1013,2025-05-23,39.4,
EMP1013,2025-05-16,39.2,
EMP1013,2025-05-09,37.0,
EMP1013,2025-05-02,36.7,
EMP1013,2025-04-25,36.9,
EMP1013,2025-04-18,40.2,
EMP1013,2025-04-11,41.8,
EMP1013,2025-04-04,40.6,
EMP1013,2025-03-28,40.6,
EMP1013,2025-03-21,37.4,
EMP1013,2025-03-14,36.5,
EMP1013,2025-03-07,40.4,
EMP1013,2025-02-28,41.5,
EMP1013,2025-02-21,39.2,
EMP1013,2025-02-14,40.9,
EMP1013,2025-02-07,37.8,
EMP1013,2025-01-31,37.6,
EMP1013,2025-01-24,38.4,
EMP1013,2025-01-17,37.8,
EMP1013,2025-01-10,36.2,
EMP1013,2025-01-03,40.3,
EMP1013,2024-12-27,39.5,
EMP1013,2024-12-20,40.1,
EMP1013,2024-12-13,40.0,
EMP1013,2024-12-06,41.8,
EMP1013,2024-11-29,36.5,
EMP1013,2024-11-22,40.6,
EMP1013,2024-11-15,41.7,
EMP1013,2024-11-08,37.8,
EMP1013,2024-11-01,41.9,
EMP1013,2024-10-25,39.6,
EMP1013,2024-10-18,36.1,
EMP1013,2024-10-11,37.7,
EMP1013,2024-10-04,40.7,
EMP1013,2024-09-27,39.7,
EMP1013,2024-09-20,38.5,
EMP1013,2024-09-13,36.2,
EMP1013,2024-09-06,38.3,
EMP1013,2024-08-30,37.1,
EMP1013,2024-08-23,39.7,
EMP1014,2026-08-14,40.9,
EMP1014,2026-08-07,38.6,
EMP1014,2026-07-31,36.0,
EMP1014,2026-07-24,37.6,
EMP1014,2026-07-17,39.6,
EMP1014,2026-07-10,37.0,
EMP1014,2026-07-03,42.0,
EMP1014,2026-06-26,37.4,
EMP1014,2026-06-19,41.5,
EMP1014,2026-06-12,40.5,
EMP1014,2026-06-05,37.7,
EMP1014,2026-05-29,40.7,
EMP1014,2026-05-22,40.9,
EMP1014,2026-05-15,40.2,
EMP1014,2026-05-08,40.7,
EMP1014,2026-05-01,40.2,
EMP1014,2026-04-24,40.9,
EMP1014,2026-04-17,36.5,
EMP1014,2026-04-10,40.3,
EMP1014,2026-04-03,36.7,
EMP1014,2026-03-27,38.8,
EMP1014,2026-03-20,41.2,
EMP1014,2026-03-13,36.0,
EMP1014,2026-03-06,39.8,
EMP1014,2026-02-27,41.7,
EMP1014,2026-02-20,37.6,
EMP1014,2026-02-13,37.3,
EMP1014,2026-02-06,36.7,
EMP1014,2026-01-30,41.3,
EMP1014,2026-01-23,39.2,
EMP1014,2026-01-16,41.2,
EMP1014,2026-01-09,40.6,
EMP1014,2026-01-02,41.5,
EMP1014,2025-12-26,36.6,
EMP1014,2025-12-19,39.9,
EMP1014,2025-12-12,37.5,
EMP1014,2025-12-05,40.6,
EMP1014,2025-11-28,41.5,
EMP1014,2025-11-21,39.9,
EMP1014,2025-11-14,41.4,
EMP1014,2025-11-07,39.9,
EMP1014,2025-10-31,36.6,
EMP1014,2025-10-24,36.0,
EMP1014,2025-10-17,41.6,
EMP1014,2025-10-10,40.6,
EMP1014,2025-10-03,36.7,
EMP1014,2025-09-26,36.3,
EMP1014,2025-09-19,39.6,
EMP1014,2025-09-12,36.9,
EMP1014,2025-09-05,39.8,
EMP1014,2025-08-29,36.3,
EMP1014,2025-08-22,41.3,
EMP1014,2025-08-15,37.2,
EMP1014,2025-08-08,39.1,
EMP1014,2025-08-01,39.2,
EMP1014,2025-07-25,39.1,
EMP1014,2025-07-18,41.4,
EMP1014,2025-07-11,41.8,
EMP1014,2025-07-04,36.4,
EMP1014,2025-06-27,37.0,
EMP1014,2025-06-20,36.9,
EMP1014,2025-06-13,37.0,
EMP1014,2025-06-06,41.7,
EMP1014,2025-05-30,39.3,
EMP1014,2025-05-23,39.9,
EMP1014,2025-05-16,40.6,
EMP1014,2025-05-09,41.0,
EMP1014,2025-05-02,41.1,
EMP1014,2025-04-25,38.0,
EMP1014,2025-04-18,41.7,
EMP1014,2025-04-11,40.0,
EMP1014,2025-04-04,36.1,
EMP1014,2025-03-28,36.9,
EMP1014,2025-03-21,39.0,
EMP1014,2025-03-14,39.5,
EMP1014,2025-03-07,38.0,
EMP1014,2025-02-28,39.4,
EMP1014,2025-02-21,39.8,
EMP1014,2025-02-14,38.8,
EMP1014,2025-02-07,37.7,
EMP1014,2025-01-31,36.5,
EMP1014,2025-01-24,39.2,
EMP1014,2025-01-17,38.5,
EMP1014,2025-01-10,39.6,
EMP1014,2025-01-03,36.7,
EMP1014,2024-12-27,39.6,
EMP1014,2024-12-20,41.4,
EMP1014,2024-12-13,41.2,
EMP1014,2024-12-06,37.0,
EMP1014,2024-11-29,38.8,
EMP1014,2024-11-22,38.4,
EMP1014,2024-11-15,36.1,
EMP1014,2024-11-08,36.2,
EMP1014,2024-11-01,36.8,
EMP1014,2024-10-25,36.1,
EMP1014,2024-10-18,39.7,
EMP1014,2024-10-11,38.7,
EMP1014,2024-10-04,39.8,
EMP1014,2024-09-27,40.8,
EMP1014,2024-09-20,42.0,
EMP1014,2024-09-13,38.5,
EMP1014,2024-09-06,40.0,
EMP1014,2024-08-30,41.3,
EMP1014,2024-08-23,37.7,
EMP1015,2026-08-14,37.3,
EMP1015,2026-08-07,40.8,
EMP1015,2026-07-31,38.3,
EMP1015,2026-07-24,39.9,
EMP1015,2026-07-17,39.9,
EMP1015,2026-07-10,38.0,
EMP1015,2026-07-03,39.1,
EMP1015,2026-06-26,40.9,
EMP1015,2026-06-19,38.9,
EMP1015,2026-06-12,36.0,
EMP1015,2026-06-05,37.1,
EMP1015,2026-05-29,40.4,
EMP1015,2026-05-22,37.8,
EMP1015,2026-05-15,40.0,
EMP1015,2026-05-08,39.9,
EMP1015,2026-05-01,37.8,
EMP1015,2026-04-24,39.9,
EMP1015,2026-04-17,38.2,
EMP1015,2026-04-10,38.4,
EMP1015,2026-04-03,36.1,
EMP1015,2026-03-27,36.5,
EMP1015,2026-03-20,41.6,
EMP1015,2026-03-13,41.7,
EMP1015,2026-03-06,38.8,
EMP1015,2026-02-27,37.5,
EMP1015,2026-02-20,37.1,
EMP1015,2026-02-13,41.5,
EMP1015,2026-02-06,39.4,
EMP1015,2026-01-30,38.4,
EMP1015,2026-01-23,40.9,
EMP1015,2026-01-16,40.2,
EMP1015,2026-01-09,37.5,
EMP1015,2026-01-02,38.3,
EMP1015,2025-12-26,40.6,
EMP1015,2025-12-19,36.0,
EMP1015,2025-12-12,41.5,
EMP1015,2025-12-05,37.8,
EMP1015,2025-11-28,38.3,
EMP1015,2025-11-21,36.8,
EMP1015,2025-11-14,40.6,
EMP1015,2025-11-07,40.1,
EMP1015,2025-10-31,36.3,
EMP1015,2025-10-24,38.1,
EMP1015,2025-10-17,40.2,
EMP1015,2025-10-10,38.5,
EMP1015,2025-10-03,39.0,
EMP1015,2025-09-26,36.5,
EMP1015,2025-09-19,39.2,
EMP1015,2025-09-12,38.6,
EMP1015,2025-09-05,38.2,
EMP1015,2025-08-29,41.6,
EMP1015,2025-08-22,40.1,
EMP1015,2025-08-15,41.8,
EMP1015,2025-08-08,41.2,
EMP1015,2025-08-01,41.0,
EMP1015,2025-07-25,37.6,
EMP1015,2025-07-18,41.3,
EMP1015,2025-07-11,39.1,
EMP1015,2025-07-04,36.9,
EMP1015,2025-06-27,38.1,
EMP1015,2025-06-20,40.3,
EMP1015,2025-06-13,38.7,
EMP1015,2025-06-06,39.0,
EMP1015,2025-05-30,39.1,
EMP1015,2025-05-23,37.7,
EMP1015,2025-05-16,40.3,
EMP1015,2025-05-09,38.5,
EMP1015,2025-05-02,42.0,
EMP1015,2025-04-25,41.8,
EMP1015,2025-04-18,37.4,
EMP1015,2025-04-11,36.2,
EMP1015,2025-04-04,38.4,
EMP1015,2025-03-28,38.8,
EMP1015,2025-03-21,40.7,
EMP1015,2025-03-14,41.8,
EMP1015,2025-03-07,38.4,
EMP1015,2025-02-28,39.5,
EMP1015,2025-02-21,36.8,
EMP1015,2025-02-14,39.5,
EMP1015,2025-02-07,39.4,
EMP1015,2025-01-31,38.9,
EMP1015,2025-01-24,41.5,
EMP1015,2025-01-17,41.3,
EMP1015,2025-01-10,41.4,
EMP1015,2025-01-03,36.8,
EMP1015,2024-12-27,36.3,
EMP1015,2024-12-20,37.5,
EMP1015,2024-12-13,39.6,
EMP1015,2024-12-06,38.3,
EMP1015,2024-11-29,37.0,
EMP1015,2024-11-22,38.5,
EMP1015,2024-11-15,39.7,
EMP1015,2024-11-08,36.1,
EMP1015,2024-11-01,38.5,
EMP1015,2024-10-25,36.4,
EMP1015,2024-10-18,38.7,
EMP1015,2024-10-11,41.6,
EMP1015,2024-10-04,39.5,
EMP1015,2024-09-27,37.1,
EMP1015,2024-09-20,41.4,
EMP1015,2024-09-13,38.3,
EMP1015,2024-09-06,41.9,
EMP1015,2024-08-30,41.5,
EMP1015,2024-08-23,41.7,
EMP1016,2026-08-14,39.9,
EMP1016,2026-08-07,36.9,
EMP1016,2026-07-31,41.5,
EMP1016,2026-07-24,39.6,
EMP1016,2026-07-17,41.7,
EMP1016,2026-07-10,39.3,
EMP1016,2026-07-03,37.3,
EMP1016,2026-06-26,40.5,
EMP1016,2026-06-19,40.4,
EMP1016,2026-06-12,41.2,
EMP1016,2026-06-05,38.4,
EMP1016,2026-05-29,39.1,
EMP1016,2026-05-22,40.3,
EMP1016,2026-05-15,38.7,
EMP1016,2026-05-08,37.1,
EMP1016,2026-05-01,41.5,
EMP1016,2026-04-24,38.6,
EMP1016,2026-04-17,37.8,
EMP1016,2026-04-10,37.5,
EMP1016,2026-04-03,39.2,
EMP1016,2026-03-27,36.3,
EMP1016,2026-03-20,41.7,
EMP1016,2026-03-13,40.8,
EMP1016,2026-03-06,41.4,
EMP1016,2026-02-27,40.9,
EMP1016,2026-02-20,36.6,
EMP1016,2026-02-13,37.2,
EMP1016,2026-02-06,39.2,
EMP1016,2026-01-30,37.1,
EMP1016,2026-01-23,40.6,
EMP1016,2026-01-16,36.5,
EMP1016,2026-01-09,41.9,
EMP1016,2026-01-02,38.4,
EMP1016,2025-12-26,36.2,
EMP1016,2025-12-19,41.4,
EMP1016,2025-12-12,37.7,
EMP1016,2025-12-05,36.3,
EMP1016,2025-11-28,41.9,
EMP1016,2025-11-21,40.2,
EMP1016,2025-11-14,41.6,
EMP1016,2025-11-07,36.9,
EMP1016,2025-10-31,39.7,
EMP1016,2025-10-24,40.5,
EMP1016,2025-10-17,36.4,
EMP1016,2025-10-10,40.8,
EMP1016,2025-10-03,40.4,
EMP1016,2025-09-26,40.0,
EMP1016,2025-09-19,41.1,
EMP1016,2025-09-12,41.2,
EMP1016,2025-09-05,40.4,
EMP1016,2025-08-29,39.4,
EMP1016,2025-08-22,37.3,
EMP1016,2025-08-15,36.7,
EMP1016,2025-08-08,37.2,
EMP1016,2025-08-01,40.9,
EMP1016,2025-07-25,39.0,
EMP1016,2025-07-18,36.9,
EMP1016,2025-07-11,39.8,
EMP1016,2025-07-04,39.3,
EMP1016,2025-06-27,36.8,
EMP1016,2025-06-20,39.5,
EMP1016,2025-06-13,39.2,
EMP1016,2025-06-06,39.9,
EMP1016,2025-05-30,41.0,
EMP1016,2025-05-23,38.3,
EMP1016,2025-05-16,37.0,
EMP1016,2025-05-09,40.7,
EMP1016,2025-05-02,41.6,
EMP1016,2025-04-25,36.8,
EMP1016,2025-04-18,41.5,
EMP1016,2025-04-11,38.0,
EMP1016,2025-04-04,41.8,
EMP1016,2025-03-28,39.9,
EMP1016,2025-03-21,36.3,
EMP1016,2025-03-14,37.1,
EMP1016,2025-03-07,38.0,
EMP1016,2025-02-28,37.4,
EMP1016,2025-02-21,39.4,
EMP1016,2025-02-14,38.9,
EMP1016,2025-02-07,38.6,
EMP1016,2025-01-31,39.7,
EMP1016,2025-01-24,40.8,
EMP1016,2025-01-17,39.7,
EMP1016,2025-01-10,37.6,
EMP1016,2025-01-03,41.4,
EMP1016,2024-12-27,38.4,
EMP1016,2024-12-20,41.5,
EMP1016,2024-12-13,39.4,
EMP1016,2024-12-06,41.9,
EMP1016,2024-11-29,40.7,
EMP1016,2024-11-22,41.5,
EMP1016,2024-11-15,41.9,
EMP1016,2024-11-08,36.2,
EMP1016,2024-11-01,41.9,
EMP1016,2024-10-25,38.2,
EMP1016,2024-10-18,39.2,
EMP1016,2024-10-11,41.3,
EMP1016,2024-10-04,36.5,
EMP1016,2024-09-27,40.0,
EMP1016,2024-09-20,37.5,
EMP1016,2024-09-13,41.6,
EMP1016,2024-09-06,38.7,
EMP1016,2024-08-30,38.5,
EMP1016,2024-08-23,36.6,
EMP1017,2026-08-14,39.2,
EMP1017,2026-08-07,39.4,
EMP1017,2026-07-31,41.9,
EMP1017,2026-07-24,36.9,
EMP1017,2026-07-17,40.6,
EMP1017,2026-07-10,41.5,
EMP1017,2026-07-03,39.9,
EMP1017,2026-06-26,40.6,
EMP1017,2026-06-19,41.1,
EMP1017,2026-06-12,36.0,
EMP1017,2026-06-05,37.5,
EMP1017,2026-05-29,41.6,
EMP1017,2026-05-22,38.9,
EMP1017,2026-05-15,36.7,
EMP1017,2026-05-08,37.0,
EMP1017,2026-05-01,37.4,
EMP1017,2026-04-24,36.4,
EMP1017,2026-04-17,37.2,
EMP1017,2026-04-10,40.0,
EMP1017,2026-04-03,37.9,
EMP1017,2026-03-27,38.4,
EMP1017,2026-03-20,36.1,
EMP1017,2026-03-13,39.0,
EMP1017,2026-03-06,39.0,
EMP1017,2026-02-27,39.9,
EMP1017,2026-02-20,36.4,
EMP1017,2026-02-13,41.9,
EMP1017,2026-02-06,38.1,
EMP1017,2026-01-30,37.4,
EMP1017,2026-01-23,36.5,
EMP1017,2026-01-16,39.5,
EMP1017,2026-01-09,40.0,
EMP1017,2026-01-02,41.8,
EMP1017,2025-12-26,36.9,
EMP1017,2025-12-19,38.0,
EMP1017,2025-12-12,39.7,
EMP1017,2025-12-05,41.0,
EMP1017,2025-11-28,39.6,
EMP1017,2025-11-21,36.4,
EMP1017,2025-11-14,37.2,
EMP1017,2025-11-07,38.9,
EMP1017,2025-10-31,37.3,
EMP1017,2025-10-24,36.2,
EMP1017,2025-10-17,37.8,
EMP1017,2025-10-10,37.1,
EMP1017,2025-10-03,37.8,
EMP1017,2025-09-26,42.0,
EMP1017,2025-09-19,37.7,
EMP1017,2025-09-12,38.7,
EMP1017,2025-09-05,39.3,
EMP1017,2025-08-29,36.0,
EMP1017,2025-08-22,37.6,
EMP1017,2025-08-15,38.6,
EMP1017,2025-08-08,38.7,
EMP1017,2025-08-01,41.8,
EMP1017,2025-07-25,38.5,
EMP1017,2025-07-18,36.8,
EMP1017,2025-07-11,37.4,
EMP1017,2025-07-04,41.9,
EMP1017,2025-06-27,41.5,
EMP1017,2025-06-20,41.3,
EMP1017,2025-06-13,40.2,
EMP1017,2025-06-06,38.8,
EMP1017,2025-05-30,37.9,
EMP1017,2025-05-23,40.7,
EMP1017,2025-05-16,39.6,
EMP1017,2025-05-09,40.7,
EMP1017,2025-05-02,39.8,
EMP1017,2025-04-25,41.9,
EMP1017,2025-04-18,40.1,
EMP1017,2025-04-11,41.1,
EMP1017,2025-04-04,41.8,
EMP1017,2025-03-28,36.5,
EMP1017,2025-03-21,40.2,
EMP1017,2025-03-14,41.8,
EMP1017,2025-03-07,37.0,
EMP1017,2025-02-28,39.2,
EMP1017,2025-02-21,38.1,
EMP1017,2025-02-14,37.6,
EMP1017,2025-02-07,38.3,
EMP1017,2025-01-31,41.8,
EMP1017,2025-01-24,36.2,
EMP1017,2025-01-17,40.9,
EMP1017,2025-01-10,39.4,
EMP1017,2025-01-03,38.1,
EMP1017,2024-12-27,36.0,
EMP1017,2024-12-20,38.1,
EMP1017,2024-12-13,40.5,
EMP1017,2024-12-06,40.4,
EMP1017,2024-11-29,40.8,
EMP1017,2024-11-22,37.9,
EMP1017,2024-11-15,41.0,
EMP1017,2024-11-08,37.6,
EMP1017,2024-11-01,40.3,
EMP1017,2024-10-25,39.7,
EMP1017,2024-10-18,40.0,
EMP1017,2024-10-11,37.5,
EMP1017,2024-10-04,40.0,
EMP1017,2024-09-27,41.5,
EMP1017,2024-09-20,36.3,
EMP1017,2024-09-13,39.0,
EMP1017,2024-09-06,38.8,
EMP1017,2024-08-30,36.3,
EMP1017,2024-08-23,36.1,
EMP1018,2026-08-14,37.5,
EMP1018,2026-08-07,41.0,
EMP1018,2026-07-31,36.1,
EMP1018,2026-07-24,37.9,
EMP1018,2026-07-17,41.4,
EMP1018,2026-07-10,36.7,
EMP1018,2026-07-03,37.7,
EMP1018,2026-06-26,36.1,
EMP1018,2026-06-19,40.6,
EMP1018,2026-06-12,39.6,
EMP1018,2026-06-05,40.7,
EMP1018,2026-05-29,39.3,
EMP1018,2026-05-22,37.1,
EMP1018,2026-05-15,40.8,
EMP1018,2026-05-08,36.1,
EMP1018,2026-05-01,37.3,
EMP1018,2026-04-24,38.3,
EMP1018,2026-04-17,40.6,
EMP1018,2026-04-10,40.6,
EMP1018,2026-04-03,40.4,
EMP1018,2026-03-27,36.2,
EMP1018,2026-03-20,39.1,
EMP1018,2026-03-13,41.5,
EMP1018,2026-03-06,39.3,
EMP1018,2026-02-27,38.4,
EMP1018,2026-02-20,41.7,
EMP1018,2026-02-13,39.8,
EMP1018,2026-02-06,40.2,
EMP1018,2026-01-30,36.1,
EMP1018,2026-01-23,38.7,
EMP1018,2026-01-16,39.2,
EMP1018,2026-01-09,36.9,
EMP1018,2026-01-02,37.9,
EMP1018,2025-12-26,39.6,
EMP1018,2025-12-19,38.0,
EMP1018,2025-12-12,41.8,
EMP1018,2025-12-05,38.3,
EMP1018,2025-11-28,40.2,
EMP1018,2025-11-21,40.3,
EMP1018,2025-11-14,37.2,
EMP1018,2025-11-07,37.2,
EMP1018,2025-10-31,37.4,
EMP1018,2025-10-24,40.3,
EMP1018,2025-10-17,36.8,
EMP1018,2025-10-10,36.3,
EMP1018,2025-10-03,37.1,
EMP1018,2025-09-26,41.9,
EMP1018,2025-09-19,37.8,
EMP1018,2025-09-12,41.1,
EMP1018,2025-09-05,39.0,
EMP1018,2025-08-29,39.0,
EMP1018,2025-08-22,36.3,
EMP1018,2025-08-15,40.6,
EMP1018,2025-08-08,38.6,
EMP1018,2025-08-01,36.3,
EMP1018,2025-07-25,40.3,
EMP1018,2025-07-18,39.6,
EMP1018,2025-07-11,38.9,
EMP1018,2025-07-04,41.8,
EMP1018,2025-06-27,39.6,
EMP1018,2025-06-20,36.2,
EMP1018,2025-06-13,40.1,
EMP1018,2025-06-06,36.7,
EMP1018,2025-05-30,40.2,
EMP1018,2025-05-23,36.6,
EMP1018,2025-05-16,41.0,
EMP1018,2025-05-09,40.9,
EMP1018,2025-05-02,39.8,
EMP1018,2025-04-25,41.9,
EMP1018,2025-04-18,41.2,
EMP1018,2025-04-11,36.5,
EMP1018,2025-04-04,37.2,
EMP1018,2025-03-28,41.1,
EMP1018,2025-03-21,36.9,
EMP1018,2025-03-14,38.3,
EMP1018,2025-03-07,36.6,
EMP1018,2025-02-28,38.0,
EMP1018,2025-02-21,37.7,
EMP1018,2025-02-14,38.0,
EMP1018,2025-02-07,36.3,
EMP1018,2025-01-31,37.0,
EMP1018,2025-01-24,38.4,
EMP1018,2025-01-17,37.1,
EMP1018,2025-01-10,36.7,
EMP1018,2025-01-03,39.6,
EMP1018,2024-12-27,38.4,
EMP1018,2024-12-20,37.8,
EMP1018,2024-12-13,38.7,
EMP1018,2024-12-06,40.1,
EMP1018,2024-11-29,41.9,
EMP1018,2024-11-22,36.9,
EMP1018,2024-11-15,37.9,
EMP1018,2024-11-08,39.6,
EMP1018,2024-11-01,38.8,
EMP1018,2024-10-25,36.0,
EMP1018,2024-10-18,38.9,
EMP1018,2024-10-11,37.6,
EMP1018,2024-10-04,40.3,
EMP1018,2024-09-27,37.8,
EMP1018,2024-09-20,40.4,
EMP1018,2024-09-13,41.8,
EMP1018,2024-09-06,36.3,
EMP1018,2024-08-30,39.2,
EMP1018,2024-08-23,41.4,
EMP1019,2026-08-14,40.6,
EMP1019,2026-08-07,41.5,
EMP1019,2026-07-31,41.4,
EMP1019,2026-07-24,36.5,
EMP1019,2026-07-17,40.5,
EMP1019,2026-07-10,37.7,
EMP1019,2026-07-03,40.5,
EMP1019,2026-06-26,40.9,
EMP1019,2026-06-19,39.4,
EMP1019,2026-06-12,40.4,
EMP1019,2026-06-05,39.5,
EMP1019,2026-05-29,38.5,
EMP1019,2026-05-22,40.8,
EMP1019,2026-05-15,40.8,
EMP1019,2026-05-08,42.0,
EMP1019,2026-05-01,36.8,
EMP1019,2026-04-24,38.4,
EMP1019,2026-04-17,37.5,
EMP1019,2026-04-10,40.2,
EMP1019,2026-04-03,39.5,
EMP1019,2026-03-27,41.5,
EMP1019,2026-03-20,38.2,
EMP1019,2026-03-13,41.9,
EMP1019,2026-03-06,36.8,
EMP1019,2026-02-27,38.3,
EMP1019,2026-02-20,40.4,
EMP1019,2026-02-13,37.8,
EMP1019,2026-02-06,36.8,
EMP1019,2026-01-30,38.9,
EMP1019,2026-01-23,39.3,
EMP1019,2026-01-16,38.7,
EMP1019,2026-01-09,37.3,
EMP1019,2026-01-02,38.3,
EMP1019,2025-12-26,38.4,
EMP1019,2025-12-19,38.0,
EMP1019,2025-12-12,40.9,
EMP1019,2025-12-05,38.4,
EMP1019,2025-11-28,36.2,
EMP1019,2025-11-21,38.4,
EMP1019,2025-11-14,38.6,
EMP1019,2025-11-07,36.1,
EMP1019,2025-10-31,36.3,
EMP1019,2025-10-24,40.4,
EMP1019,2025-10-17,41.3,
EMP1019,2025-10-10,36.5,
EMP1019,2025-10-03,39.8,
EMP1019,2025-09-26,37.6,
EMP1019,2025-09-19,36.0,
EMP1019,2025-09-12,39.3,
EMP1019,2025-09-05,36.7,
EMP1019,2025-08-29,41.2,
EMP1019,2025-08-22,39.5,
EMP1019,2025-08-15,39.6,
EMP1019,2025-08-08,41.9,
EMP1019,2025-08-01,36.4,
EMP1019,2025-07-25,40.4,
EMP1019,2025-07-18,39.8,
EMP1019,2025-07-11,36.9,
EMP1019,2025-07-04,36.8,
EMP1019,2025-06-27,39.6,
EMP1019,2025-06-20,38.0,
EMP1019,2025-06-13,40.1,
EMP1019,2025-06-06,40.6,
EMP1019,2025-05-30,38.8,
EMP1019,2025-05-23,38.2,
EMP1019,2025-05-16,38.8,
EMP1019,2025-05-09,39.6,
EMP1019,2025-05-02,37.4,
EMP1019,2025-04-25,36.7,
EMP1020,2026-08-14,39.9,
EMP1020,2026-08-07,37.1,
EMP1020,2026-07-31,38.4,
EMP1020,2026-07-24,36.3,
EMP1020,2026-07-17,40.3,
EMP1020,2026-07-10,38.6,
EMP1020,2026-07-03,36.8,
EMP1020,2026-06-26,41.8,
EMP1020,2026-06-19,38.1,
EMP1020,2026-06-12,40.9,
EMP1020,2026-06-05,39.0,
EMP1020,2026-05-29,37.8,
EMP1020,2026-05-22,37.9,
EMP1020,2026-05-15,40.9,
EMP1020,2026-05-08,41.9,
EMP1020,2026-05-01,39.5,
EMP1020,2026-04-24,36.8,
EMP1020,2026-04-17,37.9,
EMP1020,2026-04-10,40.5,
EMP1020,2026-04-03,41.8,
EMP1020,2026-03-27,37.7,
EMP1020,2026-03-20,37.7,
EMP1020,2026-03-13,38.0,
EMP1020,2026-03-06,39.1,
EMP1020,2026-02-27,36.7,
EMP1020,2026-02-20,36.1,
EMP1020,2026-02-13,39.4,
EMP1020,2026-02-06,40.3,
EMP1020,2026-01-30,39.6,
EMP1020,2026-01-23,38.1,
EMP1020,2026-01-16,38.1,
EMP1020,2026-01-09,37.3,
EMP1020,2026-01-02,41.3,
EMP1020,2025-12-26,41.1,
EMP1020,2025-12-19,40.6,
EMP1020,2025-12-12,38.4,
EMP1020,2025-12-05,38.4,
EMP1020,2025-11-28,41.2,
EMP1020,2025-11-21,39.6,
EMP1020,2025-11-14,40.1,
EMP1020,2025-11-07,36.9,
EMP1020,2025-10-31,39.0,
EMP1020,2025-10-24,39.0,
EMP1020,2025-10-17,37.9,
EMP1020,2025-10-10,38.4,
EMP1020,2025-10-03,36.1,
EMP1020,2025-09-26,41.8,
EMP1020,2025-09-19,38.5,
EMP1020,2025-09-12,40.9,
EMP1020,2025-09-05,41.0,
EMP1020,2025-08-29,37.9,
EMP1020,2025-08-22,38.5,
EMP1020,2025-08-15,38.7,
EMP1020,2025-08-08,37.8,
EMP1020,2025-08-01,41.2,
EMP1020,2025-07-25,36.9,
EMP1020,2025-07-18,38.5,
EMP1020,2025-07-11,41.5,
EMP1020,2025-07-04,36.1,
EMP1020,2025-06-27,37.2,
EMP1020,2025-06-20,40.8,
EMP1020,2025-06-13,36.4,
EMP1020,2025-06-06,39.0,
EMP1020,2025-05-30,36.2,
EMP1020,2025-05-23,38.2,
EMP1020,2025-05-16,37.2,
EMP1021,2026-08-14,36.0,
EMP1021,2026-08-07,38.6,
EMP1021,2026-07-31,40.1,
EMP1021,2026-07-24,39.8,
EMP1021,2026-07-17,36.5,
EMP1021,2026-07-10,39.0,
EMP1021,2026-07-03,36.6,
EMP1021,2026-06-26,38.5,
EMP1021,2026-06-19,38.1,
EMP1021,2026-06-12,38.6,
EMP1021,2026-06-05,36.4,
EMP1021,2026-05-29,36.8,
EMP1021,2026-05-22,37.5,
EMP1021,2026-05-15,36.5,
EMP1021,2026-05-08,37.5,
EMP1021,2026-05-01,38.0,
EMP1021,2026-04-24,38.7,
EMP1021,2026-04-17,37.6,
EMP1021,2026-04-10,40.3,
EMP1021,2026-04-03,41.8,
EMP1021,2026-03-27,40.4,
EMP1021,2026-03-20,38.2,
EMP1021,2026-03-13,36.6,
EMP1021,2026-03-06,40.9,
EMP1021,2026-02-27,40.2,
EMP1021,2026-02-20,41.9,
EMP1021,2026-02-13,38.8,
EMP1021,2026-02-06,36.3,
EMP1021,2026-01-30,40.3,
EMP1021,2026-01-23,36.7,
EMP1021,2026-01-16,41.6,
EMP1021,2026-01-09,36.5,
EMP1021,2026-01-02,39.9,
EMP1021,2025-12-26,39.1,
EMP1021,2025-12-19,39.5,
EMP1021,2025-12-12,38.4,
EMP1021,2025-12-05,41.8,
EMP1021,2025-11-28,41.6,
EMP1021,2025-11-21,41.1,
EMP1021,2025-11-14,38.4,
EMP1021,2025-11-07,37.3,
EMP1021,2025-10-31,38.0,
EMP1021,2025-10-24,41.3,
EMP1021,2025-10-17,39.3,
EMP1021,2025-10-10,37.2,
EMP1021,2025-10-03,37.9,
EMP1021,2025-09-26,39.6,
EMP1021,2025-09-19,37.6,
EMP1021,2025-09-12,40.0,
EMP1021,2025-09-05,38.8,
EMP1021,2025-08-29,39.3,
EMP1021,2025-08-22,36.0,
EMP1021,2025-08-15,40.1,
EMP1021,2025-08-08,36.3,
EMP1021,2025-08-01,37.1,
EMP1021,2025-07-25,37.5,
EMP1021,2025-07-18,40.5,
EMP1021,2025-07-11,38.9,
EMP1021,2025-07-04,38.8,
EMP1021,2025-06-27,40.4,
EMP1021,2025-06-20,39.3,
EMP1021,2025-06-13,37.5,
EMP1021,2025-06-06,36.0,
EMP1021,2025-05-30,39.9,
EMP1021,2025-05-23,39.4,
EMP1021,2025-05-16,37.0,
EMP1021,2025-05-09,39.6,
EMP1021,2025-05-02,38.6,
EMP1021,2025-04-25,37.5,
EMP1021,2025-04-18,37.1,
EMP1021,2025-04-11,40.9,
EMP1021,2025-04-04,40.1,
EMP1021,2025-03-28,39.6,
EMP1021,2025-03-21,38.9,
EMP1021,2025-03-14,40.7,
EMP1021,2025-03-07,36.8,
EMP1021,2025-02-28,39.4,
EMP1021,2025-02-21,41.2,
EMP1021,2025-02-14,37.7,
EMP1021,2025-02-07,36.2,
EMP1021,2025-01-31,41.2,
EMP1021,2025-01-24,41.5,
EMP1021,2025-01-17,37.9,
EMP1021,2025-01-10,40.6,
EMP1021,2025-01-03,40.9,
EMP1021,2024-12-27,41.6,
EMP1021,2024-12-20,41.4,
EMP1021,2024-12-13,38.8,
EMP1021,2024-12-06,39.7,
EMP1021,2024-11-29,39.6,
EMP1021,2024-11-22,37.1,
EMP1021,2024-11-15,37.0,
EMP1021,2024-11-08,38.8,
EMP1021,2024-11-01,37.4,
EMP1021,2024-10-25,41.6,
EMP1021,2024-10-18,37.0,
EMP1021,2024-10-11,40.3,
EMP1021,2024-10-04,41.2,
EMP1021,2024-09-27,39.9,
EMP1021,2024-09-20,36.3,
EMP1021,2024-09-13,37.4,
EMP1021,2024-09-06,37.1,
EMP1021,2024-08-30,39.5,
EMP1021,2024-08-23,37.5,
EMP1022,2026-08-14,41.9,
EMP1022,2026-08-07,36.4,
EMP1022,2026-07-31,39.7,
EMP1022,2026-07-24,37.4,
EMP1022,2026-07-17,40.8,
EMP1022,2026-07-10,39.1,
EMP1022,2026-07-03,37.8,
EMP1022,2026-06-26,37.3,
EMP1022,2026-06-19,37.8,
EMP1022,2026-06-12,40.0,
EMP1022,2026-06-05,39.6,
EMP1022,2026-05-29,39.2,
EMP1022,2026-05-22,41.3,
EMP1022,2026-05-15,36.1,
EMP1022,2026-05-08,40.0,
EMP1022,2026-05-01,38.0,
EMP1022,2026-04-24,37.9,
EMP1022,2026-04-17,36.5,
EMP1022,2026-04-10,41.1,
EMP1022,2026-04-03,40.1,
EMP1022,2026-03-27,36.8,
EMP1022,2026-03-20,38.3,
EMP1022,2026-03-13,41.5,
EMP1022,2026-03-06,38.7,
EMP1022,2026-02-27,38.6,
EMP1022,2026-02-20,40.1,
EMP1022,2026-02-13,39.7,
EMP1022,2026-02-06,37.2,
EMP1022,2026-01-30,41.8,
EMP1022,2026-01-23,36.7,
EMP1022,2026-01-16,36.0,
EMP1022,2026-01-09,41.0,
EMP1022,2026-01-02,40.7,
EMP1022,2025-12-26,41.9,
EMP1022,2025-12-19,37.3,
EMP1022,2025-12-12,36.9,
EMP1022,2025-12-05,40.6,
EMP1022,2025-11-28,38.6,
EMP1022,2025-11-21,39.8,
EMP1022,2025-11-14,40.7,
EMP1022,2025-11-07,41.5,
EMP1022,2025-10-31,39.0,
EMP1022,2025-10-24,38.8,
EMP1022,2025-10-17,37.3,
EMP1022,2025-10-10,41.6,
EMP1022,2025-10-03,38.5,
EMP1022,2025-09-26,40.4,
EMP1022,2025-09-19,40.2,
EMP1022,2025-09-12,36.2,
EMP1022,2025-09-05,38.4,
EMP1022,2025-08-29,41.6,
EMP1022,2025-08-22,40.4,
EMP1022,2025-08-15,36.2,
EMP1022,2025-08-08,40.8,
EMP1022,2025-08-01,36.0,
EMP1022,2025-07-25,39.4,
EMP1022,2025-07-18,36.3,
EMP1022,2025-07-11,38.3,
EMP1022,2025-07-04,36.2,
EMP1022,2025-06-27,39.7,
EMP1022,2025-06-20,37.0,
EMP1022,2025-06-13,39.0,
EMP1022,2025-06-06,37.8,
EMP1022,2025-05-30,39.8,
EMP1022,2025-05-23,36.5,
EMP1022,2025-05-16,40.9,
EMP1022,2025-05-09,39.8,
EMP1022,2025-05-02,40.7,
EMP1022,2025-04-25,37.8,
EMP1022,2025-04-18,36.3,
EMP1022,2025-04-11,41.4,
EMP1022,2025-04-04,37.6,
EMP1022,2025-03-28,40.1,
EMP1022,2025-03-21,41.2,
EMP1022,2025-03-14,38.8,
EMP1022,2025-03-07,40.6,
EMP1022,2025-02-28,39.0,
EMP1022,2025-02-21,38.6,
EMP1022,2025-02-14,38.5,
EMP1022,2025-02-07,38.2,
EMP1022,2025-01-31,41.6,
EMP1022,2025-01-24,41.1,
EMP1022,2025-01-17,38.6,
EMP1022,2025-01-10,37.0,
EMP1022,2025-01-03,41.1,
EMP1022,2024-12-27,37.5,
EMP1022,2024-12-20,38.4,
EMP1022,2024-12-13,40.8,
EMP1022,2024-12-06,40.0,
EMP1022,2024-11-29,38.1,
EMP1022,2024-11-22,41.1,
EMP1022,2024-11-15,40.9,
EMP1022,2024-11-08,38.4,
EMP1022,2024-11-01,41.7,
EMP1022,2024-10-25,37.6,
EMP1022,2024-10-18,38.5,
EMP1022,2024-10-11,36.4,
EMP1022,2024-10-04,39.4,
EMP1022,2024-09-27,37.6,
EMP1022,2024-09-20,39.6,
EMP1022,2024-09-13,39.9,
EMP1022,2024-09-06,37.3,
EMP1022,2024-08-30,39.1,
EMP1022,2024-08-23,37.3,
EMP1023,2026-08-14,19.5,Alumni Support
EMP1023,2026-08-07,20.5,Career Readiness
EMP1023,2026-07-31,21.1,College Access
EMP1023,2026-07-24,17.5,Alumni Support
EMP1023,2026-07-17,16.2,Career Readiness
EMP1023,2026-07-10,20.9,College Access
EMP1023,2026-07-03,21.2,College Persistence
EMP1023,2026-06-26,16.9,Alumni Support
EMP1023,2026-06-19,20.7,Alumni Support
EMP1023,2026-06-12,17.8,College Persistence
EMP1023,2026-06-05,16.8,College Persistence
EMP1023,2026-05-29,21.9,Career Readiness
EMP1023,2026-05-22,21.4,College Access
EMP1023,2026-05-15,16.8,College Persistence
EMP1023,2026-05-08,20.3,College Access
EMP1023,2026-05-01,20.0,College Access
EMP1023,2026-04-24,18.0,Career Readiness
EMP1023,2026-04-17,19.4,Career Readiness
EMP1023,2026-04-10,17.4,College Access
EMP1023,2026-04-03,16.0,College Access
EMP1023,2026-03-27,17.1,Alumni Support
EMP1023,2026-03-20,18.6,College Persistence
EMP1023,2026-03-13,16.8,College Persistence
EMP1023,2026-03-06,20.9,Career Readiness
EMP1023,2026-02-27,21.6,Career Readiness
EMP1023,2026-02-20,17.0,College Persistence
EMP1023,2026-02-13,18.0,Alumni Support
EMP1023,2026-02-06,20.5,Alumni Support
EMP1023,2026-01-30,16.4,College Persistence
EMP1023,2026-01-23,21.5,College Persistence
EMP1023,2026-01-16,17.2,Alumni Support
EMP1023,2026-01-09,16.3,Career Readiness
EMP1023,2026-01-02,16.4,College Access
EMP1023,2025-12-26,18.3,College Access
EMP1023,2025-12-19,21.9,College Persistence
EMP1023,2025-12-12,20.2,Career Readiness
EMP1023,2025-12-05,19.5,Career Readiness
EMP1023,2025-11-28,18.4,Alumni Support
EMP1023,2025-11-21,20.5,Career Readiness
EMP1023,2025-11-14,18.3,Career Readiness
EMP1023,2025-11-07,19.1,Alumni Support
EMP1023,2025-10-31,19.7,Alumni Support
EMP1023,2025-10-24,17.2,College Persistence
EMP1023,2025-10-17,21.8,Alumni Support
EMP1023,2025-10-10,16.9,Alumni Support
EMP1023,2025-10-03,20.8,College Access
EMP1023,2025-09-26,21.0,College Access
EMP1023,2025-09-19,19.4,College Persistence
EMP1023,2025-09-12,18.5,Alumni Support
EMP1023,2025-09-05,18.4,College Access
EMP1023,2025-08-29,16.6,Career Readiness
EMP1023,2025-08-22,18.1,Career Readiness
EMP1023,2025-08-15,20.4,Alumni Support
EMP1023,2025-08-08,21.7,Career Readiness
EMP1023,2025-08-01,19.0,Alumni Support
EMP1023,2025-07-25,17.9,Career Readiness
EMP1023,2025-07-18,21.3,Career Readiness
EMP1023,2025-07-11,16.6,College Persistence
EMP1023,2025-07-04,17.5,Alumni Support
EMP1023,2025-06-27,17.6,College Access
EMP1023,2025-06-20,16.3,Alumni Support
EMP1023,2025-06-13,18.0,Alumni Support
EMP1023,2025-06-06,20.9,College Persistence
EMP1023,2025-05-30,17.7,College Access
EMP1023,2025-05-23,18.1,Alumni Support
EMP1023,2025-05-16,18.3,Career Readiness
EMP1023,2025-05-09,18.0,College Persistence
EMP1023,2025-05-02,17.1,Career Readiness
EMP1023,2025-04-25,21.2,Career Readiness
EMP1023,2025-04-18,16.4,Alumni Support
EMP1023,2025-04-11,21.6,College Access
EMP1023,2025-04-04,16.9,College Persistence
EMP1023,2025-03-28,17.2,Alumni Support
EMP1023,2025-03-21,21.5,Alumni Support
EMP1023,2025-03-14,16.1,College Persistence
EMP1023,2025-03-07,21.0,Alumni Support
EMP1023,2025-02-28,21.2,College Access
EMP1023,2025-02-21,18.7,College Persistence
EMP1023,2025-02-14,18.4,College Access
EMP1023,2025-02-07,21.3,Career Readiness
EMP1023,2025-01-31,20.9,Career Readiness
EMP1023,2025-01-24,16.9,College Persistence
EMP1023,2025-01-17,19.1,Alumni Support
EMP1023,2025-01-10,16.4,College Access
EMP1023,2025-01-03,20.8,Career Readiness
EMP1023,2024-12-27,20.4,College Persistence
EMP1023,2024-12-20,16.2,Career Readiness
EMP1023,2024-12-13,20.5,College Persistence
EMP1023,2024-12-06,17.6,College Access
EMP1023,2024-11-29,19.5,Alumni Support
EMP1023,2024-11-22,19.8,Alumni Support
EMP1023,2024-11-15,19.6,Alumni Support
EMP1023,2024-11-08,16.8,Career Readiness
EMP1023,2024-11-01,18.0,College Persistence
EMP1023,2024-10-25,19.3,College Access
EMP1023,2024-10-18,17.3,Alumni Support
EMP1023,2024-10-11,19.7,College Access
EMP1023,2024-10-04,17.8,College Access
EMP1023,2024-09-27,18.8,Career Readiness
EMP1023,2024-09-20,20.5,Alumni Support
EMP1023,2024-09-13,20.5,Alumni Support
EMP1023,2024-09-06,17.8,College Access
EMP1023,2024-08-30,19.4,Alumni Support
EMP1023,2024-08-23,19.8,College Persistence
EMP1024,2026-08-14,19.4,
EMP1024,2026-08-07,20.1,
EMP1024,2026-07-31,21.3,
EMP1024,2026-07-24,19.5,
EMP1024,2026-07-17,19.8,
EMP1024,2026-07-10,19.3,
EMP1024,2026-07-03,16.8,
EMP1024,2026-06-26,21.9,
EMP1024,2026-06-19,16.0,
EMP1024,2026-06-12,20.3,
EMP1024,2026-06-05,17.5,
EMP1024,2026-05-29,16.9,
EMP1024,2026-05-22,21.2,
EMP1024,2026-05-15,21.1,
EMP1024,2026-05-08,20.8,
EMP1024,2026-05-01,21.8,
EMP1024,2026-04-24,18.1,
EMP1024,2026-04-17,19.2,
EMP1024,2026-04-10,21.8,
EMP1024,2026-04-03,16.8,
EMP1024,2026-03-27,19.1,
EMP1024,2026-03-20,19.7,
EMP1024,2026-03-13,21.2,
EMP1024,2026-03-06,18.8,
EMP1024,2026-02-27,21.1,
EMP1024,2026-02-20,16.9,
EMP1024,2026-02-13,17.4,
EMP1024,2026-02-06,19.4,
EMP1024,2026-01-30,18.6,
EMP1024,2026-01-23,18.8,
EMP1024,2026-01-16,17.7,
EMP1024,2026-01-09,18.6,
EMP1024,2026-01-02,18.2,
EMP1024,2025-12-26,18.2,
EMP1024,2025-12-19,21.7,
EMP1024,2025-12-12,19.9,
EMP1024,2025-12-05,16.4,
EMP1024,2025-11-28,21.4,
EMP1024,2025-11-21,20.4,
EMP1024,2025-11-14,22.0,
EMP1024,2025-11-07,20.1,
EMP1024,2025-10-31,20.3,
EMP1024,2025-10-24,17.2,
EMP1024,2025-10-17,19.0,
EMP1024,2025-10-10,20.5,
EMP1024,2025-10-03,16.8,
EMP1024,2025-09-26,19.6,
EMP1024,2025-09-19,20.7,
EMP1024,2025-09-12,19.1,
EMP1024,2025-09-05,18.4,
EMP1024,2025-08-29,19.1,
EMP1024,2025-08-22,21.6,
EMP1024,2025-08-15,16.6,
EMP1024,2025-08-08,18.5,
EMP1024,2025-08-01,17.5,
EMP1024,2025-07-25,20.6,
EMP1024,2025-07-18,17.0,
EMP1024,2025-07-11,21.3,
EMP1024,2025-07-04,16.2,
EMP1024,2025-06-27,19.9,
EMP1024,2025-06-20,20.3,
EMP1024,2025-06-13,18.3,
EMP1024,2025-06-06,19.7,
EMP1024,2025-05-30,17.7,
EMP1024,2025-05-23,18.8,
EMP1024,2025-05-16,21.0,
EMP1024,2025-05-09,17.8,
EMP1024,2025-05-02,19.1,
EMP1024,2025-04-25,16.6,
EMP1024,2025-04-18,21.9,
EMP1024,2025-04-11,17.2,
EMP1024,2025-04-04,16.0,
EMP1024,2025-03-28,18.4,
EMP1024,2025-03-21,21.1,
EMP1024,2025-03-14,17.3,
EMP1024,2025-03-07,21.8,
EMP1024,2025-02-28,21.5,
EMP1024,2025-02-21,16.5,
EMP1024,2025-02-14,16.6,
EMP1024,2025-02-07,20.9,
EMP1024,2025-01-31,21.5,
EMP1024,2025-01-24,20.8,
EMP1024,2025-01-17,16.5,
EMP1024,2025-01-10,19.2,
EMP1024,2025-01-03,16.9,
EMP1024,2024-12-27,20.7,
EMP1024,2024-12-20,21.3,
EMP1024,2024-12-13,20.9,
EMP1024,2024-12-06,20.9,
EMP1024,2024-11-29,19.4,
EMP1024,2024-11-22,18.5,
EMP1024,2024-11-15,19.3,
EMP1024,2024-11-08,21.0,
EMP1024,2024-11-01,21.6,
EMP1024,2024-10-25,21.6,
EMP1024,2024-10-18,17.4,
EMP1024,2024-10-11,18.8,
EMP1024,2024-10-04,16.9,
EMP1024,2024-09-27,19.9,
EMP1024,2024-09-20,16.7,
EMP1024,2024-09-13,19.7,
EMP1024,2024-09-06,21.7,
EMP1024,2024-08-30,16.2,
EMP1024,2024-08-23,16.9,
EMP1025,2026-08-14,37.0,
EMP1025,2026-08-07,38.8,
EMP1025,2026-07-31,41.0,
EMP1025,2026-07-24,36.3,
EMP1025,2026-07-17,40.3,
EMP1025,2026-07-10,40.8,
EMP1025,2026-07-03,41.9,
EMP1025,2026-06-26,37.9,
EMP1025,2026-06-19,37.6,
EMP1025,2026-06-12,40.8,
EMP1025,2026-06-05,39.3,
EMP1025,2026-05-29,39.8,
EMP1025,2026-05-22,36.3,
EMP1025,2026-05-15,41.3,
EMP1025,2026-05-08,37.7,
EMP1025,2026-05-01,38.8,
EMP1025,2026-04-24,38.7,
EMP1025,2026-04-17,37.9,
EMP1025,2026-04-10,37.6,
EMP1025,2026-04-03,39.8,
EMP1025,2026-03-27,38.7,
EMP1025,2026-03-20,39.0,
EMP1025,2026-03-13,37.9,
EMP1025,2026-03-06,39.6,
EMP1025,2026-02-27,36.5,
EMP1025,2026-02-20,40.9,
EMP1025,2026-02-13,41.2,
EMP1025,2026-02-06,39.2,
EMP1025,2026-01-30,40.1,
EMP1025,2026-01-23,41.1,
EMP1025,2026-01-16,40.5,
EMP1025,2026-01-09,38.8,
EMP1025,2026-01-02,36.4,
EMP1025,2025-12-26,39.5,
EMP1025,2025-12-19,37.9,
EMP1025,2025-12-12,39.6,
EMP1025,2025-12-05,39.3,
EMP1025,2025-11-28,37.8,
EMP1025,2025-11-21,39.1,
EMP1025,2025-11-14,39.7,
EMP1025,2025-11-07,40.3,
EMP1025,2025-10-31,38.3,
EMP1025,2025-10-24,38.4,
EMP1025,2025-10-17,39.3,
EMP1025,2025-10-10,39.0,
EMP1025,2025-10-03,39.3,
EMP1025,2025-09-26,38.7,
EMP1025,2025-09-19,37.2,
EMP1025,2025-09-12,36.1,
EMP1025,2025-09-05,36.9,
EMP1025,2025-08-29,36.1,
EMP1025,2025-08-22,38.9,
EMP1025,2025-08-15,36.5,
EMP1025,2025-08-08,37.4,
EMP1025,2025-08-01,38.4,
EMP1025,2025-07-25,36.7,
EMP1025,2025-07-18,36.7,
EMP1025,2025-07-11,39.8,
EMP1025,2025-07-04,40.0,
EMP1025,2025-06-27,36.2,
EMP1025,2025-06-20,41.1,
EMP1025,2025-06-13,40.4,
EMP1025,2025-06-06,39.3,
EMP1025,2025-05-30,40.8,
EMP1025,2025-05-23,36.6,
EMP1025,2025-05-16,41.6,
EMP1025,2025-05-09,39.9,
EMP1025,2025-05-02,39.2,
EMP1025,2025-04-25,39.9,
EMP1025,2025-04-18,41.1,
EMP1025,2025-04-11,40.7,
EMP1025,2025-04-04,36.6,
EMP1025,2025-03-28,40.6,
EMP1025,2025-03-21,40.9,
EMP1025,2025-03-14,36.2,
EMP1025,2025-03-07,41.0,
EMP1025,2025-02-28,36.0,
EMP1025,2025-02-21,38.4,
EMP1025,2025-02-14,40.3,
EMP1025,2025-02-07,41.1,
EMP1025,2025-01-31,39.6,
EMP1025,2025-01-24,41.2,
EMP1025,2025-01-17,36.3,
EMP1025,2025-01-10,39.5,
EMP1025,2025-01-03,37.3,
EMP1025,2024-12-27,40.7,
EMP1025,2024-12-20,39.5,
EMP1025,2024-12-13,36.9,
EMP1025,2024-12-06,39.3,
EMP1025,2024-11-29,41.4,
EMP1025,2024-11-22,37.3,
EMP1025,2024-11-15,41.4,
EMP1025,2024-11-08,39.1,
EMP1025,2024-11-01,41.6,
EMP1025,2024-10-25,38.6,
EMP1025,2024-10-18,37.8,
EMP1025,2024-10-11,41.4,
EMP1025,2024-10-04,41.5,
EMP1025,2024-09-27,37.5,
EMP1025,2024-09-20,37.9,
EMP1025,2024-09-13,38.5,
EMP1025,2024-09-06,38.0,
EMP1025,2024-08-30,39.1,
EMP1025,2024-08-23,38.5,
EMP1026,2026-08-14,39.1,
EMP1026,2026-08-07,40.4,
EMP1026,2026-07-31,37.4,
EMP1026,2026-07-24,41.8,
EMP1026,2026-07-17,38.0,
EMP1026,2026-07-10,40.1,
EMP1026,2026-07-03,36.1,
EMP1026,2026-06-26,38.9,
EMP1026,2026-06-19,37.4,
EMP1026,2026-06-12,36.6,
EMP1026,2026-06-05,37.0,
EMP1026,2026-05-29,40.8,
EMP1026,2026-05-22,41.4,
EMP1026,2026-05-15,37.3,
EMP1026,2026-05-08,37.9,
EMP1026,2026-05-01,38.0,
EMP1026,2026-04-24,36.3,
EMP1026,2026-04-17,41.1,
EMP1026,2026-04-10,37.9,
EMP1026,2026-04-03,40.1,
EMP1026,2026-03-27,36.2,
EMP1026,2026-03-20,36.8,
EMP1026,2026-03-13,36.6,
EMP1026,2026-03-06,38.9,
EMP1026,2026-02-27,39.6,
EMP1026,2026-02-20,41.3,
EMP1026,2026-02-13,37.3,
EMP1026,2026-02-06,37.6,
EMP1026,2026-01-30,40.9,
EMP1026,2026-01-23,37.6,
EMP1026,2026-01-16,37.9,
EMP1026,2026-01-09,41.9,
EMP1026,2026-01-02,39.2,
EMP1026,2025-12-26,36.6,
EMP1026,2025-12-19,36.5,
EMP1026,2025-12-12,36.4,
EMP1026,2025-12-05,41.3,
EMP1026,2025-11-28,41.7,
EMP1026,2025-11-21,39.9,
EMP1026,2025-11-14,40.2,
EMP1026,2025-11-07,40.5,
EMP1026,2025-10-31,41.6,
EMP1026,2025-10-24,41.9,
EMP1026,2025-10-17,40.8,
EMP1026,2025-10-10,41.1,
EMP1026,2025-10-03,37.2,
EMP1026,2025-09-26,39.2,
EMP1026,2025-09-19,38.7,
EMP1026,2025-09-12,37.9,
EMP1026,2025-09-05,40.5,
EMP1026,2025-08-29,40.9,
EMP1026,2025-08-22,40.7,
EMP1026,2025-08-15,39.6,
EMP1026,2025-08-08,40.5,
EMP1026,2025-08-01,39.5,
EMP1026,2025-07-25,38.6,
EMP1026,2025-07-18,41.2,
EMP1026,2025-07-11,39.7,
EMP1026,2025-07-04,39.2,
EMP1026,2025-06-27,41.2,
EMP1026,2025-06-20,36.9,
EMP1026,2025-06-13,39.8,
EMP1026,2025-06-06,37.8,
EMP1026,2025-05-30,40.7,
EMP1026,2025-05-23,37.6,
EMP1026,2025-05-16,38.6,
EMP1026,2025-05-09,37.8,
EMP1026,2025-05-02,38.5,
EMP1026,2025-04-25,38.8,
EMP1026,2025-04-18,40.9,
EMP1026,2025-04-11,36.1,
EMP1026,2025-04-04,40.6,
EMP1026,2025-03-28,37.4,
EMP1026,2025-03-21,40.6,
EMP1026,2025-03-14,40.4,
EMP1026,2025-03-07,38.6,
EMP1026,2025-02-28,37.8,
EMP1026,2025-02-21,36.1,
EMP1026,2025-02-14,38.6,
EMP1026,2025-02-07,41.6,
EMP1026,2025-01-31,39.7,
EMP1026,2025-01-24,38.9,
EMP1026,2025-01-17,40.6,
EMP1026,2025-01-10,39.0,
EMP1026,2025-01-03,37.2,
EMP1026,2024-12-27,36.7,
EMP1026,2024-12-20,39.5,
EMP1026,2024-12-13,39.0,
EMP1026,2024-12-06,38.7,
EMP1026,2024-11-29,41.5,
EMP1026,2024-11-22,39.6,
EMP1026,2024-11-15,40.2,
EMP1026,2024-11-08,36.9,
EMP1026,2024-11-01,38.6,
EMP1026,2024-10-25,36.6,
EMP1026,2024-10-18,38.4,
EMP1026,2024-10-11,39.4,
EMP1026,2024-10-04,40.5,
EMP1026,2024-09-27,40.3,
EMP1026,2024-09-20,36.8,
EMP1026,2024-09-13,41.0,
EMP1026,2024-09-06,38.0,
EMP1026,2024-08-30,38.2,
EMP1026,2024-08-23,40.2,
EMP1027,2026-08-14,37.8,
EMP1027,2026-08-07,37.0,
EMP1027,2026-07-31,40.9,
EMP1027,2026-07-24,37.4,
EMP1027,2026-07-17,37.8,
EMP1027,2026-07-10,38.3,
EMP1027,2026-07-03,42.0,
EMP1027,2026-06-26,38.2,
EMP1027,2026-06-19,39.3,
EMP1027,2026-06-12,39.8,
EMP1027,2026-06-05,37.5,
EMP1027,2026-05-29,37.5,
EMP1027,2026-05-22,38.6,
EMP1027,2026-05-15,38.3,
EMP1027,2026-05-08,41.7,
EMP1027,2026-05-01,41.5,
EMP1027,2026-04-24,37.8,
EMP1027,2026-04-17,40.8,
EMP1027,2026-04-10,41.1,
EMP1027,2026-04-03,40.3,
EMP1027,2026-03-27,38.3,
EMP1027,2026-03-20,40.4,
EMP1027,2026-03-13,38.1,
EMP1027,2026-03-06,39.8,
EMP1027,2026-02-27,38.1,
EMP1027,2026-02-20,37.7,
EMP1027,2026-02-13,36.5,
EMP1027,2026-02-06,39.8,
EMP1027,2026-01-30,37.6,
EMP1027,2026-01-23,41.6,
EMP1027,2026-01-16,41.6,
EMP1027,2026-01-09,36.7,
EMP1027,2026-01-02,36.4,
EMP1027,2025-12-26,36.0,
EMP1027,2025-12-19,36.1,
EMP1027,2025-12-12,37.0,
EMP1027,2025-12-05,37.0,
EMP1027,2025-11-28,39.1,
EMP1027,2025-11-21,36.6,
EMP1027,2025-11-14,39.4,
EMP1027,2025-11-07,36.4,
EMP1027,2025-10-31,41.0,
EMP1027,2025-10-24,37.7,
EMP1027,2025-10-17,42.0,
EMP1027,2025-10-10,37.4,
EMP1027,2025-10-03,40.6,
EMP1027,2025-09-26,41.0,
EMP1027,2025-09-19,40.0,
EMP1027,2025-09-12,38.3,
EMP1027,2025-09-05,41.3,
EMP1027,2025-08-29,40.2,
EMP1027,2025-08-22,37.5,
EMP1027,2025-08-15,39.4,
EMP1027,2025-08-08,40.2,
EMP1027,2025-08-01,40.9,
EMP1027,2025-07-25,37.7,
EMP1027,2025-07-18,40.4,
EMP1027,2025-07-11,36.8,
EMP1027,2025-07-04,40.9,
EMP1027,2025-06-27,41.2,
EMP1027,2025-06-20,39.2,
EMP1027,2025-06-13,37.7,
EMP1027,2025-06-06,39.8,
EMP1027,2025-05-30,37.4,
EMP1027,2025-05-23,37.2,
EMP1027,2025-05-16,41.6,
EMP1027,2025-05-09,40.9,
EMP1027,2025-05-02,38.5,
EMP1027,2025-04-25,41.1,
EMP1027,2025-04-18,38.1,
EMP1027,2025-04-11,41.6,
EMP1027,2025-04-04,36.2,
EMP1027,2025-03-28,40.4,
EMP1027,2025-03-21,39.5,
EMP1027,2025-03-14,40.2,
EMP1027,2025-03-07,37.1,
EMP1027,2025-02-28,39.3,
EMP1027,2025-02-21,37.1,
EMP1027,2025-02-14,38.3,
EMP1027,2025-02-07,38.8,
EMP1027,2025-01-31,39.6,
EMP1027,2025-01-24,38.3,
EMP1027,2025-01-17,38.5,
EMP1027,2025-01-10,38.6,
EMP1027,2025-01-03,36.5,
EMP1027,2024-12-27,36.8,
EMP1027,2024-12-20,37.9,
EMP1027,2024-12-13,38.4,
EMP1027,2024-12-06,37.4,
EMP1027,2024-11-29,37.0,
EMP1027,2024-11-22,41.7,
EMP1027,2024-11-15,36.2,
EMP1027,2024-11-08,40.8,
EMP1027,2024-11-01,41.0,
EMP1027,2024-10-25,36.8,
EMP1027,2024-10-18,40.2,
EMP1027,2024-10-11,37.3,
EMP1027,2024-10-04,39.7,
EMP1027,2024-09-27,39.3,
EMP1027,2024-09-20,36.4,
EMP1027,2024-09-13,41.9,
EMP1027,2024-09-06,40.4,
EMP1027,2024-08-30,41.8,
EMP1027,2024-08-23,39.3,
EMP1028,2025-07-04,41.3,
EMP1028,2025-06-27,38.9,
EMP1028,2025-06-20,39.7,
EMP1028,2025-06-13,36.1,
EMP1028,2025-06-06,38.8,
EMP1028,2025-05-30,38.7,
EMP1028,2025-05-23,36.4,
EMP1028,2025-05-16,36.9,
EMP1028,2025-05-09,37.8,
EMP1028,2025-05-02,40.9,
EMP1028,2025-04-25,36.7,
EMP1028,2025-04-18,37.8,
EMP1028,2025-04-11,39.7,
EMP1028,2025-04-04,37.3,
EMP1028,2025-03-28,40.7,
EMP1028,2025-03-21,38.1,
EMP1028,2025-03-14,38.7,
EMP1028,2025-03-07,41.1,
EMP1028,2025-02-28,41.4,
EMP1028,2025-02-21,38.6,
EMP1028,2025-02-14,37.8,
EMP1028,2025-02-07,41.2,
EMP1028,2025-01-31,38.3,
EMP1028,2025-01-24,36.3,
EMP1028,2025-01-17,39.3,
EMP1028,2025-01-10,37.5,
EMP1028,2025-01-03,40.5,
EMP1028,2024-12-27,38.3,
EMP1028,2024-12-20,36.4,
EMP1028,2024-12-13,39.5,
EMP1028,2024-12-06,40.5,
EMP1028,2024-11-29,40.4,
EMP1028,2024-11-22,39.9,
EMP1028,2024-11-15,41.4,
EMP1028,2024-11-08,39.8,
EMP1028,2024-11-01,38.1,
EMP1028,2024-10-25,40.5,
EMP1028,2024-10-18,39.8,
EMP1028,2024-10-11,38.9,
EMP1028,2024-10-04,38.6,
EMP1028,2024-09-27,41.1,
EMP1028,2024-09-20,37.6,
EMP1028,2024-09-13,36.6,
EMP1028,2024-09-06,39.6,
EMP1028,2024-08-30,36.2,
EMP1028,2024-08-23,41.6,
EMP1029,2026-08-14,21.8,Career Readiness
EMP1029,2026-08-07,16.0,College Persistence
EMP1029,2026-07-31,20.5,Career Readiness
EMP1029,2026-07-24,18.1,College Persistence
EMP1029,2026-07-17,21.0,Career Readiness
EMP1029,2026-07-10,20.7,Career Readiness
EMP1029,2026-07-03,21.3,Alumni Support
EMP1029,2026-06-26,18.9,College Persistence
EMP1029,2026-06-19,19.2,College Persistence
EMP1029,2026-06-12,19.4,Career Readiness
EMP1029,2026-06-05,18.8,College Persistence
EMP1029,2026-05-29,21.7,College Access
EMP1029,2026-05-22,17.5,Career Readiness
EMP1029,2026-05-15,17.7,College Access
EMP1029,2026-05-08,18.2,Alumni Support
EMP1029,2026-05-01,17.8,College Persistence
EMP1029,2026-04-24,16.9,College Access
EMP1029,2026-04-17,16.7,Alumni Support
EMP1029,2026-04-10,19.2,Alumni Support
EMP1029,2026-04-03,19.5,Career Readiness
EMP1029,2026-03-27,17.3,College Persistence
EMP1029,2026-03-20,21.2,College Access
EMP1029,2026-03-13,17.7,Career Readiness
EMP1029,2026-03-06,17.7,Alumni Support
EMP1029,2026-02-27,19.0,Alumni Support
EMP1029,2026-02-20,18.5,College Persistence
EMP1029,2026-02-13,16.3,Career Readiness
EMP1029,2026-02-06,19.0,College Access
EMP1029,2026-01-30,16.6,Alumni Support
EMP1029,2026-01-23,21.8,College Access
EMP1029,2026-01-16,17.9,College Access
EMP1029,2026-01-09,17.9,College Access
EMP1029,2026-01-02,17.5,Alumni Support
EMP1029,2025-12-26,18.9,Alumni Support
EMP1029,2025-12-19,17.0,College Access
EMP1029,2025-12-12,21.7,College Access
EMP1029,2025-12-05,18.9,College Access
EMP1029,2025-11-28,19.3,College Access
EMP1029,2025-11-21,16.3,Alumni Support
EMP1029,2025-11-14,19.8,Career Readiness
EMP1029,2025-11-07,18.5,College Persistence
EMP1029,2025-10-31,18.0,Alumni Support
EMP1029,2025-10-24,21.0,Alumni Support
EMP1029,2025-10-17,19.9,College Access
EMP1029,2025-10-10,16.9,Alumni Support
EMP1029,2025-10-03,20.9,College Persistence
EMP1029,2025-09-26,17.5,College Access
EMP1029,2025-09-19,18.2,Career Readiness
EMP1029,2025-09-12,17.1,College Persistence
EMP1029,2025-09-05,16.1,College Access
EMP1029,2025-08-29,16.3,College Persistence
EMP1029,2025-08-22,16.3,Alumni Support
EMP1029,2025-08-15,21.2,Career Readiness
EMP1029,2025-08-08,21.5,College Access
EMP1029,2025-08-01,20.1,College Persistence
EMP1029,2025-07-25,17.0,College Access
EMP1029,2025-07-18,16.6,College Persistence
EMP1029,2025-07-11,16.2,Alumni Support
EMP1029,2025-07-04,18.9,College Access
EMP1029,2025-06-27,17.9,Career Readiness
EMP1029,2025-06-20,17.9,College Persistence
EMP1029,2025-06-13,16.1,Alumni Support
EMP1029,2025-06-06,18.5,College Persistence
EMP1029,2025-05-30,17.2,College Persistence
EMP1029,2025-05-23,16.8,College Persistence
EMP1029,2025-05-16,17.7,College Access
EMP1029,2025-05-09,21.9,College Persistence
EMP1029,2025-05-02,21.2,College Persistence
EMP1029,2025-04-25,17.1,College Persistence
EMP1029,2025-04-18,16.3,Alumni Support
EMP1029,2025-04-11,16.8,College Access
EMP1029,2025-04-04,16.6,College Access
EMP1029,2025-03-28,21.1,College Access
EMP1029,2025-03-21,20.5,Career Readiness
EMP1029,2025-03-14,19.2,College Persistence
EMP1029,2025-03-07,17.3,College Access
EMP1029,2025-02-28,17.2,College Persistence
EMP1029,2025-02-21,18.2,Alumni Support
EMP1029,2025-02-14,21.7,College Access
EMP1029,2025-02-07,20.8,College Persistence
EMP1029,2025-01-31,17.5,Career Readiness
EMP1029,2025-01-24,18.0,Alumni Support
EMP1029,2025-01-17,20.1,Career Readiness
EMP1029,2025-01-10,16.8,Career Readiness
EMP1029,2025-01-03,17.1,Alumni Support
EMP1029,2024-12-27,17.8,Career Readiness
EMP1029,2024-12-20,19.7,Alumni Support
EMP1029,2024-12-13,20.8,College Persistence
EMP1029,2024-12-06,17.6,Alumni Support
EMP1029,2024-11-29,18.6,Career Readiness
EMP1029,2024-11-22,17.0,College Access
EMP1029,2024-11-15,20.4,Career Readiness
EMP1029,2024-11-08,17.5,Alumni Support
EMP1029,2024-11-01,19.8,Alumni Support
EMP1029,2024-10-25,19.8,College Persistence
EMP1029,2024-10-18,17.7,Career Readiness
EMP1029,2024-10-11,17.1,Alumni Support
EMP1029,2024-10-04,21.0,Career Readiness
EMP1029,2024-09-27,18.4,College Access
EMP1029,2024-09-20,18.0,College Persistence
EMP1029,2024-09-13,22.0,Alumni Support
EMP1029,2024-09-06,18.2,Career Readiness
EMP1029,2024-08-30,19.4,College Access
EMP1029,2024-08-23,17.6,Alumni Support
EMP1030,2026-08-14,21.8,
EMP1030,2026-08-07,18.2,
EMP1030,2026-07-31,17.5,
EMP1030,2026-07-24,19.8,
EMP1030,2026-07-17,16.4,
EMP1030,2026-07-10,21.5,
EMP1030,2026-07-03,18.5,
EMP1030,2026-06-26,16.6,
EMP1030,2026-06-19,18.8,
EMP1030,2026-06-12,22.0,
EMP1030,2026-06-05,17.3,
EMP1030,2026-05-29,18.4,
EMP1030,2026-05-22,19.5,
EMP1030,2026-05-15,18.2,
EMP1030,2026-05-08,17.7,
EMP1030,2026-05-01,18.6,
EMP1030,2026-04-24,22.0,
EMP1030,2026-04-17,17.6,
EMP1030,2026-04-10,20.6,
EMP1030,2026-04-03,18.6,
EMP1030,2026-03-27,17.9,
EMP1030,2026-03-20,17.4,
EMP1030,2026-03-13,17.3,
EMP1030,2026-03-06,19.5,
EMP1030,2026-02-27,20.1,
EMP1030,2026-02-20,21.6,
EMP1030,2026-02-13,16.8,
EMP1030,2026-02-06,19.8,
EMP1030,2026-01-30,20.6,
EMP1030,2026-01-23,19.3,
EMP1030,2026-01-16,18.0,
EMP1030,2026-01-09,17.5,
EMP1030,2026-01-02,17.7,
EMP1030,2025-12-26,21.3,
EMP1030,2025-12-19,20.2,
EMP1030,2025-12-12,21.9,
EMP1030,2025-12-05,19.0,
EMP1030,2025-11-28,19.6,
EMP1030,2025-11-21,17.8,
EMP1030,2025-11-14,18.0,
EMP1030,2025-11-07,16.5,
EMP1030,2025-10-31,19.8,
EMP1030,2025-10-24,21.2,
EMP1030,2025-10-17,20.2,
EMP1030,2025-10-10,18.5,
EMP1030,2025-10-03,17.2,
EMP1030,2025-09-26,19.8,
EMP1030,2025-09-19,21.6,
EMP1030,2025-09-12,17.9,
EMP1030,2025-09-05,17.3,
EMP1030,2025-08-29,20.0,
EMP1030,2025-08-22,18.5,
EMP1030,2025-08-15,18.0,
EMP1030,2025-08-08,20.5,
EMP1030,2025-08-01,17.5,
EMP1030,2025-07-25,19.5,
EMP1030,2025-07-18,18.5,
EMP1030,2025-07-11,16.6,
EMP1030,2025-07-04,20.4,
EMP1030,2025-06-27,16.9,
EMP1030,2025-06-20,19.4,
EMP1030,2025-06-13,19.5,
EMP1030,2025-06-06,17.4,
EMP1030,2025-05-30,19.7,
EMP1030,2025-05-23,21.3,
EMP1030,2025-05-16,19.3,
EMP1030,2025-05-09,19.9,
EMP1030,2025-05-02,18.5,
EMP1030,2025-04-25,18.1,
EMP1030,2025-04-18,17.3,
EMP1030,2025-04-11,21.7,
EMP1030,2025-04-04,16.5,
EMP1030,2025-03-28,18.4,
EMP1030,2025-03-21,20.7,
EMP1030,2025-03-14,19.9,
EMP1030,2025-03-07,20.2,
EMP1030,2025-02-28,16.5,
EMP1030,2025-02-21,17.5,
EMP1030,2025-02-14,19.0,
EMP1030,2025-02-07,17.2,
EMP1030,2025-01-31,16.8,
EMP1030,2025-01-24,16.4,
EMP1030,2025-01-17,20.1,
EMP1030,2025-01-10,20.7,
EMP1030,2025-01-03,20.6,
EMP1030,2024-12-27,21.7,
EMP1030,2024-12-20,17.6,
EMP1030,2024-12-13,19.7,
EMP1030,2024-12-06,20.9,
EMP1030,2024-11-29,21.8,
EMP1030,2024-11-22,21.4,
EMP1030,2024-11-15,16.1,
EMP1030,2024-11-08,21.4,
EMP1030,2024-11-01,18.3,
EMP1030,2024-10-25,17.7,
EMP1030,2024-10-18,17.2,
EMP1030,2024-10-11,16.8,
EMP1030,2024-10-04,16.7,
EMP1030,2024-09-27,17.7,
EMP1030,2024-09-20,20.7,
EMP1030,2024-09-13,19.6,
EMP1030,2024-09-06,17.8,
EMP1030,2024-08-30,20.6,
EMP1030,2024-08-23,18.4,
EMP1031,2026-08-14,17.9,
EMP1031,2026-08-07,17.7,
EMP1031,2026-07-31,16.9,
EMP1031,2026-07-24,19.5,
EMP1031,2026-07-17,21.0,
EMP1031,2026-07-10,17.0,
EMP1031,2026-07-03,21.1,
EMP1031,2026-06-26,17.8,
EMP1031,2026-06-19,20.5,
EMP1031,2026-06-12,17.2,
EMP1031,2026-06-05,20.9,
EMP1031,2026-05-29,19.6,
EMP1031,2026-05-22,18.8,
EMP1031,2026-05-15,20.5,
EMP1031,2026-05-08,19.5,
EMP1031,2026-05-01,20.8,
EMP1031,2026-04-24,19.8,
EMP1031,2026-04-17,17.8,
EMP1031,2026-04-10,17.3,
EMP1031,2026-04-03,20.9,
EMP1031,2026-03-27,17.6,
EMP1031,2026-03-20,21.1,
EMP1031,2026-03-13,16.5,
EMP1031,2026-03-06,20.0,
EMP1031,2026-02-27,17.1,
EMP1031,2026-02-20,18.5,
EMP1031,2026-02-13,21.5,
EMP1031,2026-02-06,20.3,
EMP1031,2026-01-30,19.4,
EMP1031,2026-01-23,16.5,
EMP1031,2026-01-16,18.5,
EMP1031,2026-01-09,21.9,
EMP1031,2026-01-02,16.2,
EMP1031,2025-12-26,20.1,
EMP1031,2025-12-19,19.3,
EMP1031,2025-12-12,17.3,
EMP1031,2025-12-05,17.3,
EMP1031,2025-11-28,16.7,
EMP1031,2025-11-21,16.6,
EMP1031,2025-11-14,18.3,
EMP1031,2025-11-07,17.0,
EMP1031,2025-10-31,20.7,
EMP1031,2025-10-24,19.4,
EMP1031,2025-10-17,16.7,
EMP1031,2025-10-10,20.7,
EMP1031,2025-10-03,17.5,
EMP1031,2025-09-26,19.6,
EMP1031,2025-09-19,20.4,
EMP1031,2025-09-12,16.2,
EMP1031,2025-09-05,20.5,
EMP1031,2025-08-29,17.2,
EMP1031,2025-08-22,17.4,
EMP1031,2025-08-15,21.8,
EMP1031,2025-08-08,17.3,
EMP1031,2025-08-01,21.5,
EMP1031,2025-07-25,18.5,
EMP1031,2025-07-18,18.9,
EMP1031,2025-07-11,20.8,
EMP1031,2025-07-04,21.7,
EMP1031,2025-06-27,17.6,
EMP1031,2025-06-20,20.8,
EMP1031,2025-06-13,17.7,
EMP1031,2025-06-06,21.0,
EMP1031,2025-05-30,19.3,
EMP1031,2025-05-23,20.1,
EMP1032,2026-08-14,36.5,College Access
EMP1032,2026-08-07,41.7,Alumni Support
EMP1032,2026-07-31,39.0,College Persistence
EMP1032,2026-07-24,36.2,Career Readiness
EMP1032,2026-07-17,41.5,College Access
EMP1032,2026-07-10,36.6,College Access
EMP1032,2026-07-03,41.9,College Access
EMP1032,2026-06-26,40.6,College Access
EMP1032,2026-06-19,41.1,College Persistence
EMP1032,2026-06-12,41.4,College Access
EMP1032,2026-06-05,36.9,Alumni Support
EMP1032,2026-05-29,41.1,College Access
EMP1032,2026-05-22,38.4,College Access
EMP1032,2026-05-15,40.5,College Access
EMP1032,2026-05-08,41.3,College Access
EMP1032,2026-05-01,37.5,College Persistence
EMP1032,2026-04-24,36.7,College Persistence
EMP1032,2026-04-17,37.5,Career Readiness
EMP1032,2026-04-10,37.8,Career Readiness
EMP1032,2026-04-03,41.3,College Access
EMP1032,2026-03-27,37.3,College Persistence
EMP1032,2026-03-20,36.4,College Access
EMP1032,2026-03-13,40.2,College Access
EMP1032,2026-03-06,38.9,College Access
EMP1032,2026-02-27,37.2,Alumni Support
EMP1032,2026-02-20,36.4,Career Readiness
EMP1032,2026-02-13,40.7,College Access
EMP1032,2026-02-06,41.1,College Access
EMP1032,2026-01-30,40.7,College Access
EMP1032,2026-01-23,37.2,College Persistence
EMP1032,2026-01-16,40.7,College Access
EMP1032,2026-01-09,39.5,Career Readiness
EMP1032,2026-01-02,41.6,College Access
EMP1032,2025-12-26,42.0,Career Readiness
EMP1032,2025-12-19,41.4,College Access
EMP1032,2025-12-12,37.0,College Access
EMP1032,2025-12-05,37.7,College Access
EMP1032,2025-11-28,36.8,Alumni Support
EMP1032,2025-11-21,41.1,Career Readiness
EMP1032,2025-11-14,37.9,Alumni Support
EMP1032,2025-11-07,41.6,College Access
EMP1032,2025-10-31,40.6,College Persistence
EMP1032,2025-10-24,41.8,Alumni Support
EMP1032,2025-10-17,41.1,Career Readiness
EMP1032,2025-10-10,38.9,Career Readiness
EMP1032,2025-10-03,41.2,College Persistence
EMP1032,2025-09-26,39.6,College Persistence
EMP1032,2025-09-19,39.3,College Access
EMP1032,2025-09-12,36.2,Alumni Support
EMP1032,2025-09-05,37.8,College Access
EMP1032,2025-08-29,39.9,Alumni Support
EMP1032,2025-08-22,36.7,Career Readiness
EMP1032,2025-08-15,37.0,College Persistence
EMP1032,2025-08-08,36.7,Career Readiness
EMP1032,2025-08-01,41.3,College Access
EMP1032,2025-07-25,40.3,College Access
EMP1032,2025-07-18,41.5,College Persistence
EMP1032,2025-07-11,38.0,Alumni Support
EMP1032,2025-07-04,39.6,Alumni Support
EMP1032,2025-06-27,41.8,College Persistence
EMP1032,2025-06-20,38.3,Alumni Support
EMP1032,2025-06-13,39.3,Career Readiness
EMP1032,2025-06-06,38.0,Career Readiness
EMP1032,2025-05-30,37.1,Alumni Support
EMP1032,2025-05-23,40.4,College Access
EMP1032,2025-05-16,36.0,Career Readiness
EMP1032,2025-05-09,37.7,College Access
EMP1032,2025-05-02,41.6,Alumni Support
EMP1032,2025-04-25,39.5,Career Readiness
EMP1032,2025-04-18,39.1,Career Readiness
EMP1032,2025-04-11,38.6,Career Readiness
EMP1032,2025-04-04,39.0,College Persistence
EMP1032,2025-03-28,41.9,College Access
EMP1032,2025-03-21,38.2,Career Readiness
EMP1032,2025-03-14,38.6,Career Readiness
EMP1032,2025-03-07,41.6,Alumni Support
EMP1032,2025-02-28,37.2,Career Readiness
EMP1032,2025-02-21,40.7,Career Readiness
EMP1032,2025-02-14,41.3,College Persistence
EMP1032,2025-02-07,38.7,College Access
EMP1032,2025-01-31,38.7,Alumni Support
EMP1032,2025-01-24,38.4,Career Readiness
EMP1032,2025-01-17,38.4,College Access
EMP1032,2025-01-10,37.6,College Access
EMP1032,2025-01-03,38.9,College Access
EMP1032,2024-12-27,36.5,Career Readiness
EMP1032,2024-12-20,36.7,College Persistence
EMP1032,2024-12-13,36.0,Alumni Support
EMP1032,2024-12-06,39.1,Alumni Support
EMP1032,2024-11-29,41.2,Career Readiness
EMP1032,2024-11-22,36.2,Alumni Support
EMP1032,2024-11-15,40.7,College Access
EMP1032,2024-11-08,41.3,College Access
EMP1032,2024-11-01,41.8,Alumni Support
EMP1032,2024-10-25,38.5,College Access
EMP1032,2024-10-18,40.0,College Access
EMP1032,2024-10-11,38.9,College Persistence
EMP1032,2024-10-04,36.0,Alumni Support
EMP1032,2024-09-27,37.0,College Access
EMP1032,2024-09-20,36.7,College Persistence
EMP1032,2024-09-13,36.8,College Persistence
EMP1032,2024-09-06,39.3,College Persistence
EMP1032,2024-08-30,37.0,College Persistence
EMP1032,2024-08-23,37.7,Career Readiness
EMP1033,2025-02-21,38.8,
EMP1033,2025-02-14,41.2,
EMP1033,2025-02-07,39.2,
EMP1033,2025-01-31,38.1,
EMP1033,2025-01-24,39.6,
EMP1033,2025-01-17,39.6,
EMP1033,2025-01-10,36.2,
EMP1033,2025-01-03,37.6,
EMP1033,2024-12-27,36.2,
EMP1033,2024-12-20,40.5,
EMP1033,2024-12-13,37.6,
EMP1033,2024-12-06,39.6,
EMP1033,2024-11-29,36.7,
EMP1033,2024-11-22,38.2,
EMP1033,2024-11-15,40.7,
EMP1033,2024-11-08,40.2,
EMP1033,2024-11-01,41.6,
EMP1033,2024-10-25,38.1,
EMP1033,2024-10-18,36.2,
EMP1033,2024-10-11,41.1,
EMP1033,2024-10-04,40.6,
EMP1033,2024-09-27,37.2,
EMP1033,2024-09-20,41.8,
EMP1033,2024-09-13,41.7,
EMP1033,2024-09-06,41.6,
EMP1033,2024-08-30,37.0,
EMP1033,2024-08-23,39.9,
EMP1034,2026-08-14,39.6,
EMP1034,2026-08-07,41.5,
EMP1034,2026-07-31,36.0,
EMP1034,2026-07-24,41.6,
EMP1034,2026-07-17,37.7,
EMP1034,2026-07-10,39.8,
EMP1034,2026-07-03,41.6,
EMP1034,2026-06-26,38.2,
EMP1034,2026-06-19,38.9,
EMP1034,2026-06-12,41.9,
EMP1034,2026-06-05,39.6,
EMP1034,2026-05-29,38.8,
EMP1034,2026-05-22,37.4,
EMP1034,2026-05-15,36.8,
EMP1034,2026-05-08,39.2,
EMP1034,2026-05-01,41.1,
EMP1034,2026-04-24,36.1,
EMP1034,2026-04-17,37.8,
EMP1034,2026-04-10,39.7,
EMP1034,2026-04-03,41.5,
EMP1034,2026-03-27,40.3,
EMP1034,2026-03-20,38.0,
EMP1034,2026-03-13,37.8,
EMP1034,2026-03-06,39.7,
EMP1034,2026-02-27,41.2,
EMP1034,2026-02-20,36.8,
EMP1034,2026-02-13,40.6,
EMP1034,2026-02-06,40.6,
EMP1034,2026-01-30,36.6,
EMP1034,2026-01-23,39.9,
EMP1034,2026-01-16,37.7,
EMP1034,2026-01-09,39.3,
EMP1034,2026-01-02,40.8,
EMP1034,2025-12-26,37.7,
EMP1034,2025-12-19,41.3,
EMP1034,2025-12-12,36.8,
EMP1034,2025-12-05,36.2,
EMP1034,2025-11-28,36.5,
EMP1034,2025-11-21,39.1,
EMP1034,2025-11-14,39.3,
EMP1034,2025-11-07,39.7,
EMP1034,2025-10-31,36.1,
EMP1034,2025-10-24,37.3,
EMP1034,2025-10-17,38.1,
EMP1034,2025-10-10,41.9,
EMP1034,2025-10-03,39.4,
EMP1034,2025-09-26,40.3,
EMP1034,2025-09-19,36.1,
EMP1034,2025-09-12,42.0,
EMP1034,2025-09-05,38.8,
EMP1034,2025-08-29,39.5,
EMP1034,2025-08-22,36.7,
EMP1034,2025-08-15,36.9,
EMP1034,2025-08-08,37.3,
EMP1034,2025-08-01,40.0,
EMP1034,2025-07-25,40.4,
EMP1034,2025-07-18,40.3,
EMP1034,2025-07-11,37.5,
EMP1034,2025-07-04,41.5,
EMP1034,2025-06-27,37.4,
EMP1034,2025-06-20,40.3,
EMP1034,2025-06-13,39.6,
EMP1034,2025-06-06,36.1,
EMP1034,2025-05-30,40.9,
EMP1034,2025-05-23,39.3,
EMP1034,2025-05-16,41.7,
EMP1034,2025-05-09,41.5,
EMP1034,2025-05-02,40.7,
EMP1034,2025-04-25,39.6,
EMP1034,2025-04-18,37.8,
EMP1034,2025-04-11,40.6,
EMP1034,2025-04-04,39.3,
EMP1034,2025-03-28,37.7,
EMP1034,2025-03-21,39.5,
EMP1034,2025-03-14,40.4,
EMP1034,2025-03-07,41.0,
EMP1034,2025-02-28,39.6,
EMP1034,2025-02-21,38.6,
EMP1034,2025-02-14,39.8,
EMP1034,2025-02-07,40.1,
EMP1034,2025-01-31,38.2,
EMP1034,2025-01-24,36.9,
EMP1034,2025-01-17,39.6,
EMP1034,2025-01-10,39.3,
EMP1034,2025-01-03,36.1,
EMP1034,2024-12-27,36.4,
EMP1034,2024-12-20,36.3,
EMP1034,2024-12-13,38.0,
EMP1034,2024-12-06,38.8,
EMP1034,2024-11-29,37.4,
EMP1034,2024-11-22,40.5,
EMP1034,2024-11-15,38.2,
EMP1034,2024-11-08,41.4,
EMP1034,2024-11-01,36.5,
EMP1034,2024-10-25,37.9,
EMP1034,2024-10-18,38.7,
EMP1034,2024-10-11,36.6,
EMP1034,2024-10-04,37.3,
EMP1034,2024-09-27,40.0,
EMP1034,2024-09-20,36.4,
EMP1034,2024-09-13,39.5,
EMP1034,2024-09-06,39.3,
EMP1034,2024-08-30,36.8,
EMP1034,2024-08-23,37.3,
EMP1035,2026-08-14,36.1,
EMP1035,2026-08-07,37.7,
EMP1035,2026-07-31,38.9,
EMP1035,2026-07-24,38.4,
EMP1035,2026-07-17,39.7,
EMP1035,2026-07-10,39.8,
EMP1035,2026-07-03,41.1,
EMP1035,2026-06-26,37.8,
EMP1035,2026-06-19,37.8,
EMP1035,2026-06-12,40.6,
EMP1035,2026-06-05,39.0,
EMP1035,2026-05-29,41.5,
EMP1035,2026-05-22,37.9,
EMP1035,2026-05-15,41.3,
EMP1035,2026-05-08,36.1,
EMP1035,2026-05-01,37.7,
EMP1035,2026-04-24,37.1,
EMP1035,2026-04-17,40.5,
EMP1035,2026-04-10,41.4,
EMP1035,2026-04-03,37.0,
EMP1035,2026-03-27,37.8,
EMP1035,2026-03-20,36.0,
EMP1035,2026-03-13,36.2,
EMP1035,2026-03-06,36.5,
EMP1035,2026-02-27,40.3,
EMP1035,2026-02-20,37.8,
EMP1035,2026-02-13,40.3,
EMP1035,2026-02-06,38.1,
EMP1035,2026-01-30,41.7,
EMP1035,2026-01-23,38.4,
EMP1035,2026-01-16,36.6,
EMP1035,2026-01-09,39.2,
EMP1035,2026-01-02,37.9,
EMP1035,2025-12-26,37.7,
EMP1035,2025-12-19,41.7,
EMP1035,2025-12-12,41.6,
EMP1035,2025-12-05,38.3,
EMP1035,2025-11-28,41.0,
EMP1035,2025-11-21,39.4,
EMP1035,2025-11-14,38.3,
EMP1035,2025-11-07,37.0,
EMP1035,2025-10-31,37.0,
EMP1035,2025-10-24,38.7,
EMP1035,2025-10-17,37.4,
EMP1035,2025-10-10,40.6,
EMP1035,2025-10-03,37.3,
EMP1035,2025-09-26,36.9,
EMP1035,2025-09-19,40.8,
EMP1035,2025-09-12,40.1,
EMP1035,2025-09-05,37.7,
EMP1035,2025-08-29,37.1,
EMP1035,2025-08-22,37.3,
EMP1035,2025-08-15,36.5,
EMP1035,2025-08-08,39.8,
EMP1035,2025-08-01,41.5,
EMP1035,2025-07-25,36.8,
EMP1035,2025-07-18,38.3,
EMP1035,2025-07-11,36.3,
EMP1035,2025-07-04,36.1,
EMP1035,2025-06-27,41.0,
EMP1035,2025-06-20,39.6,
EMP1035,2025-06-13,38.4,
EMP1035,2025-06-06,41.4,
EMP1035,2025-05-30,40.1,
EMP1035,2025-05-23,39.6,
EMP1035,2025-05-16,38.7,
EMP1035,2025-05-09,36.6,
EMP1035,2025-05-02,37.8,
EMP1035,2025-04-25,36.9,
EMP1035,2025-04-18,36.8,
EMP1035,2025-04-11,36.8,
EMP1035,2025-04-04,37.8,
EMP1035,2025-03-28,38.4,
EMP1035,2025-03-21,39.2,
EMP1035,2025-03-14,40.6,
EMP1035,2025-03-07,41.4,
EMP1035,2025-02-28,38.2,
EMP1035,2025-02-21,37.4,
EMP1035,2025-02-14,37.1,
EMP1035,2025-02-07,38.4,
EMP1036,2026-08-14,19.6,
EMP1036,2026-08-07,18.8,
EMP1036,2026-07-31,21.9,
EMP1036,2026-07-24,16.0,
EMP1036,2026-07-17,17.3,
EMP1036,2026-07-10,16.8,
EMP1036,2026-07-03,18.1,
EMP1036,2026-06-26,16.2,
EMP1036,2026-06-19,17.3,
EMP1036,2026-06-12,21.0,
EMP1036,2026-06-05,19.5,
EMP1036,2026-05-29,19.0,
EMP1036,2026-05-22,17.8,
EMP1036,2026-05-15,20.7,
EMP1036,2026-05-08,20.9,
EMP1036,2026-05-01,16.0,
EMP1036,2026-04-24,16.9,
EMP1036,2026-04-17,18.5,
EMP1036,2026-04-10,20.0,
EMP1036,2026-04-03,16.3,
EMP1036,2026-03-27,19.5,
EMP1036,2026-03-20,19.9,
EMP1036,2026-03-13,17.3,
EMP1036,2026-03-06,19.7,
EMP1036,2026-02-27,18.9,
EMP1036,2026-02-20,18.9,
EMP1036,2026-02-13,19.6,
EMP1036,2026-02-06,16.0,
EMP1036,2026-01-30,19.9,
EMP1036,2026-01-23,17.1,
EMP1036,2026-01-16,19.5,
EMP1036,2026-01-09,18.0,
EMP1036,2026-01-02,16.6,
EMP1036,2025-12-26,16.9,
EMP1036,2025-12-19,21.1,
EMP1036,2025-12-12,18.3,
EMP1036,2025-12-05,20.3,
EMP1036,2025-11-28,17.7,
EMP1036,2025-11-21,19.0,
EMP1036,2025-11-14,19.1,
EMP1036,2025-11-07,18.2,
EMP1036,2025-10-31,21.8,
EMP1036,2025-10-24,17.9,
EMP1036,2025-10-17,20.4,
EMP1036,2025-10-10,19.5,
EMP1036,2025-10-03,19.7,
EMP1036,2025-09-26,21.4,
EMP1036,2025-09-19,17.4,
EMP1036,2025-09-12,17.7,
EMP1036,2025-09-05,20.7,
EMP1036,2025-08-29,20.4,
EMP1036,2025-08-22,21.9,
EMP1036,2025-08-15,16.8,
EMP1036,2025-08-08,17.4,
EMP1036,2025-08-01,21.8,
EMP1036,2025-07-25,19.9,
EMP1036,2025-07-18,18.8,
EMP1036,2025-07-11,21.5,
EMP1036,2025-07-04,19.2,
EMP1036,2025-06-27,16.5,
EMP1036,2025-06-20,18.0,
EMP1036,2025-06-13,17.7,
EMP1036,2025-06-06,20.4,
EMP1036,2025-05-30,21.0,
EMP1036,2025-05-23,18.7,
EMP1036,2025-05-16,20.7,
EMP1036,2025-05-09,16.7,
EMP1036,2025-05-02,17.8,
EMP1036,2025-04-25,20.5,
EMP1036,2025-04-18,17.2,
EMP1036,2025-04-11,19.7,
EMP1036,2025-04-04,21.5,
EMP1036,2025-03-28,21.5,
EMP1036,2025-03-21,20.0,
EMP1036,2025-03-14,21.8,
EMP1036,2025-03-07,18.6,
EMP1036,2025-02-28,18.5,
EMP1036,2025-02-21,18.6,
EMP1036,2025-02-14,16.4,
EMP1036,2025-02-07,17.1,
EMP1036,2025-01-31,18.8,
EMP1036,2025-01-24,21.4,
EMP1036,2025-01-17,18.5,
EMP1036,2025-01-10,16.8,
EMP1036,2025-01-03,20.7,
EMP1036,2024-12-27,17.0,
EMP1036,2024-12-20,16.5,
EMP1036,2024-12-13,20.2,
EMP1036,2024-12-06,17.9,
EMP1036,2024-11-29,19.3,
EMP1036,2024-11-22,18.4,
EMP1036,2024-11-15,16.4,
EMP1036,2024-11-08,20.3,
EMP1036,2024-11-01,16.4,
EMP1036,2024-10-25,16.8,
EMP1036,2024-10-18,16.4,
EMP1036,2024-10-11,16.7,
EMP1036,2024-10-04,18.9,
EMP1036,2024-09-27,19.3,
EMP1036,2024-09-20,21.6,
EMP1036,2024-09-13,16.1,
EMP1036,2024-09-06,19.8,
EMP1036,2024-08-30,18.9,
EMP1036,2024-08-23,18.6,
EMP1037,2026-08-14,38.0,
EMP1037,2026-08-07,36.8,
EMP1037,2026-07-31,37.2,
EMP1037,2026-07-24,38.9,
EMP1037,2026-07-17,39.2,
EMP1037,2026-07-10,39.5,
EMP1037,2026-07-03,36.4,
EMP1037,2026-06-26,36.8,
EMP1037,2026-06-19,40.9,
EMP1037,2026-06-12,39.1,
EMP1037,2026-06-05,37.7,
EMP1037,2026-05-29,39.1,
EMP1037,2026-05-22,38.5,
EMP1037,2026-05-15,41.5,
EMP1037,2026-05-08,36.5,
EMP1037,2026-05-01,37.7,
EMP1037,2026-04-24,36.9,
EMP1037,2026-04-17,37.9,
EMP1037,2026-04-10,36.1,
EMP1037,2026-04-03,36.2,
EMP1037,2026-03-27,40.5,
EMP1037,2026-03-20,38.7,
EMP1037,2026-03-13,38.0,
EMP1037,2026-03-06,41.4,
EMP1037,2026-02-27,39.4,
EMP1037,2026-02-20,39.2,
EMP1037,2026-02-13,41.4,
EMP1037,2026-02-06,36.9,
EMP1037,2026-01-30,37.5,
EMP1037,2026-01-23,40.2,
EMP1037,2026-01-16,37.2,
EMP1037,2026-01-09,37.6,
EMP1037,2026-01-02,38.1,
EMP1037,2025-12-26,40.0,
EMP1037,2025-12-19,39.0,
EMP1037,2025-12-12,38.3,
EMP1037,2025-12-05,39.7,
EMP1037,2025-11-28,36.8,
EMP1037,2025-11-21,38.9,
EMP1037,2025-11-14,41.8,
EMP1037,2025-11-07,40.3,
EMP1037,2025-10-31,36.6,
EMP1037,2025-10-24,40.0,
EMP1037,2025-10-17,37.2,
EMP1037,2025-10-10,40.1,
EMP1037,2025-10-03,38.5,
EMP1037,2025-09-26,39.4,
EMP1037,2025-09-19,41.3,
EMP1037,2025-09-12,38.0,
EMP1037,2025-09-05,37.3,
EMP1037,2025-08-29,39.1,
EMP1037,2025-08-22,36.2,
EMP1037,2025-08-15,36.6,
EMP1037,2025-08-08,37.6,
EMP1037,2025-08-01,41.2,
EMP1037,2025-07-25,40.9,
EMP1037,2025-07-18,40.8,
EMP1037,2025-07-11,37.0,
EMP1037,2025-07-04,38.6,
EMP1037,2025-06-27,37.8,
EMP1037,2025-06-20,38.6,
EMP1037,2025-06-13,41.2,
EMP1037,2025-06-06,41.3,
EMP1037,2025-05-30,41.2,
EMP1037,2025-05-23,38.2,
EMP1037,2025-05-16,40.8,
EMP1037,2025-05-09,38.9,
EMP1037,2025-05-02,42.0,
EMP1037,2025-04-25,37.9,
EMP1037,2025-04-18,38.1,
EMP1037,2025-04-11,41.8,
EMP1037,2025-04-04,41.5,
EMP1037,2025-03-28,38.9,
EMP1037,2025-03-21,41.0,
EMP1037,2025-03-14,40.0,
EMP1037,2025-03-07,37.9,
EMP1037,2025-02-28,40.5,
EMP1037,2025-02-21,39.7,
EMP1037,2025-02-14,41.9,
EMP1037,2025-02-07,37.6,
EMP1037,2025-01-31,38.6,
EMP1037,2025-01-24,37.8,
EMP1037,2025-01-17,38.6,
EMP1037,2025-01-10,37.0,
EMP1037,2025-01-03,40.9,
EMP1037,2024-12-27,39.5,
EMP1037,2024-12-20,40.2,
EMP1037,2024-12-13,41.0,
EMP1037,2024-12-06,36.1,
EMP1037,2024-11-29,38.4,
EMP1037,2024-11-22,36.8,
EMP1037,2024-11-15,36.0,
EMP1037,2024-11-08,38.5,
EMP1037,2024-11-01,36.8,
EMP1037,2024-10-25,39.4,
EMP1037,2024-10-18,38.0,
EMP1037,2024-10-11,39.2,
EMP1037,2024-10-04,38.0,
EMP1037,2024-09-27,36.7,
EMP1037,2024-09-20,40.9,
EMP1037,2024-09-13,36.3,
EMP1037,2024-09-06,38.5,
EMP1037,2024-08-30,36.8,
EMP1037,2024-08-23,38.7,
EMP1038,2026-08-14,18.5,
EMP1038,2026-08-07,19.0,
EMP1038,2026-07-31,19.6,
EMP1038,2026-07-24,17.4,
EMP1038,2026-07-17,17.9,
EMP1038,2026-07-10,16.1,
EMP1038,2026-07-03,18.6,
EMP1038,2026-06-26,20.7,
EMP1038,2026-06-19,17.5,
EMP1038,2026-06-12,21.3,
EMP1038,2026-06-05,21.2,
EMP1038,2026-05-29,16.4,
EMP1038,2026-05-22,19.5,
EMP1038,2026-05-15,17.8,
EMP1038,2026-05-08,21.2,
EMP1038,2026-05-01,19.9,
EMP1038,2026-04-24,21.4,
EMP1038,2026-04-17,17.1,
EMP1038,2026-04-10,20.7,
EMP1038,2026-04-03,17.8,
EMP1038,2026-03-27,19.0,
EMP1038,2026-03-20,19.3,
EMP1038,2026-03-13,21.1,
EMP1038,2026-03-06,21.6,
EMP1038,2026-02-27,20.2,
EMP1038,2026-02-20,20.4,
EMP1038,2026-02-13,16.0,
EMP1038,2026-02-06,21.5,
EMP1038,2026-01-30,21.8,
EMP1038,2026-01-23,20.3,
EMP1038,2026-01-16,18.8,
EMP1038,2026-01-09,21.3,
EMP1038,2026-01-02,18.2,
EMP1038,2025-12-26,21.2,
EMP1038,2025-12-19,17.7,
EMP1038,2025-12-12,19.9,
EMP1038,2025-12-05,18.8,
EMP1038,2025-11-28,17.2,
EMP1038,2025-11-21,19.9,
EMP1038,2025-11-14,19.2,
EMP1038,2025-11-07,16.6,
EMP1038,2025-10-31,18.7,
EMP1038,2025-10-24,20.1,
EMP1038,2025-10-17,21.7,
EMP1038,2025-10-10,21.9,
EMP1038,2025-10-03,16.9,
EMP1038,2025-09-26,17.5,
EMP1038,2025-09-19,18.7,
EMP1038,2025-09-12,20.4,
EMP1038,2025-09-05,16.9,
EMP1038,2025-08-29,16.3,
EMP1038,2025-08-22,19.4,
EMP1038,2025-08-15,20.2,
EMP1038,2025-08-08,17.9,
EMP1038,2025-08-01,20.3,
EMP1038,2025-07-25,18.4,
EMP1038,2025-07-18,18.4,
EMP1038,2025-07-11,20.4,
EMP1038,2025-07-04,16.1,
EMP1038,2025-06-27,17.2,
EMP1038,2025-06-20,19.8,
EMP1038,2025-06-13,20.0,
EMP1038,2025-06-06,21.1,
EMP1038,2025-05-30,20.7,
EMP1038,2025-05-23,20.8,
EMP1038,2025-05-16,18.6,
EMP1038,2025-05-09,16.0,
EMP1038,2025-05-02,16.4,
EMP1038,2025-04-25,16.8,
EMP1038,2025-04-18,20.8,
EMP1038,2025-04-11,16.9,
EMP1038,2025-04-04,20.9,
EMP1038,2025-03-28,21.0,
EMP1038,2025-03-21,21.3,
EMP1038,2025-03-14,20.3,
EMP1038,2025-03-07,19.1,
EMP1038,2025-02-28,19.0,
EMP1038,2025-02-21,17.6,
EMP1038,2025-02-14,18.3,
EMP1038,2025-02-07,17.5,
EMP1038,2025-01-31,21.8,
EMP1038,2025-01-24,19.3,
EMP1038,2025-01-17,17.2,
EMP1038,2025-01-10,20.5,
EMP1038,2025-01-03,18.5,
EMP1038,2024-12-27,18.7,
EMP1038,2024-12-20,19.5,
EMP1038,2024-12-13,16.1,
EMP1038,2024-12-06,20.7,
EMP1038,2024-11-29,17.0,
EMP1038,2024-11-22,21.9,
EMP1038,2024-11-15,19.2,
EMP1038,2024-11-08,18.4,
EMP1038,2024-11-01,20.3,
EMP1038,2024-10-25,19.8,
EMP1038,2024-10-18,20.2,
EMP1038,2024-10-11,18.3,
EMP1038,2024-10-04,21.1,
EMP1038,2024-09-27,19.8,
EMP1038,2024-09-20,17.5,
EMP1038,2024-09-13,21.5,
EMP1038,2024-09-06,21.3,
EMP1038,2024-08-30,21.3,
EMP1038,2024-08-23,19.6,
EMP1039,2026-08-14,36.1,
EMP1039,2026-08-07,41.9,
EMP1039,2026-07-31,41.5,
EMP1039,2026-07-24,37.7,
EMP1039,2026-07-17,40.3,
EMP1039,2026-07-10,36.3,
EMP1039,2026-07-03,41.2,
EMP1039,2026-06-26,36.9,
EMP1039,2026-06-19,39.7,
EMP1039,2026-06-12,40.6,
EMP1039,2026-06-05,36.6,
EMP1039,2026-05-29,39.4,
EMP1039,2026-05-22,37.3,
EMP1039,2026-05-15,36.3,
EMP1039,2026-05-08,39.9,
EMP1039,2026-05-01,41.3,
EMP1039,2026-04-24,36.0,
EMP1039,2026-04-17,36.6,
EMP1039,2026-04-10,38.0,
EMP1039,2026-04-03,38.3,
EMP1039,2026-03-27,38.9,
EMP1039,2026-03-20,40.7,
EMP1039,2026-03-13,39.2,
EMP1039,2026-03-06,40.1,
EMP1039,2026-02-27,40.3,
EMP1039,2026-02-20,36.4,
EMP1039,2026-02-13,41.3,
EMP1039,2026-02-06,37.3,
EMP1039,2026-01-30,39.1,
EMP1039,2026-01-23,39.1,
EMP1039,2026-01-16,39.8,
EMP1039,2026-01-09,40.4,
EMP1039,2026-01-02,36.2,
EMP1039,2025-12-26,37.5,
EMP1039,2025-12-19,36.4,
EMP1039,2025-12-12,37.7,
EMP1039,2025-12-05,37.6,
EMP1039,2025-11-28,36.4,
EMP1039,2025-11-21,38.4,
EMP1039,2025-11-14,41.4,
EMP1039,2025-11-07,38.0,
EMP1039,2025-10-31,40.1,
EMP1039,2025-10-24,41.0,
EMP1039,2025-10-17,37.1,
EMP1039,2025-10-10,39.8,
EMP1039,2025-10-03,36.6,
EMP1039,2025-09-26,39.1,
EMP1039,2025-09-19,37.3,
EMP1039,2025-09-12,37.9,
EMP1039,2025-09-05,37.9,
EMP1039,2025-08-29,39.0,
EMP1039,2025-08-22,37.2,
EMP1039,2025-08-15,39.7,
EMP1039,2025-08-08,36.1,
EMP1039,2025-08-01,41.5,
EMP1039,2025-07-25,39.1,
EMP1039,2025-07-18,37.9,
EMP1039,2025-07-11,37.7,
EMP1039,2025-07-04,36.7,
EMP1039,2025-06-27,41.0,
EMP1039,2025-06-20,38.7,
EMP1039,2025-06-13,37.6,
EMP1039,2025-06-06,36.5,
EMP1039,2025-05-30,41.6,
EMP1039,2025-05-23,36.2,
EMP1039,2025-05-16,41.3,
EMP1039,2025-05-09,40.7,
EMP1039,2025-05-02,39.9,
EMP1039,2025-04-25,38.4,
EMP1039,2025-04-18,39.6,
EMP1039,2025-04-11,40.2,
EMP1039,2025-04-04,39.9,
EMP1039,2025-03-28,37.2,
EMP1039,2025-03-21,40.2,
EMP1039,2025-03-14,38.6,
EMP1039,2025-03-07,36.6,
EMP1039,2025-02-28,39.1,
EMP1039,2025-02-21,38.3,
EMP1039,2025-02-14,41.9,
EMP1039,2025-02-07,39.1,
EMP1039,2025-01-31,38.5,
EMP1039,2025-01-24,36.5,
EMP1039,2025-01-17,39.4,
EMP1039,2025-01-10,41.0,
EMP1039,2025-01-03,38.3,
EMP1039,2024-12-27,38.1,
EMP1039,2024-12-20,40.4,
EMP1039,2024-12-13,39.1,
EMP1039,2024-12-06,40.0,
EMP1039,2024-11-29,37.0,
EMP1039,2024-11-22,36.4,
EMP1039,2024-11-15,41.2,
EMP1039,2024-11-08,40.3,
EMP1039,2024-11-01,41.2,
EMP1039,2024-10-25,38.0,
EMP1039,2024-10-18,41.9,
EMP1040,2026-08-14,17.2,
EMP1040,2026-08-07,17.1,
EMP1040,2026-07-31,18.1,
EMP1040,2026-07-24,19.2,
EMP1040,2026-07-17,19.5,
EMP1040,2026-07-10,18.5,
EMP1040,2026-07-03,18.6,
EMP1040,2026-06-26,16.9,
EMP1040,2026-06-19,18.2,
EMP1040,2026-06-12,18.2,
EMP1040,2026-06-05,17.4,
EMP1040,2026-05-29,17.5,
EMP1040,2026-05-22,19.9,
EMP1040,2026-05-15,20.6,
EMP1040,2026-05-08,19.1,
EMP1040,2026-05-01,17.7,
EMP1040,2026-04-24,18.3,
EMP1040,2026-04-17,20.0,
EMP1040,2026-04-10,16.6,
EMP1040,2026-04-03,21.4,
EMP1040,2026-03-27,20.2,
EMP1040,2026-03-20,18.0,
EMP1040,2026-03-13,16.3,
EMP1040,2026-03-06,20.1,
EMP1040,2026-02-27,19.2,
EMP1040,2026-02-20,17.6,
EMP1040,2026-02-13,18.6,
EMP1040,2026-02-06,19.3,
EMP1040,2026-01-30,19.6,
EMP1040,2026-01-23,17.2,
EMP1040,2026-01-16,20.9,
EMP1040,2026-01-09,20.7,
EMP1040,2026-01-02,16.0,
EMP1040,2025-12-26,20.7,
EMP1040,2025-12-19,18.0,
EMP1040,2025-12-12,16.9,
EMP1040,2025-12-05,21.0,
EMP1040,2025-11-28,17.1,
EMP1040,2025-11-21,20.5,
EMP1040,2025-11-14,18.6,
EMP1040,2025-11-07,19.4,
EMP1040,2025-10-31,19.9,
EMP1040,2025-10-24,17.5,
EMP1040,2025-10-17,16.4,
EMP1040,2025-10-10,18.2,
EMP1040,2025-10-03,20.4,
EMP1040,2025-09-26,16.4,
EMP1040,2025-09-19,17.9,
EMP1040,2025-09-12,21.2,
EMP1040,2025-09-05,18.2,
EMP1040,2025-08-29,17.8,
EMP1040,2025-08-22,16.6,
EMP1040,2025-08-15,17.4,
EMP1040,2025-08-08,20.8,
EMP1040,2025-08-01,18.8,
EMP1040,2025-07-25,17.1,
EMP1040,2025-07-18,21.5,
EMP1040,2025-07-11,19.2,
EMP1040,2025-07-04,19.4,
EMP1040,2025-06-27,18.8,
EMP1040,2025-06-20,21.3,
EMP1040,2025-06-13,21.1,
EMP1040,2025-06-06,19.8,
EMP1040,2025-05-30,20.6,
EMP1040,2025-05-23,17.3,
EMP1040,2025-05-16,21.2,
EMP1040,2025-05-09,21.1,
EMP1040,2025-05-02,21.7,
EMP1040,2025-04-25,20.8,
EMP1040,2025-04-18,18.8,
EMP1040,2025-04-11,21.5,
EMP1040,2025-04-04,21.7,
EMP1040,2025-03-28,16.7,
EMP1040,2025-03-21,21.3,
EMP1040,2025-03-14,19.0,
EMP1040,2025-03-07,16.8,
EMP1040,2025-02-28,16.8,
EMP1040,2025-02-21,20.4,
EMP1040,2025-02-14,19.9,
EMP1040,2025-02-07,21.5,
EMP1040,2025-01-31,17.2,
EMP1040,2025-01-24,20.7,
EMP1040,2025-01-17,16.4,
EMP1040,2025-01-10,18.7,
EMP1040,2025-01-03,16.5,
EMP1040,2024-12-27,16.4,
EMP1040,2024-12-20,21.0,
EMP1040,2024-12-13,20.3,
EMP1040,2024-12-06,17.7,
EMP1040,2024-11-29,17.2,
EMP1040,2024-11-22,20.1,
EMP1040,2024-11-15,18.9,
EMP1040,2024-11-08,21.3,
EMP1040,2024-11-01,21.8,
EMP1040,2024-10-25,18.1,
EMP1040,2024-10-18,20.0,
EMP1040,2024-10-11,21.1,
EMP1040,2024-10-04,20.2,
EMP1040,2024-09-27,18.7,
EMP1040,2024-09-20,18.8,
EMP1040,2024-09-13,20.5,
EMP1040,2024-09-06,21.0,
EMP1040,2024-08-30,20.7,
EMP1040,2024-08-23,21.4,
EMP1041,2026-08-14,41.6,
EMP1041,2026-08-07,40.1,
EMP1041,2026-07-31,39.5,
EMP1041,2026-07-24,38.8,
EMP1041,2026-07-17,38.3,
EMP1041,2026-07-10,40.3,
EMP1041,2026-07-03,38.6,
EMP1041,2026-06-26,40.6,
EMP1041,2026-06-19,38.4,
EMP1041,2026-06-12,38.7,
EMP1041,2026-06-05,37.8,
EMP1041,2026-05-29,39.6,
EMP1041,2026-05-22,40.3,
EMP1041,2026-05-15,38.3,
EMP1041,2026-05-08,41.1,
EMP1041,2026-05-01,37.2,
EMP1041,2026-04-24,40.7,
EMP1041,2026-04-17,36.1,
EMP1041,2026-04-10,39.7,
EMP1041,2026-04-03,38.2,
EMP1041,2026-03-27,37.0,
EMP1041,2026-03-20,40.9,
EMP1041,2026-03-13,37.7,
EMP1041,2026-03-06,36.8,
EMP1041,2026-02-27,40.0,
EMP1041,2026-02-20,40.1,
EMP1041,2026-02-13,38.2,
EMP1041,2026-02-06,40.7,
EMP1041,2026-01-30,39.7,
EMP1041,2026-01-23,41.7,
EMP1041,2026-01-16,37.1,
EMP1041,2026-01-09,41.0,
EMP1041,2026-01-02,39.5,
EMP1041,2025-12-26,40.6,
EMP1041,2025-12-19,37.5,
EMP1041,2025-12-12,39.7,
EMP1041,2025-12-05,36.1,
EMP1041,2025-11-28,36.1,
EMP1041,2025-11-21,40.2,
EMP1041,2025-11-14,38.9,
EMP1041,2025-11-07,37.5,
EMP1041,2025-10-31,36.3,
EMP1041,2025-10-24,36.7,
EMP1041,2025-10-17,39.0,
EMP1041,2025-10-10,39.8,
EMP1041,2025-10-03,36.7,
EMP1041,2025-09-26,41.4,
EMP1041,2025-09-19,38.0,
EMP1041,2025-09-12,40.5,
EMP1041,2025-09-05,36.6,
EMP1041,2025-08-29,36.4,
EMP1041,2025-08-22,40.3,
EMP1041,2025-08-15,41.5,
EMP1041,2025-08-08,38.5,
EMP1041,2025-08-01,36.2,
EMP1041,2025-07-25,36.2,
EMP1041,2025-07-18,38.4,
EMP1041,2025-07-11,39.4,
EMP1041,2025-07-04,40.3,
EMP1041,2025-06-27,40.0,
EMP1041,2025-06-20,41.1,
EMP1041,2025-06-13,41.5,
EMP1041,2025-06-06,39.6,
EMP1041,2025-05-30,41.2,
EMP1041,2025-05-23,41.5,
EMP1041,2025-05-16,37.2,
EMP1041,2025-05-09,37.9,
EMP1041,2025-05-02,39.0,
EMP1041,2025-04-25,40.3,
EMP1041,2025-04-18,38.1,
EMP1041,2025-04-11,41.4,
EMP1041,2025-04-04,39.6,
EMP1041,2025-03-28,36.6,
EMP1041,2025-03-21,39.4,
EMP1041,2025-03-14,38.8,
EMP1041,2025-03-07,36.5,
EMP1041,2025-02-28,37.5,
EMP1041,2025-02-21,37.5,
EMP1041,2025-02-14,41.4,
EMP1041,2025-02-07,39.0,
EMP1041,2025-01-31,38.5,
EMP1041,2025-01-24,39.8,
EMP1041,2025-01-17,41.1,
EMP1041,2025-01-10,40.1,
EMP1041,2025-01-03,37.4,
EMP1041,2024-12-27,36.9,
EMP1041,2024-12-20,41.3,
EMP1041,2024-12-13,36.5,
EMP1041,2024-12-06,42.0,
EMP1041,2024-11-29,39.0,
EMP1041,2024-11-22,36.8,
EMP1041,2024-11-15,39.9,
EMP1041,2024-11-08,38.5,
EMP1041,2024-11-01,36.9,
EMP1041,2024-10-25,39.1,
EMP1041,2024-10-18,37.9,
EMP1041,2024-10-11,39.2,
EMP1041,2024-10-04,37.6,
EMP1041,2024-09-27,41.3,
EMP1041,2024-09-20,41.4,
EMP1041,2024-09-13,41.9,
EMP1041,2024-09-06,39.0,
EMP1041,2024-08-30,36.8,
EMP1041,2024-08-23,36.0,
EMP1042,2026-08-14,40.9,
EMP1042,2026-08-07,40.1,
EMP1042,2026-07-31,40.4,
EMP1042,2026-07-24,39.9,
EMP1042,2026-07-17,36.1,
EMP1042,2026-07-10,38.3,
EMP1042,2026-07-03,36.3,
EMP1042,2026-06-26,37.8,
EMP1042,2026-06-19,40.5,
EMP1042,2026-06-12,40.7,
EMP1042,2026-06-05,37.9,
EMP1042,2026-05-29,39.5,
EMP1042,2026-05-22,39.4,
EMP1042,2026-05-15,38.0,
EMP1042,2026-05-08,37.3,
EMP1042,2026-05-01,36.9,
EMP1042,2026-04-24,41.3,
EMP1042,2026-04-17,38.4,
EMP1042,2026-04-10,39.9,
EMP1042,2026-04-03,40.4,
EMP1042,2026-03-27,41.3,
EMP1042,2026-03-20,40.2,
EMP1042,2026-03-13,37.2,
EMP1042,2026-03-06,37.4,
EMP1042,2026-02-27,41.4,
EMP1042,2026-02-20,41.1,
EMP1042,2026-02-13,41.5,
EMP1042,2026-02-06,38.3,
EMP1042,2026-01-30,40.3,
EMP1042,2026-01-23,41.0,
EMP1042,2026-01-16,37.2,
EMP1042,2026-01-09,36.1,
EMP1042,2026-01-02,41.4,
EMP1042,2025-12-26,36.3,
EMP1042,2025-12-19,36.2,
EMP1042,2025-12-12,36.3,
EMP1042,2025-12-05,40.9,
EMP1042,2025-11-28,39.5,
EMP1042,2025-11-21,36.4,
EMP1042,2025-11-14,38.7,
EMP1042,2025-11-07,36.7,
EMP1042,2025-10-31,36.0,
EMP1042,2025-10-24,41.6,
EMP1042,2025-10-17,41.1,
EMP1042,2025-10-10,39.2,
EMP1042,2025-10-03,36.3,
EMP1042,2025-09-26,39.2,
EMP1042,2025-09-19,41.9,
EMP1042,2025-09-12,37.4,
EMP1042,2025-09-05,40.2,
EMP1042,2025-08-29,37.7,
EMP1042,2025-08-22,38.0,
EMP1042,2025-08-15,41.3,
EMP1042,2025-08-08,39.6,
EMP1042,2025-08-01,37.1,
EMP1042,2025-07-25,40.1,
EMP1042,2025-07-18,39.7,
EMP1042,2025-07-11,37.4,
EMP1042,2025-07-04,41.5,
EMP1042,2025-06-27,40.2,
EMP1042,2025-06-20,39.8,
EMP1042,2025-06-13,38.5,
EMP1042,2025-06-06,36.5,
EMP1042,2025-05-30,40.6,
EMP1042,2025-05-23,38.4,
EMP1042,2025-05-16,39.2,
EMP1042,2025-05-09,39.9,
EMP1042,2025-05-02,39.1,
EMP1042,2025-04-25,40.9,
EMP1042,2025-04-18,36.8,
EMP1042,2025-04-11,36.8,
EMP1042,2025-04-04,39.8,
EMP1042,2025-03-28,39.1,
EMP1042,2025-03-21,38.1,
EMP1042,2025-03-14,41.9,
EMP1042,2025-03-07,40.6,
EMP1042,2025-02-28,37.8,
EMP1042,2025-02-21,38.8,
EMP1042,2025-02-14,40.2,
EMP1042,2025-02-07,37.5,
EMP1042,2025-01-31,38.7,
EMP1042,2025-01-24,36.0,
EMP1042,2025-01-17,38.1,
EMP1042,2025-01-10,40.3,
EMP1042,2025-01-03,36.4,
EMP1042,2024-12-27,41.0,
EMP1042,2024-12-20,42.0,
EMP1042,2024-12-13,36.2,
EMP1042,2024-12-06,38.1,
EMP1042,2024-11-29,39.3,
EMP1042,2024-11-22,37.3,
EMP1042,2024-11-15,40.7,
EMP1042,2024-11-08,37.5,
EMP1042,2024-11-01,41.2,
EMP1042,2024-10-25,38.6,
EMP1042,2024-10-18,41.6,
EMP1042,2024-10-11,39.6,
EMP1042,2024-10-04,39.7,
EMP1042,2024-09-27,37.7,
EMP1042,2024-09-20,36.8,
EMP1042,2024-09-13,39.3,
EMP1042,2024-09-06,41.9,
EMP1042,2024-08-30,40.5,
EMP1042,2024-08-23,36.8,
EMP1043,2026-08-14,38.5,College Persistence
EMP1043,2026-08-07,38.8,Alumni Support
EMP1043,2026-07-31,40.4,Career Readiness
EMP1043,2026-07-24,39.9,College Access
EMP1043,2026-07-17,38.4,Alumni Support
EMP1043,2026-07-10,38.6,College Access
EMP1043,2026-07-03,39.1,Alumni Support
EMP1043,2026-06-26,38.4,College Persistence
EMP1043,2026-06-19,39.9,College Persistence
EMP1043,2026-06-12,38.5,College Persistence
EMP1043,2026-06-05,38.6,Career Readiness
EMP1043,2026-05-29,36.1,Alumni Support
EMP1043,2026-05-22,41.3,College Persistence
EMP1043,2026-05-15,38.8,Alumni Support
EMP1043,2026-05-08,37.0,College Persistence
EMP1043,2026-05-01,37.1,Alumni Support
EMP1043,2026-04-24,38.6,College Access
EMP1043,2026-04-17,39.4,College Persistence
EMP1043,2026-04-10,38.7,Alumni Support
EMP1043,2026-04-03,36.5,Alumni Support
EMP1043,2026-03-27,41.9,Career Readiness
EMP1043,2026-03-20,37.0,College Access
EMP1043,2026-03-13,38.8,College Persistence
EMP1043,2026-03-06,40.9,College Access
EMP1043,2026-02-27,36.8,Career Readiness
EMP1043,2026-02-20,39.7,Alumni Support
EMP1043,2026-02-13,38.8,Alumni Support
EMP1043,2026-02-06,37.9,Alumni Support
EMP1043,2026-01-30,38.3,College Access
EMP1043,2026-01-23,39.3,College Persistence
EMP1043,2026-01-16,41.5,Career Readiness
EMP1043,2026-01-09,41.8,College Access
EMP1043,2026-01-02,37.9,College Access
EMP1043,2025-12-26,41.5,Career Readiness
EMP1043,2025-12-19,36.7,Alumni Support
EMP1043,2025-12-12,36.7,Alumni Support
EMP1043,2025-12-05,38.0,College Persistence
EMP1043,2025-11-28,39.4,College Persistence
EMP1043,2025-11-21,39.5,Career Readiness
EMP1043,2025-11-14,41.2,Career Readiness
EMP1043,2025-11-07,40.8,Alumni Support
EMP1043,2025-10-31,36.5,College Access
EMP1043,2025-10-24,41.0,Career Readiness
EMP1043,2025-10-17,39.2,College Access
EMP1043,2025-10-10,36.3,Career Readiness
EMP1043,2025-10-03,40.6,College Access
EMP1043,2025-09-26,40.3,College Persistence
EMP1043,2025-09-19,37.6,College Persistence
EMP1043,2025-09-12,39.1,Alumni Support
EMP1043,2025-09-05,39.4,Alumni Support
EMP1043,2025-08-29,38.1,Alumni Support
EMP1043,2025-08-22,42.0,College Persistence
EMP1043,2025-08-15,39.9,College Persistence
EMP1043,2025-08-08,39.5,College Access
EMP1043,2025-08-01,36.7,College Persistence
EMP1043,2025-07-25,38.0,College Access
EMP1043,2025-07-18,36.4,Alumni Support
EMP1043,2025-07-11,41.0,College Access
EMP1043,2025-07-04,39.0,College Persistence
EMP1043,2025-06-27,39.4,College Access
EMP1043,2025-06-20,38.4,Career Readiness
EMP1043,2025-06-13,36.9,College Persistence
EMP1043,2025-06-06,37.0,College Persistence
EMP1043,2025-05-30,38.4,College Persistence
EMP1043,2025-05-23,40.9,College Access
EMP1043,2025-05-16,38.3,College Access
EMP1043,2025-05-09,36.1,Alumni Support
EMP1043,2025-05-02,39.8,College Access
EMP1043,2025-04-25,41.6,Career Readiness
EMP1043,2025-04-18,40.7,Alumni Support
EMP1043,2025-04-11,39.9,Alumni Support
EMP1043,2025-04-04,36.8,Alumni Support
EMP1043,2025-03-28,38.2,Alumni Support
EMP1043,2025-03-21,41.7,Career Readiness
EMP1043,2025-03-14,42.0,Career Readiness
EMP1043,2025-03-07,39.0,College Access
EMP1043,2025-02-28,40.8,Career Readiness
EMP1043,2025-02-21,37.8,Career Readiness
EMP1043,2025-02-14,41.4,Alumni Support
EMP1043,2025-02-07,37.5,Alumni Support
EMP1043,2025-01-31,39.3,Alumni Support
EMP1043,2025-01-24,40.7,Career Readiness
EMP1043,2025-01-17,39.9,Career Readiness
EMP1043,2025-01-10,41.6,College Persistence
EMP1043,2025-01-03,37.5,College Access
EMP1043,2024-12-27,37.7,Alumni Support
EMP1043,2024-12-20,41.4,Alumni Support
EMP1043,2024-12-13,38.1,College Persistence
EMP1043,2024-12-06,40.0,Career Readiness
EMP1043,2024-11-29,39.0,Career Readiness
EMP1043,2024-11-22,39.4,College Persistence
EMP1043,2024-11-15,40.0,Career Readiness
EMP1043,2024-11-08,39.9,Alumni Support
EMP1043,2024-11-01,39.8,Alumni Support
EMP1043,2024-10-25,41.0,College Persistence
EMP1043,2024-10-18,38.6,Alumni Support
EMP1043,2024-10-11,41.0,Career Readiness
EMP1043,2024-10-04,37.4,College Access
EMP1043,2024-09-27,41.2,Alumni Support
EMP1043,2024-09-20,38.8,Alumni Support
EMP1043,2024-09-13,36.0,Career Readiness
EMP1043,2024-09-06,37.5,Alumni Support
EMP1043,2024-08-30,40.6,College Persistence
EMP1043,2024-08-23,39.9,Career Readiness
EMP1044,2026-08-14,37.8,
EMP1044,2026-08-07,41.2,
EMP1044,2026-07-31,40.4,
EMP1044,2026-07-24,42.0,
EMP1044,2026-07-17,40.1,
EMP1044,2026-07-10,41.2,
EMP1044,2026-07-03,36.2,
EMP1044,2026-06-26,36.1,
EMP1044,2026-06-19,40.3,
EMP1044,2026-06-12,37.8,
EMP1044,2026-06-05,40.8,
EMP1044,2026-05-29,38.2,
EMP1044,2026-05-22,40.3,
EMP1044,2026-05-15,39.6,
EMP1044,2026-05-08,39.2,
EMP1044,2026-05-01,38.4,
EMP1044,2026-04-24,37.0,
EMP1044,2026-04-17,40.9,
EMP1044,2026-04-10,36.3,
EMP1044,2026-04-03,37.2,
EMP1044,2026-03-27,37.0,
EMP1044,2026-03-20,41.9,
EMP1044,2026-03-13,39.6,
EMP1044,2026-03-06,37.2,
EMP1044,2026-02-27,36.3,
EMP1044,2026-02-20,38.8,
EMP1044,2026-02-13,37.4,
EMP1044,2026-02-06,40.4,
EMP1044,2026-01-30,41.4,
EMP1044,2026-01-23,41.1,
EMP1044,2026-01-16,39.5,
EMP1044,2026-01-09,37.6,
EMP1044,2026-01-02,40.7,
EMP1044,2025-12-26,38.1,
EMP1044,2025-12-19,39.8,
EMP1044,2025-12-12,40.1,
EMP1044,2025-12-05,37.5,
EMP1044,2025-11-28,41.6,
EMP1044,2025-11-21,36.4,
EMP1044,2025-11-14,36.8,
EMP1044,2025-11-07,39.4,
EMP1044,2025-10-31,38.1,
EMP1044,2025-10-24,38.1,
EMP1044,2025-10-17,40.1,
EMP1044,2025-10-10,40.1,
EMP1044,2025-10-03,39.8,
EMP1044,2025-09-26,37.8,
EMP1044,2025-09-19,38.1,
EMP1044,2025-09-12,39.9,
EMP1044,2025-09-05,41.8,
EMP1044,2025-08-29,36.6,
EMP1044,2025-08-22,37.3,
EMP1044,2025-08-15,37.4,
EMP1044,2025-08-08,36.4,
EMP1044,2025-08-01,41.5,
EMP1044,2025-07-25,39.6,
EMP1044,2025-07-18,40.6,
EMP1044,2025-07-11,40.1,
EMP1044,2025-07-04,40.1,
EMP1044,2025-06-27,40.9,
EMP1044,2025-06-20,40.5,
EMP1044,2025-06-13,39.7,
EMP1044,2025-06-06,41.0,
EMP1044,2025-05-30,38.0,
EMP1044,2025-05-23,36.5,
EMP1044,2025-05-16,40.3,
EMP1044,2025-05-09,41.4,
EMP1044,2025-05-02,36.7,
EMP1044,2025-04-25,37.4,
EMP1044,2025-04-18,38.1,
EMP1044,2025-04-11,36.2,
EMP1044,2025-04-04,42.0,
EMP1044,2025-03-28,37.0,
EMP1044,2025-03-21,38.1,
EMP1044,2025-03-14,41.3,
EMP1044,2025-03-07,40.9,
EMP1044,2025-02-28,36.9,
EMP1044,2025-02-21,38.6,
EMP1044,2025-02-14,40.1,
EMP1044,2025-02-07,41.4,
EMP1044,2025-01-31,40.8,
EMP1044,2025-01-24,38.1,
EMP1044,2025-01-17,40.2,
EMP1044,2025-01-10,39.1,
EMP1044,2025-01-03,39.0,
EMP1044,2024-12-27,39.2,
EMP1044,2024-12-20,39.3,
EMP1044,2024-12-13,40.1,
EMP1044,2024-12-06,38.1,
EMP1044,2024-11-29,38.1,
EMP1044,2024-11-22,36.5,
EMP1044,2024-11-15,39.8,
EMP1044,2024-11-08,38.6,
EMP1044,2024-11-01,36.2,
EMP1044,2024-10-25,39.6,
EMP1044,2024-10-18,41.5,
EMP1044,2024-10-11,36.5,
EMP1044,2024-10-04,37.4,
EMP1044,2024-09-27,36.6,
EMP1044,2024-09-20,38.9,
EMP1044,2024-09-13,41.4,
EMP1044,2024-09-06,37.8,
EMP1044,2024-08-30,41.0,
EMP1044,2024-08-23,37.9,
EMP1045,2026-08-14,40.1,
EMP1045,2026-08-07,40.1,
EMP1045,2026-07-31,40.2,
EMP1045,2026-07-24,41.5,
EMP1045,2026-07-17,38.5,
EMP1045,2026-07-10,38.8,
EMP1045,2026-07-03,39.3,
EMP1045,2026-06-26,36.6,
EMP1045,2026-06-19,38.7,
EMP1045,2026-06-12,37.5,
EMP1045,2026-06-05,37.5,
EMP1045,2026-05-29,36.6,
EMP1045,2026-05-22,41.1,
EMP1045,2026-05-15,41.1,
EMP1045,2026-05-08,40.0,
EMP1045,2026-05-01,41.0,
EMP1045,2026-04-24,38.2,
EMP1045,2026-04-17,38.5,
EMP1045,2026-04-10,40.3,
EMP1045,2026-04-03,41.2,
EMP1045,2026-03-27,37.0,
EMP1045,2026-03-20,38.6,
EMP1045,2026-03-13,41.3,
EMP1045,2026-03-06,37.0,
EMP1045,2026-02-27,38.5,
EMP1045,2026-02-20,39.1,
EMP1045,2026-02-13,39.2,
EMP1045,2026-02-06,39.1,
EMP1045,2026-01-30,40.7,
EMP1045,2026-01-23,38.7,
EMP1045,2026-01-16,37.0,
EMP1045,2026-01-09,39.5,
EMP1045,2026-01-02,41.6,
EMP1045,2025-12-26,38.5,
EMP1045,2025-12-19,37.4,
EMP1045,2025-12-12,39.6,
EMP1045,2025-12-05,38.6,
EMP1045,2025-11-28,36.1,
EMP1045,2025-11-21,41.1,
EMP1045,2025-11-14,41.5,
EMP1045,2025-11-07,39.6,
EMP1045,2025-10-31,41.7,
EMP1045,2025-10-24,38.6,
EMP1045,2025-10-17,39.0,
EMP1045,2025-10-10,36.4,
EMP1045,2025-10-03,38.0,
EMP1045,2025-09-26,40.3,
EMP1045,2025-09-19,40.3,
EMP1045,2025-09-12,40.9,
EMP1045,2025-09-05,39.2,
EMP1045,2025-08-29,41.5,
EMP1045,2025-08-22,36.8,
EMP1045,2025-08-15,40.1,
EMP1045,2025-08-08,40.3,
EMP1045,2025-08-01,38.6,
EMP1045,2025-07-25,40.1,
EMP1045,2025-07-18,36.6,
EMP1045,2025-07-11,37.0,
EMP1045,2025-07-04,40.6,
EMP1045,2025-06-27,37.7,
EMP1045,2025-06-20,37.4,
EMP1045,2025-06-13,40.7,
EMP1045,2025-06-06,41.5,
EMP1045,2025-05-30,39.2,
EMP1045,2025-05-23,36.2,
EMP1045,2025-05-16,39.0,
EMP1045,2025-05-09,41.1,
EMP1045,2025-05-02,36.5,
EMP1045,2025-04-25,37.8,
EMP1045,2025-04-18,36.9,
EMP1045,2025-04-11,36.9,
EMP1045,2025-04-04,39.6,
EMP1045,2025-03-28,37.5,
EMP1045,2025-03-21,37.8,
EMP1045,2025-03-14,36.3,
EMP1045,2025-03-07,40.1,
EMP1045,2025-02-28,39.3,
EMP1045,2025-02-21,40.7,
EMP1045,2025-02-14,37.4,
EMP1045,2025-02-07,37.5,
EMP1045,2025-01-31,36.8,
EMP1045,2025-01-24,38.2,
EMP1045,2025-01-17,38.2,
EMP1045,2025-01-10,38.3,
EMP1045,2025-01-03,37.1,
EMP1045,2024-12-27,39.7,
EMP1045,2024-12-20,36.7,
EMP1045,2024-12-13,38.0,
EMP1045,2024-12-06,39.5,
EMP1045,2024-11-29,40.5,
EMP1045,2024-11-22,39.8,
EMP1045,2024-11-15,37.2,
EMP1045,2024-11-08,36.5,
EMP1045,2024-11-01,41.1,
EMP1045,2024-10-25,37.2,
EMP1045,2024-10-18,37.8,
EMP1045,2024-10-11,38.6,
EMP1045,2024-10-04,39.7,
EMP1045,2024-09-27,37.4,
EMP1045,2024-09-20,40.8,
EMP1045,2024-09-13,41.3,
EMP1045,2024-09-06,40.1,
EMP1045,2024-08-30,41.1,
EMP1045,2024-08-23,40.0,
EMP1046,2026-08-14,19.5,
EMP1046,2026-08-07,18.9,
EMP1046,2026-07-31,20.1,
EMP1046,2026-07-24,16.6,
EMP1046,2026-07-17,16.1,
EMP1046,2026-07-10,16.9,
EMP1046,2026-07-03,19.5,
EMP1046,2026-06-26,21.7,
EMP1046,2026-06-19,21.6,
EMP1046,2026-06-12,19.6,
EMP1046,2026-06-05,18.3,
EMP1046,2026-05-29,20.7,
EMP1046,2026-05-22,18.0,
EMP1046,2026-05-15,16.4,
EMP1046,2026-05-08,18.7,
EMP1046,2026-05-01,21.1,
EMP1046,2026-04-24,19.1,
EMP1046,2026-04-17,21.1,
EMP1046,2026-04-10,16.8,
EMP1046,2026-04-03,19.7,
EMP1046,2026-03-27,20.5,
EMP1046,2026-03-20,20.4,
EMP1046,2026-03-13,18.9,
EMP1046,2026-03-06,20.9,
EMP1046,2026-02-27,16.9,
EMP1046,2026-02-20,16.6,
EMP1046,2026-02-13,19.3,
EMP1046,2026-02-06,18.4,
EMP1046,2026-01-30,21.4,
EMP1046,2026-01-23,20.7,
EMP1046,2026-01-16,18.7,
EMP1046,2026-01-09,20.1,
EMP1046,2026-01-02,18.6,
EMP1046,2025-12-26,18.9,
EMP1046,2025-12-19,20.6,
EMP1046,2025-12-12,18.2,
EMP1046,2025-12-05,19.4,
EMP1047,2026-08-14,40.1,
EMP1047,2026-08-07,38.9,
EMP1047,2026-07-31,38.7,
EMP1047,2026-07-24,37.8,
EMP1047,2026-07-17,41.1,
EMP1047,2026-07-10,40.4,
EMP1047,2026-07-03,41.0,
EMP1047,2026-06-26,36.5,
EMP1047,2026-06-19,41.2,
EMP1047,2026-06-12,36.3,
EMP1047,2026-06-05,37.6,
EMP1047,2026-05-29,36.3,
EMP1047,2026-05-22,40.9,
EMP1047,2026-05-15,37.1,
EMP1047,2026-05-08,36.8,
EMP1047,2026-05-01,39.9,
EMP1047,2026-04-24,40.5,
EMP1047,2026-04-17,39.1,
EMP1047,2026-04-10,39.4,
EMP1047,2026-04-03,39.3,
EMP1047,2026-03-27,36.2,
EMP1047,2026-03-20,37.3,
EMP1047,2026-03-13,41.6,
EMP1047,2026-03-06,39.8,
EMP1047,2026-02-27,41.3,
EMP1047,2026-02-20,37.0,
EMP1047,2026-02-13,37.9,
EMP1047,2026-02-06,38.4,
EMP1047,2026-01-30,40.6,
EMP1047,2026-01-23,36.3,
EMP1047,2026-01-16,39.9,
EMP1047,2026-01-09,36.3,
EMP1047,2026-01-02,36.1,
EMP1047,2025-12-26,40.7,
EMP1047,2025-12-19,40.7,
EMP1047,2025-12-12,37.6,
EMP1047,2025-12-05,40.1,
EMP1047,2025-11-28,38.8,
EMP1047,2025-11-21,38.1,
EMP1047,2025-11-14,39.8,
EMP1047,2025-11-07,39.2,
EMP1047,2025-10-31,40.3,
EMP1047,2025-10-24,37.4,
EMP1047,2025-10-17,38.5,
EMP1047,2025-10-10,39.0,
EMP1047,2025-10-03,36.3,
EMP1047,2025-09-26,41.3,
EMP1047,2025-09-19,41.0,
EMP1047,2025-09-12,40.0,
EMP1047,2025-09-05,38.7,
EMP1047,2025-08-29,36.4,
EMP1047,2025-08-22,41.2,
EMP1047,2025-08-15,37.9,
EMP1047,2025-08-08,37.5,
EMP1047,2025-08-01,37.7,
EMP1047,2025-07-25,36.4,
EMP1047,2025-07-18,39.3,
EMP1047,2025-07-11,37.0,
EMP1047,2025-07-04,36.0,
EMP1047,2025-06-27,37.4,
EMP1047,2025-06-20,39.9,
EMP1047,2025-06-13,37.0,
EMP1047,2025-06-06,40.8,
EMP1047,2025-05-30,37.0,
EMP1047,2025-05-23,40.6,
EMP1047,2025-05-16,40.4,
EMP1047,2025-05-09,40.1,
EMP1047,2025-05-02,36.5,
EMP1047,2025-04-25,40.5,
EMP1047,2025-04-18,38.3,
EMP1047,2025-04-11,36.7,
EMP1047,2025-04-04,40.7,
EMP1047,2025-03-28,38.5,
EMP1047,2025-03-21,38.5,
EMP1047,2025-03-14,36.1,
EMP1047,2025-03-07,39.2,
EMP1047,2025-02-28,40.1,
EMP1047,2025-02-21,40.1,
EMP1047,2025-02-14,39.9,
EMP1047,2025-02-07,40.2,
EMP1047,2025-01-31,41.9,
EMP1047,2025-01-24,40.4,
EMP1047,2025-01-17,39.6,
EMP1047,2025-01-10,38.8,
EMP1047,2025-01-03,39.1,
EMP1047,2024-12-27,40.2,
EMP1047,2024-12-20,39.9,
EMP1047,2024-12-13,38.6,
EMP1047,2024-12-06,37.1,
EMP1047,2024-11-29,36.3,
EMP1047,2024-11-22,38.1,
EMP1047,2024-11-15,36.5,
EMP1047,2024-11-08,40.2,
EMP1047,2024-11-01,36.6,
EMP1047,2024-10-25,36.3,
EMP1047,2024-10-18,38.8,
EMP1047,2024-10-11,36.1,
EMP1047,2024-10-04,36.7,
EMP1047,2024-09-27,37.4,
EMP1047,2024-09-20,39.4,
EMP1047,2024-09-13,41.2,
EMP1047,2024-09-06,36.2,
EMP1047,2024-08-30,39.9,
EMP1047,2024-08-23,39.2,
EMP1048,2026-08-14,39.6,
EMP1048,2026-08-07,36.6,
EMP1048,2026-07-31,37.3,
EMP1048,2026-07-24,36.0,
EMP1048,2026-07-17,38.2,
EMP1048,2026-07-10,40.6,
EMP1048,2026-07-03,41.3,
EMP1048,2026-06-26,39.5,
EMP1048,2026-06-19,36.5,
EMP1048,2026-06-12,37.6,
EMP1048,2026-06-05,39.9,
EMP1048,2026-05-29,38.2,
EMP1048,2026-05-22,41.6,
EMP1048,2026-05-15,38.5,
EMP1048,2026-05-08,38.8,
EMP1048,2026-05-01,39.7,
EMP1048,2026-04-24,38.1,
EMP1048,2026-04-17,38.3,
EMP1048,2026-04-10,36.7,
EMP1048,2026-04-03,37.1,
EMP1048,2026-03-27,38.6,
EMP1048,2026-03-20,36.5,
EMP1048,2026-03-13,38.6,
EMP1048,2026-03-06,40.4,
EMP1048,2026-02-27,40.9,
EMP1048,2026-02-20,40.1,
EMP1048,2026-02-13,40.1,
EMP1048,2026-02-06,39.0,
EMP1048,2026-01-30,40.5,
EMP1048,2026-01-23,41.1,
EMP1048,2026-01-16,37.4,
EMP1048,2026-01-09,38.1,
EMP1048,2026-01-02,36.6,
EMP1048,2025-12-26,40.5,
EMP1048,2025-12-19,40.6,
EMP1048,2025-12-12,38.3,
EMP1048,2025-12-05,40.7,
EMP1048,2025-11-28,39.3,
EMP1048,2025-11-21,41.6,
EMP1048,2025-11-14,38.2,
EMP1048,2025-11-07,39.0,
EMP1048,2025-10-31,38.8,
EMP1048,2025-10-24,37.2,
EMP1048,2025-10-17,41.1,
EMP1048,2025-10-10,39.1,
EMP1048,2025-10-03,40.5,
EMP1048,2025-09-26,40.9,
EMP1048,2025-09-19,36.3,
EMP1048,2025-09-12,40.4,
EMP1048,2025-09-05,37.3,
EMP1048,2025-08-29,39.9,
EMP1048,2025-08-22,40.3,
EMP1048,2025-08-15,41.7,
EMP1048,2025-08-08,40.0,
EMP1048,2025-08-01,41.8,
EMP1048,2025-07-25,37.8,
EMP1048,2025-07-18,40.7,
EMP1048,2025-07-11,41.3,
EMP1048,2025-07-04,37.1,
EMP1048,2025-06-27,38.5,
EMP1048,2025-06-20,40.4,
EMP1048,2025-06-13,36.0,
EMP1048,2025-06-06,41.7,
EMP1048,2025-05-30,36.7,
EMP1048,2025-05-23,40.8,
EMP1048,2025-05-16,38.5,
EMP1048,2025-05-09,36.6,
EMP1048,2025-05-02,37.8,
EMP1048,2025-04-25,39.8,
EMP1048,2025-04-18,36.6,
EMP1048,2025-04-11,37.1,
EMP1048,2025-04-04,39.1,
EMP1048,2025-03-28,36.7,
EMP1048,2025-03-21,38.4,
EMP1048,2025-03-14,39.2,
EMP1048,2025-03-07,38.5,
EMP1048,2025-02-28,41.3,
EMP1048,2025-02-21,38.5,
EMP1048,2025-02-14,38.9,
EMP1048,2025-02-07,41.1,
EMP1048,2025-01-31,38.3,
EMP1048,2025-01-24,38.3,
EMP1048,2025-01-17,41.9,
EMP1048,2025-01-10,38.3,
EMP1048,2025-01-03,39.1,
EMP1048,2024-12-27,38.9,
EMP1048,2024-12-20,36.1,
EMP1048,2024-12-13,38.3,
EMP1048,2024-12-06,39.4,
EMP1048,2024-11-29,41.8,
EMP1048,2024-11-22,36.0,
EMP1048,2024-11-15,37.7,
EMP1048,2024-11-08,37.3,
EMP1048,2024-11-01,40.1,
EMP1048,2024-10-25,41.5,
EMP1048,2024-10-18,37.4,
EMP1048,2024-10-11,40.4,
EMP1048,2024-10-04,40.1,
EMP1048,2024-09-27,36.5,
EMP1048,2024-09-20,38.1,
EMP1048,2024-09-13,41.9,
EMP1048,2024-09-06,40.5,
EMP1048,2024-08-30,36.9,
EMP1048,2024-08-23,41.7,
EMP1051,2026-08-14,41.9,
EMP1051,2026-08-07,39.6,
EMP1051,2026-07-31,40.0,
EMP1051,2026-07-24,37.0,
EMP1051,2026-07-17,41.6,
EMP1051,2026-07-10,38.3,
EMP1051,2026-07-03,39.6,
EMP1051,2026-06-26,37.7,
EMP1051,2026-06-19,36.3,
EMP1051,2026-06-12,37.6,
EMP1051,2026-06-05,38.3,
EMP1051,2026-05-29,41.6,
EMP1051,2026-05-22,36.9,
EMP1051,2026-05-15,36.6,
EMP1051,2026-05-08,39.3,
EMP1051,2026-05-01,37.0,
EMP1051,2026-04-24,39.1,
EMP1051,2026-04-17,37.7,
EMP1051,2026-04-10,36.7,
EMP1051,2026-04-03,37.2,
EMP1051,2026-03-27,36.5,
EMP1051,2026-03-20,36.7,
EMP1051,2026-03-13,40.2,
EMP1051,2026-03-06,40.6,
EMP1051,2026-02-27,41.7,
EMP1051,2026-02-20,39.9,
EMP1051,2026-02-13,41.1,
EMP1051,2026-02-06,38.9,
EMP1051,2026-01-30,40.1,
EMP1051,2026-01-23,39.2,
EMP1051,2026-01-16,40.4,
EMP1051,2026-01-09,41.0,
EMP1051,2026-01-02,39.1,
EMP1051,2025-12-26,37.5,
EMP1051,2025-12-19,39.5,
EMP1051,2025-12-12,41.4,
EMP1051,2025-12-05,39.5,
EMP1051,2025-11-28,38.7,
EMP1051,2025-11-21,39.6,
EMP1051,2025-11-14,37.9,
EMP1051,2025-11-07,41.6,
EMP1051,2025-10-31,36.8,
EMP1051,2025-10-24,38.9,
EMP1051,2025-10-17,36.7,
EMP1051,2025-10-10,39.3,
EMP1051,2025-10-03,38.5,
EMP1051,2025-09-26,38.0,
EMP1051,2025-09-19,38.5,
EMP1051,2025-09-12,39.1,
EMP1051,2025-09-05,36.6,
EMP1051,2025-08-29,39.7,
EMP1051,2025-08-22,40.0,
EMP1051,2025-08-15,42.0,
EMP1051,2025-08-08,41.3,
EMP1051,2025-08-01,36.1,
EMP1051,2025-07-25,36.5,
EMP1051,2025-07-18,37.3,
EMP1051,2025-07-11,40.8,
EMP1051,2025-07-04,41.1,
EMP1051,2025-06-27,41.2,
EMP1051,2025-06-20,37.9,
EMP1051,2025-06-13,41.2,
EMP1051,2025-06-06,36.6,
EMP1051,2025-05-30,38.4,
EMP1051,2025-05-23,41.0,
EMP1051,2025-05-16,37.0,
EMP1051,2025-05-09,38.8,
EMP1051,2025-05-02,41.7,
EMP1051,2025-04-25,41.0,
EMP1051,2025-04-18,38.7,
EMP1051,2025-04-11,37.1,
EMP1051,2025-04-04,41.2,
EMP1051,2025-03-28,38.5,
EMP1051,2025-03-21,38.5,
EMP1051,2025-03-14,37.8,
EMP1051,2025-03-07,38.5,
EMP1051,2025-02-28,38.9,
EMP1051,2025-02-21,39.4,
EMP1051,2025-02-14,36.4,
EMP1051,2025-02-07,39.4,
EMP1051,2025-01-31,41.3,
EMP1051,2025-01-24,39.2,
EMP1051,2025-01-17,40.1,
EMP1051,2025-01-10,39.5,
EMP1051,2025-01-03,39.5,
EMP1051,2024-12-27,39.5,
EMP1051,2024-12-20,38.4,
EMP1051,2024-12-13,41.9,
EMP1051,2024-12-06,37.0,
EMP1051,2024-11-29,36.3,
EMP1051,2024-11-22,40.6,
EMP1051,2024-11-15,39.9,
EMP1051,2024-11-08,36.1,
EMP1051,2024-11-01,36.5,
EMP1051,2024-10-25,41.9,
EMP1051,2024-10-18,38.1,
EMP1051,2024-10-11,40.8,
EMP1051,2024-10-04,40.2,
EMP1051,2024-09-27,36.7,
EMP1051,2024-09-20,37.3,
EMP1051,2024-09-13,41.9,
EMP1051,2024-09-06,37.2,
EMP1051,2024-08-30,41.5,
EMP1051,2024-08-23,40.8,
EMP1052,2026-08-14,37.5,Alumni Support
EMP1052,2026-08-07,39.7,Career Readiness
EMP1052,2026-07-31,37.6,College Access
EMP1052,2026-07-24,40.5,College Access
EMP1052,2026-07-17,37.9,College Access
EMP1052,2026-07-10,37.5,College Persistence
EMP1052,2026-07-03,39.6,Career Readiness
EMP1052,2026-06-26,38.2,Career Readiness
EMP1052,2026-06-19,39.0,Career Readiness
EMP1052,2026-06-12,40.2,College Persistence
EMP1052,2026-06-05,40.1,College Access
EMP1052,2026-05-29,36.9,Career Readiness
EMP1052,2026-05-22,42.0,College Persistence
EMP1052,2026-05-15,39.6,College Persistence
EMP1052,2026-05-08,36.9,Career Readiness
EMP1052,2026-05-01,40.7,Career Readiness
EMP1052,2026-04-24,36.6,Career Readiness
EMP1052,2026-04-17,36.4,College Persistence
EMP1052,2026-04-10,37.9,College Access
EMP1052,2026-04-03,39.8,Career Readiness
EMP1052,2026-03-27,41.0,Alumni Support
EMP1052,2026-03-20,41.4,College Access
EMP1052,2026-03-13,40.9,College Persistence
EMP1052,2026-03-06,40.2,Alumni Support
EMP1052,2026-02-27,40.9,College Access
EMP1052,2026-02-20,40.2,Alumni Support
EMP1052,2026-02-13,37.4,Career Readiness
EMP1052,2026-02-06,38.1,College Access
EMP1052,2026-01-30,40.9,Career Readiness
EMP1052,2026-01-23,37.9,College Access
EMP1052,2026-01-16,37.9,College Persistence
EMP1052,2026-01-09,40.7,College Persistence
EMP1052,2026-01-02,36.1,Alumni Support
EMP1052,2025-12-26,39.6,Career Readiness
EMP1052,2025-12-19,40.7,College Access
EMP1052,2025-12-12,39.9,Alumni Support
EMP1052,2025-12-05,40.2,Career Readiness
EMP1052,2025-11-28,38.2,Alumni Support
EMP1052,2025-11-21,36.8,Career Readiness
EMP1052,2025-11-14,41.5,College Access
EMP1052,2025-11-07,39.4,College Persistence
EMP1052,2025-10-31,40.2,Alumni Support
EMP1052,2025-10-24,38.9,College Persistence
EMP1052,2025-10-17,38.0,College Access
EMP1052,2025-10-10,38.5,College Access
EMP1052,2025-10-03,36.4,College Persistence
EMP1052,2025-09-26,37.3,Alumni Support
EMP1052,2025-09-19,37.2,Alumni Support
EMP1052,2025-09-12,38.7,Alumni Support
EMP1052,2025-09-05,40.2,College Access
EMP1052,2025-08-29,38.9,College Persistence
EMP1052,2025-08-22,40.2,College Access
EMP1052,2025-08-15,40.2,College Persistence
EMP1052,2025-08-08,37.8,College Persistence
EMP1052,2025-08-01,39.9,Career Readiness
EMP1052,2025-07-25,36.6,College Persistence
EMP1052,2025-07-18,40.9,College Access
EMP1052,2025-07-11,38.5,College Persistence
EMP1052,2025-07-04,37.1,College Persistence
EMP1052,2025-06-27,38.6,Career Readiness
EMP1052,2025-06-20,41.4,College Access
EMP1052,2025-06-13,41.3,College Access
EMP1052,2025-06-06,39.9,Career Readiness
EMP1052,2025-05-30,37.7,College Persistence
EMP1052,2025-05-23,37.8,Career Readiness
EMP1052,2025-05-16,36.9,College Access
EMP1052,2025-05-09,36.9,Career Readiness
EMP1052,2025-05-02,37.5,Career Readiness
EMP1052,2025-04-25,36.0,Career Readiness
EMP1052,2025-04-18,38.6,Career Readiness
EMP1052,2025-04-11,40.2,College Access
EMP1052,2025-04-04,36.7,Alumni Support
EMP1052,2025-03-28,39.9,Career Readiness
EMP1052,2025-03-21,38.5,Career Readiness
EMP1052,2025-03-14,36.0,Career Readiness
EMP1052,2025-03-07,36.6,Alumni Support
EMP1052,2025-02-28,38.1,College Access
EMP1052,2025-02-21,41.4,Alumni Support
EMP1052,2025-02-14,36.2,Career Readiness
EMP1052,2025-02-07,41.0,College Persistence
EMP1052,2025-01-31,37.8,Career Readiness
EMP1052,2025-01-24,41.9,College Access
EMP1052,2025-01-17,39.1,College Persistence
EMP1052,2025-01-10,38.3,College Access
EMP1052,2025-01-03,40.0,College Access
EMP1052,2024-12-27,36.2,College Persistence
EMP1052,2024-12-20,37.9,Career Readiness
EMP1052,2024-12-13,39.7,College Persistence
EMP1052,2024-12-06,40.5,College Persistence
EMP1052,2024-11-29,36.2,College Persistence
EMP1052,2024-11-22,37.5,Alumni Support
EMP1052,2024-11-15,40.3,Alumni Support
EMP1052,2024-11-08,39.5,Alumni Support
EMP1052,2024-11-01,39.6,College Persistence
EMP1052,2024-10-25,39.4,College Persistence
EMP1052,2024-10-18,37.4,Alumni Support
EMP1052,2024-10-11,36.6,Career Readiness
EMP1052,2024-10-04,36.6,College Access
EMP1052,2024-09-27,39.8,College Persistence
EMP1052,2024-09-20,39.7,College Access
EMP1052,2024-09-13,41.0,College Persistence
EMP1052,2024-09-06,40.7,Career Readiness
EMP1052,2024-08-30,36.8,College Persistence
EMP1052,2024-08-23,37.8,Alumni Support
EMP1053,2026-08-14,38.5,
EMP1053,2026-08-07,37.1,
EMP1053,2026-07-31,40.5,
EMP1053,2026-07-24,37.6,
EMP1053,2026-07-17,37.1,
EMP1053,2026-07-10,40.8,
EMP1053,2026-07-03,40.0,
EMP1053,2026-06-26,39.2,
EMP1053,2026-06-19,37.4,
EMP1053,2026-06-12,37.4,
EMP1053,2026-06-05,37.3,
EMP1053,2026-05-29,38.2,
EMP1053,2026-05-22,41.6,
EMP1053,2026-05-15,40.4,
EMP1053,2026-05-08,38.3,
EMP1053,2026-05-01,41.4,
EMP1053,2026-04-24,37.5,
EMP1053,2026-04-17,36.2,
EMP1053,2026-04-10,38.6,
EMP1053,2026-04-03,40.9,
EMP1053,2026-03-27,40.9,
EMP1053,2026-03-20,37.1,
EMP1053,2026-03-13,37.5,
EMP1053,2026-03-06,39.4,
EMP1053,2026-02-27,38.3,
EMP1053,2026-02-20,39.7,
EMP1053,2026-02-13,36.8,
EMP1053,2026-02-06,38.0,
EMP1053,2026-01-30,36.1,
EMP1053,2026-01-23,37.6,
EMP1053,2026-01-16,38.0,
EMP1053,2026-01-09,41.0,
EMP1053,2026-01-02,39.5,
EMP1053,2025-12-26,38.1,
EMP1053,2025-12-19,41.8,
EMP1053,2025-12-12,41.1,
EMP1053,2025-12-05,39.8,
EMP1053,2025-11-28,41.6,
EMP1053,2025-11-21,40.8,
EMP1053,2025-11-14,41.9,
EMP1053,2025-11-07,39.7,
EMP1053,2025-10-31,41.3,
EMP1053,2025-10-24,41.5,
EMP1053,2025-10-17,41.1,
EMP1053,2025-10-10,41.2,
EMP1053,2025-10-03,37.5,
EMP1053,2025-09-26,38.6,
EMP1053,2025-09-19,41.4,
EMP1053,2025-09-12,41.2,
EMP1053,2025-09-05,38.5,
EMP1053,2025-08-29,38.0,
EMP1053,2025-08-22,37.9,
EMP1053,2025-08-15,36.6,
EMP1053,2025-08-08,41.2,
EMP1053,2025-08-01,38.4,
EMP1053,2025-07-25,36.3,
EMP1053,2025-07-18,38.7,
EMP1053,2025-07-11,40.8,
EMP1053,2025-07-04,39.1,
EMP1053,2025-06-27,36.0,
EMP1053,2025-06-20,40.6,
EMP1053,2025-06-13,40.8,
EMP1053,2025-06-06,38.0,
EMP1053,2025-05-30,36.8,
EMP1053,2025-05-23,39.1,
EMP1053,2025-05-16,38.7,
EMP1053,2025-05-09,41.6,
EMP1053,2025-05-02,41.9,
EMP1053,2025-04-25,40.4,
EMP1053,2025-04-18,39.7,
EMP1053,2025-04-11,38.4,
EMP1053,2025-04-04,38.3,
EMP1053,2025-03-28,41.8,
EMP1053,2025-03-21,38.6,
EMP1053,2025-03-14,39.5,
EMP1053,2025-03-07,39.7,
EMP1053,2025-02-28,37.5,
EMP1053,2025-02-21,36.1,
EMP1053,2025-02-14,40.2,
EMP1053,2025-02-07,38.7,
EMP1053,2025-01-31,41.1,
EMP1053,2025-01-24,39.9,
EMP1053,2025-01-17,41.2,
EMP1053,2025-01-10,41.2,
EMP1053,2025-01-03,38.6,
EMP1053,2024-12-27,36.3,
EMP1053,2024-12-20,41.1,
EMP1053,2024-12-13,39.7,
EMP1053,2024-12-06,41.4,
EMP1053,2024-11-29,36.5,
EMP1053,2024-11-22,41.8,
EMP1053,2024-11-15,37.3,
EMP1053,2024-11-08,39.1,
EMP1053,2024-11-01,40.8,
EMP1053,2024-10-25,41.7,
EMP1053,2024-10-18,41.6,
EMP1053,2024-10-11,38.7,
EMP1053,2024-10-04,38.0,
EMP1053,2024-09-27,38.9,
EMP1053,2024-09-20,38.2,
EMP1053,2024-09-13,38.6,
EMP1053,2024-09-06,38.0,
EMP1053,2024-08-30,39.9,
EMP1053,2024-08-23,36.5,
EMP1054,2026-08-14,40.4,
EMP1054,2026-08-07,38.5,
EMP1054,2026-07-31,36.1,
EMP1054,2026-07-24,36.6,
EMP1054,2026-07-17,38.9,
EMP1054,2026-07-10,37.8,
EMP1054,2026-07-03,39.4,
EMP1054,2026-06-26,40.3,
EMP1054,2026-06-19,37.1,
EMP1054,2026-06-12,37.7,
EMP1054,2026-06-05,37.2,
EMP1054,2026-05-29,41.8,
EMP1054,2026-05-22,39.7,
EMP1054,2026-05-15,39.8,
EMP1054,2026-05-08,38.6,
EMP1054,2026-05-01,39.1,
EMP1054,2026-04-24,36.1,
EMP1054,2026-04-17,41.9,
EMP1054,2026-04-10,41.6,
EMP1054,2026-04-03,37.9,
EMP1054,2026-03-27,41.5,
EMP1054,2026-03-20,39.9,
EMP1054,2026-03-13,40.7,
EMP1054,2026-03-06,38.5,
EMP1054,2026-02-27,40.2,
EMP1054,2026-02-20,40.7,
EMP1054,2026-02-13,37.4,
EMP1054,2026-02-06,38.1,
EMP1054,2026-01-30,36.3,
EMP1054,2026-01-23,40.9,
EMP1054,2026-01-16,40.5,
EMP1054,2026-01-09,37.6,
EMP1054,2026-01-02,37.1,
EMP1054,2025-12-26,39.4,
EMP1054,2025-12-19,36.4,
EMP1054,2025-12-12,41.0,
EMP1054,2025-12-05,39.2,
EMP1054,2025-11-28,37.0,
EMP1054,2025-11-21,38.0,
EMP1054,2025-11-14,38.7,
EMP1054,2025-11-07,37.8,
EMP1054,2025-10-31,36.2,
EMP1054,2025-10-24,36.8,
EMP1054,2025-10-17,36.3,
EMP1054,2025-10-10,41.2,
EMP1054,2025-10-03,41.2,
EMP1054,2025-09-26,39.2,
EMP1054,2025-09-19,41.2,
EMP1054,2025-09-12,42.0,
EMP1054,2025-09-05,38.6,
EMP1054,2025-08-29,37.0,
EMP1054,2025-08-22,38.3,
EMP1054,2025-08-15,41.0,
EMP1054,2025-08-08,39.1,
EMP1054,2025-08-01,40.7,
EMP1054,2025-07-25,39.8,
EMP1054,2025-07-18,40.6,
EMP1054,2025-07-11,37.5,
EMP1054,2025-07-04,39.9,
EMP1054,2025-06-27,39.4,
EMP1054,2025-06-20,40.6,
EMP1054,2025-06-13,38.4,
EMP1054,2025-06-06,39.4,
EMP1054,2025-05-30,36.3,
EMP1054,2025-05-23,38.3,
EMP1054,2025-05-16,37.9,
EMP1054,2025-05-09,38.1,
EMP1054,2025-05-02,36.1,
EMP1054,2025-04-25,41.0,
EMP1054,2025-04-18,36.1,
EMP1054,2025-04-11,36.5,
EMP1054,2025-04-04,40.6,
EMP1054,2025-03-28,38.6,
EMP1054,2025-03-21,39.5,
EMP1054,2025-03-14,39.6,
EMP1054,2025-03-07,36.5,
EMP1054,2025-02-28,40.8,
EMP1054,2025-02-21,39.9,
EMP1054,2025-02-14,36.0,
EMP1054,2025-02-07,37.8,
EMP1054,2025-01-31,41.5,
EMP1054,2025-01-24,41.2,
EMP1054,2025-01-17,36.9,
EMP1054,2025-01-10,41.2,
EMP1054,2025-01-03,40.2,
EMP1054,2024-12-27,38.8,
EMP1054,2024-12-20,39.1,
EMP1054,2024-12-13,40.6,
EMP1054,2024-12-06,36.3,
EMP1054,2024-11-29,37.3,
EMP1054,2024-11-22,38.0,
EMP1054,2024-11-15,36.9,
EMP1054,2024-11-08,41.7,
EMP1054,2024-11-01,40.5,
EMP1054,2024-10-25,37.3,
EMP1054,2024-10-18,37.8,
EMP1054,2024-10-11,37.7,
EMP1054,2024-10-04,39.8,
EMP1054,2024-09-27,37.5,
EMP1054,2024-09-20,39.1,
EMP1054,2024-09-13,39.6,
EMP1054,2024-09-06,40.5,
EMP1054,2024-08-30,40.3,
EMP1054,2024-08-23,37.4,
EMP1055,2026-04-17,39.2,
EMP1055,2026-04-10,40.0,
EMP1055,2026-04-03,36.9,
EMP1055,2026-03-27,37.3,
EMP1055,2026-03-20,38.6,
EMP1055,2026-03-13,38.5,
EMP1055,2026-03-06,38.9,
EMP1055,2026-02-27,41.1,
EMP1055,2026-02-20,41.4,
EMP1055,2026-02-13,38.7,
EMP1055,2026-02-06,37.3,
EMP1055,2026-01-30,36.7,
EMP1055,2026-01-23,38.7,
EMP1055,2026-01-16,37.7,
EMP1055,2026-01-09,38.1,
EMP1055,2026-01-02,38.8,
EMP1055,2025-12-26,38.6,
EMP1055,2025-12-19,40.1,
EMP1055,2025-12-12,41.3,
EMP1055,2025-12-05,38.3,
EMP1055,2025-11-28,41.7,
EMP1055,2025-11-21,38.7,
EMP1055,2025-11-14,37.9,
EMP1055,2025-11-07,36.2,
EMP1055,2025-10-31,39.7,
EMP1055,2025-10-24,41.5,
EMP1055,2025-10-17,41.5,
EMP1055,2025-10-10,39.6,
EMP1055,2025-10-03,40.9,
EMP1055,2025-09-26,37.6,
EMP1055,2025-09-19,39.0,
EMP1055,2025-09-12,40.6,
EMP1055,2025-09-05,38.2,
EMP1055,2025-08-29,37.6,
EMP1055,2025-08-22,37.7,
EMP1055,2025-08-15,37.4,
EMP1055,2025-08-08,37.7,
EMP1055,2025-08-01,39.0,
EMP1055,2025-07-25,38.0,
EMP1055,2025-07-18,39.5,
EMP1055,2025-07-11,41.1,
EMP1055,2025-07-04,38.7,
EMP1055,2025-06-27,38.8,
EMP1055,2025-06-20,37.5,
EMP1055,2025-06-13,41.0,
EMP1055,2025-06-06,36.2,
EMP1055,2025-05-30,40.5,
EMP1055,2025-05-23,37.4,
EMP1055,2025-05-16,38.3,
EMP1055,2025-05-09,38.5,
EMP1055,2025-05-02,38.9,
EMP1055,2025-04-25,36.2,
EMP1055,2025-04-18,41.2,
EMP1055,2025-04-11,36.1,
EMP1055,2025-04-04,41.2,
EMP1055,2025-03-28,38.5,
EMP1055,2025-03-21,38.1,
EMP1055,2025-03-14,37.8,
EMP1055,2025-03-07,38.7,
EMP1055,2025-02-28,37.2,
EMP1055,2025-02-21,36.5,
EMP1055,2025-02-14,37.9,
EMP1055,2025-02-07,38.8,
EMP1055,2025-01-31,37.2,
EMP1055,2025-01-24,40.7,
EMP1055,2025-01-17,36.4,
EMP1055,2025-01-10,39.5,
EMP1055,2025-01-03,40.7,
EMP1055,2024-12-27,39.9,
EMP1055,2024-12-20,36.3,
EMP1055,2024-12-13,41.1,
EMP1055,2024-12-06,40.4,
EMP1055,2024-11-29,40.8,
EMP1055,2024-11-22,38.2,
EMP1055,2024-11-15,38.1,
EMP1055,2024-11-08,39.0,
EMP1055,2024-11-01,37.5,
EMP1055,2024-10-25,37.7,
EMP1055,2024-10-18,37.6,
EMP1055,2024-10-11,37.5,
EMP1055,2024-10-04,41.9,
EMP1055,2024-09-27,40.8,
EMP1055,2024-09-20,39.9,
EMP1055,2024-09-13,38.5,
EMP1055,2024-09-06,37.5,
EMP1055,2024-08-30,41.7,
EMP1055,2024-08-23,41.5,
EMP1056,2026-08-14,41.2,College Persistence
EMP1056,2026-08-07,41.6,Alumni Support
EMP1056,2026-07-31,41.9,College Access
EMP1056,2026-07-24,41.2,College Access
EMP1056,2026-07-17,37.6,College Access
EMP1056,2026-07-10,41.1,College Access
EMP1056,2026-07-03,36.4,College Persistence
EMP1056,2026-06-26,40.9,Career Readiness
EMP1056,2026-06-19,40.9,College Access
EMP1056,2026-06-12,36.5,Alumni Support
EMP1056,2026-06-05,41.0,College Access
EMP1056,2026-05-29,36.5,College Access
EMP1056,2026-05-22,40.1,Career Readiness
EMP1056,2026-05-15,39.0,Alumni Support
EMP1056,2026-05-08,40.7,Career Readiness
EMP1056,2026-05-01,38.4,College Access
EMP1056,2026-04-24,37.9,Career Readiness
EMP1056,2026-04-17,38.8,Alumni Support
EMP1056,2026-04-10,41.5,Alumni Support
EMP1056,2026-04-03,39.1,College Access
EMP1056,2026-03-27,37.7,Alumni Support
EMP1056,2026-03-20,40.4,Alumni Support
EMP1056,2026-03-13,38.4,Alumni Support
EMP1056,2026-03-06,39.3,College Persistence
EMP1056,2026-02-27,40.2,College Access
EMP1056,2026-02-20,40.4,College Persistence
EMP1056,2026-02-13,38.2,Career Readiness
EMP1056,2026-02-06,41.9,Career Readiness
EMP1056,2026-01-30,36.1,College Access
EMP1056,2026-01-23,37.7,College Persistence
EMP1056,2026-01-16,40.2,College Persistence
EMP1056,2026-01-09,36.0,College Persistence
EMP1056,2026-01-02,39.4,College Persistence
EMP1056,2025-12-26,39.0,Career Readiness
EMP1056,2025-12-19,41.1,Career Readiness
EMP1056,2025-12-12,37.7,Alumni Support
EMP1056,2025-12-05,40.1,Alumni Support
EMP1056,2025-11-28,37.0,College Persistence
EMP1056,2025-11-21,36.4,College Access
EMP1056,2025-11-14,38.1,College Persistence
EMP1056,2025-11-07,41.3,Alumni Support
EMP1056,2025-10-31,38.3,Career Readiness
EMP1056,2025-10-24,38.9,Alumni Support
EMP1056,2025-10-17,41.2,College Persistence
EMP1056,2025-10-10,39.3,College Access
EMP1056,2025-10-03,37.5,Career Readiness
EMP1056,2025-09-26,37.0,Alumni Support
EMP1056,2025-09-19,37.8,Career Readiness
EMP1056,2025-09-12,41.0,College Access
EMP1056,2025-09-05,37.1,Career Readiness
EMP1056,2025-08-29,37.7,College Access
EMP1056,2025-08-22,41.6,College Persistence
EMP1056,2025-08-15,41.5,College Persistence
EMP1056,2025-08-08,40.7,Alumni Support
EMP1056,2025-08-01,39.9,Career Readiness
EMP1056,2025-07-25,42.0,Alumni Support
EMP1056,2025-07-18,38.5,Alumni Support
EMP1056,2025-07-11,38.9,College Access
EMP1056,2025-07-04,37.2,College Persistence
EMP1056,2025-06-27,41.5,College Access
EMP1056,2025-06-20,39.0,College Persistence
EMP1056,2025-06-13,36.1,Career Readiness
EMP1056,2025-06-06,39.1,College Persistence
EMP1056,2025-05-30,37.6,Alumni Support
EMP1056,2025-05-23,40.6,College Access
EMP1056,2025-05-16,38.1,Career Readiness
EMP1056,2025-05-09,39.8,College Access
EMP1056,2025-05-02,38.9,Career Readiness
EMP1056,2025-04-25,38.1,College Access
EMP1056,2025-04-18,40.9,Career Readiness
EMP1056,2025-04-11,40.2,College Access
EMP1056,2025-04-04,41.5,Alumni Support
EMP1056,2025-03-28,38.0,College Access
EMP1056,2025-03-21,38.3,Career Readiness
EMP1056,2025-03-14,40.5,College Persistence
EMP1056,2025-03-07,37.3,College Persistence
EMP1056,2025-02-28,41.7,College Access
EMP1056,2025-02-21,39.5,Career Readiness
EMP1056,2025-02-14,39.2,College Access
EMP1056,2025-02-07,39.3,College Access
EMP1056,2025-01-31,40.4,College Persistence
EMP1056,2025-01-24,41.8,College Access
EMP1056,2025-01-17,40.9,Alumni Support
EMP1056,2025-01-10,37.1,College Persistence
EMP1056,2025-01-03,40.2,College Persistence
EMP1056,2024-12-27,37.9,College Persistence
EMP1056,2024-12-20,36.6,Career Readiness
EMP1056,2024-12-13,39.4,College Persistence
EMP1056,2024-12-06,41.9,College Access
EMP1056,2024-11-29,41.0,College Access
EMP1056,2024-11-22,37.0,Career Readiness
EMP1056,2024-11-15,36.9,College Persistence
EMP1056,2024-11-08,37.8,College Access
EMP1056,2024-11-01,37.8,Alumni Support
EMP1056,2024-10-25,36.5,College Persistence
EMP1056,2024-10-18,36.5,Career Readiness
EMP1056,2024-10-11,38.2,College Access
EMP1056,2024-10-04,41.7,Career Readiness
EMP1056,2024-09-27,37.3,College Persistence
EMP1056,2024-09-20,36.4,Career Readiness
EMP1056,2024-09-13,37.8,Alumni Support
EMP1056,2024-09-06,38.6,College Access
EMP1056,2024-08-30,40.0,College Access
EMP1056,2024-08-23,41.4,Alumni Support
EMP1057,2026-08-14,38.2,
EMP1057,2026-08-07,39.3,
EMP1057,2026-07-31,40.0,
EMP1057,2026-07-24,37.9,
EMP1057,2026-07-17,38.7,
EMP1057,2026-07-10,40.4,
EMP1057,2026-07-03,40.2,
EMP1057,2026-06-26,37.4,
EMP1057,2026-06-19,40.8,
EMP1057,2026-06-12,38.0,
EMP1057,2026-06-05,41.3,
EMP1057,2026-05-29,36.7,
EMP1057,2026-05-22,39.4,
EMP1057,2026-05-15,41.8,
EMP1057,2026-05-08,39.6,
EMP1057,2026-05-01,36.6,
EMP1057,2026-04-24,38.4,
EMP1057,2026-04-17,39.7,
EMP1057,2026-04-10,41.4,
EMP1057,2026-04-03,37.6,
EMP1057,2026-03-27,36.9,
EMP1057,2026-03-20,38.5,
EMP1057,2026-03-13,40.1,
EMP1057,2026-03-06,41.6,
EMP1057,2026-02-27,41.5,
EMP1057,2026-02-20,40.8,
EMP1057,2026-02-13,36.1,
EMP1057,2026-02-06,41.8,
EMP1057,2026-01-30,41.5,
EMP1057,2026-01-23,40.5,
EMP1057,2026-01-16,41.9,
EMP1057,2026-01-09,38.3,
EMP1057,2026-01-02,39.7,
EMP1057,2025-12-26,36.1,
EMP1057,2025-12-19,41.4,
EMP1057,2025-12-12,41.3,
EMP1057,2025-12-05,41.1,
EMP1057,2025-11-28,40.4,
EMP1057,2025-11-21,39.8,
EMP1057,2025-11-14,37.0,
EMP1057,2025-11-07,37.5,
EMP1057,2025-10-31,40.8,
EMP1057,2025-10-24,36.7,
EMP1057,2025-10-17,39.2,
EMP1057,2025-10-10,38.5,
EMP1057,2025-10-03,39.0,
EMP1057,2025-09-26,36.8,
EMP1057,2025-09-19,40.1,
EMP1057,2025-09-12,39.8,
EMP1057,2025-09-05,39.0,
EMP1057,2025-08-29,41.6,
EMP1057,2025-08-22,38.4,
EMP1057,2025-08-15,39.9,
EMP1057,2025-08-08,38.3,
EMP1057,2025-08-01,39.7,
EMP1057,2025-07-25,40.7,
EMP1057,2025-07-18,41.7,
EMP1057,2025-07-11,36.2,
EMP1057,2025-07-04,37.2,
EMP1057,2025-06-27,37.6,
EMP1057,2025-06-20,39.4,
EMP1057,2025-06-13,41.6,
EMP1057,2025-06-06,36.5,
EMP1057,2025-05-30,36.0,
EMP1057,2025-05-23,38.1,
EMP1057,2025-05-16,37.4,
EMP1057,2025-05-09,40.0,
EMP1057,2025-05-02,39.8,
EMP1057,2025-04-25,41.5,
EMP1057,2025-04-18,41.7,
EMP1057,2025-04-11,38.1,
EMP1057,2025-04-04,36.8,
EMP1057,2025-03-28,36.8,
EMP1057,2025-03-21,39.8,
EMP1057,2025-03-14,36.3,
EMP1057,2025-03-07,37.2,
EMP1057,2025-02-28,36.9,
EMP1057,2025-02-21,36.3,
EMP1057,2025-02-14,39.9,
EMP1057,2025-02-07,38.8,
EMP1057,2025-01-31,41.1,
EMP1057,2025-01-24,39.4,
EMP1057,2025-01-17,39.7,
EMP1057,2025-01-10,40.4,
EMP1057,2025-01-03,37.5,
EMP1057,2024-12-27,37.1,
EMP1057,2024-12-20,38.8,
EMP1057,2024-12-13,36.7,
EMP1057,2024-12-06,39.7,
EMP1057,2024-11-29,36.5,
EMP1057,2024-11-22,38.0,
EMP1057,2024-11-15,41.4,
EMP1057,2024-11-08,40.9,
EMP1057,2024-11-01,38.0,
EMP1057,2024-10-25,42.0,
EMP1057,2024-10-18,41.3,
EMP1057,2024-10-11,40.8,
EMP1057,2024-10-04,36.1,
EMP1057,2024-09-27,41.6,
EMP1057,2024-09-20,41.5,
EMP1057,2024-09-13,41.7,
EMP1057,2024-09-06,38.4,
EMP1057,2024-08-30,40.8,
EMP1057,2024-08-23,36.3,
EMP1058,2024-12-27,39.3,
EMP1058,2024-12-20,37.0,
EMP1058,2024-12-13,41.6,
EMP1058,2024-12-06,37.1,
EMP1058,2024-11-29,36.1,
EMP1058,2024-11-22,40.7,
EMP1058,2024-11-15,41.1,
EMP1058,2024-11-08,41.3,
EMP1058,2024-11-01,37.6,
EMP1058,2024-10-25,41.7,
EMP1058,2024-10-18,38.4,
EMP1058,2024-10-11,41.9,
EMP1058,2024-10-04,41.8,
EMP1058,2024-09-27,36.2,
EMP1058,2024-09-20,39.5,
EMP1058,2024-09-13,37.5,
EMP1058,2024-09-06,36.5,
EMP1058,2024-08-30,39.0,
EMP1058,2024-08-23,40.4,
EMP1059,2026-08-14,39.0,
EMP1059,2026-08-07,38.6,
EMP1059,2026-07-31,41.8,
EMP1059,2026-07-24,37.6,
EMP1059,2026-07-17,36.2,
EMP1059,2026-07-10,41.4,
EMP1059,2026-07-03,38.0,
EMP1059,2026-06-26,41.0,
EMP1059,2026-06-19,38.6,
EMP1059,2026-06-12,36.8,
EMP1059,2026-06-05,39.1,
EMP1059,2026-05-29,39.0,
EMP1059,2026-05-22,39.1,
EMP1059,2026-05-15,39.1,
EMP1059,2026-05-08,40.4,
EMP1059,2026-05-01,38.3,
EMP1059,2026-04-24,38.6,
EMP1059,2026-04-17,41.9,
EMP1059,2026-04-10,41.9,
EMP1059,2026-04-03,39.7,
EMP1059,2026-03-27,37.4,
EMP1059,2026-03-20,37.2,
EMP1059,2026-03-13,40.0,
EMP1059,2026-03-06,36.3,
EMP1059,2026-02-27,39.9,
EMP1059,2026-02-20,41.3,
EMP1059,2026-02-13,36.8,
EMP1059,2026-02-06,39.5,
EMP1059,2026-01-30,41.3,
EMP1059,2026-01-23,42.0,
EMP1059,2026-01-16,40.8,
EMP1059,2026-01-09,41.2,
EMP1059,2026-01-02,39.3,
EMP1059,2025-12-26,36.1,
EMP1059,2025-12-19,37.7,
EMP1059,2025-12-12,41.0,
EMP1059,2025-12-05,37.7,
EMP1059,2025-11-28,40.5,
EMP1059,2025-11-21,41.4,
EMP1059,2025-11-14,36.5,
EMP1059,2025-11-07,39.5,
EMP1059,2025-10-31,36.1,
EMP1059,2025-10-24,39.1,
EMP1059,2025-10-17,37.2,
EMP1059,2025-10-10,36.7,
EMP1059,2025-10-03,40.3,
EMP1059,2025-09-26,37.5,
EMP1059,2025-09-19,42.0,
EMP1059,2025-09-12,39.5,
EMP1059,2025-09-05,41.9,
EMP1059,2025-08-29,37.9,
EMP1059,2025-08-22,37.5,
EMP1059,2025-08-15,37.0,
EMP1059,2025-08-08,40.3,
EMP1059,2025-08-01,37.7,
EMP1059,2025-07-25,36.4,
EMP1059,2025-07-18,40.3,
EMP1059,2025-07-11,36.7,
EMP1059,2025-07-04,38.8,
EMP1059,2025-06-27,39.4,
EMP1059,2025-06-20,36.3,
EMP1059,2025-06-13,38.2,
EMP1059,2025-06-06,37.8,
EMP1059,2025-05-30,36.8,
EMP1059,2025-05-23,37.4,
EMP1059,2025-05-16,38.2,
EMP1059,2025-05-09,36.6,
EMP1059,2025-05-02,40.4,
EMP1059,2025-04-25,38.8,
EMP1059,2025-04-18,39.8,
EMP1059,2025-04-11,40.9,
EMP1059,2025-04-04,38.0,
EMP1059,2025-03-28,37.3,
EMP1059,2025-03-21,39.9,
EMP1059,2025-03-14,38.4,
EMP1059,2025-03-07,36.0,
EMP1059,2025-02-28,39.3,
EMP1059,2025-02-21,41.2,
EMP1059,2025-02-14,40.6,
EMP1059,2025-02-07,38.4,
EMP1059,2025-01-31,39.8,
EMP1059,2025-01-24,40.5,
EMP1059,2025-01-17,38.5,
EMP1059,2025-01-10,40.8,
EMP1059,2025-01-03,38.3,
EMP1059,2024-12-27,40.0,
EMP1059,2024-12-20,39.6,
EMP1059,2024-12-13,37.0,
EMP1059,2024-12-06,40.6,
EMP1059,2024-11-29,41.6,
EMP1059,2024-11-22,39.2,
EMP1059,2024-11-15,37.1,
EMP1059,2024-11-08,41.3,
EMP1059,2024-11-01,39.2,
EMP1059,2024-10-25,37.0,
EMP1059,2024-10-18,39.2,
EMP1059,2024-10-11,36.0,
EMP1059,2024-10-04,40.6,
EMP1059,2024-09-27,39.2,
EMP1059,2024-09-20,36.9,
EMP1059,2024-09-13,38.2,
EMP1059,2024-09-06,36.3,
EMP1059,2024-08-30,41.4,
EMP1059,2024-08-23,39.1,
EMP1060,2026-08-14,38.6,
EMP1060,2026-08-07,40.4,
EMP1060,2026-07-31,40.1,
EMP1060,2026-07-24,41.0,
EMP1060,2026-07-17,38.9,
EMP1060,2026-07-10,38.5,
EMP1060,2026-07-03,39.0,
EMP1060,2026-06-26,36.1,
EMP1060,2026-06-19,41.7,
EMP1060,2026-06-12,37.7,
EMP1060,2026-06-05,40.8,
EMP1060,2026-05-29,37.3,
EMP1060,2026-05-22,41.8,
EMP1060,2026-05-15,40.4,
EMP1060,2026-05-08,39.4,
EMP1060,2026-05-01,41.0,
EMP1060,2026-04-24,38.8,
EMP1060,2026-04-17,36.9,
EMP1060,2026-04-10,37.4,
EMP1060,2026-04-03,39.8,
EMP1060,2026-03-27,36.5,
EMP1060,2026-03-20,38.9,
EMP1060,2026-03-13,41.4,
EMP1060,2026-03-06,40.1,
EMP1060,2026-02-27,40.3,
EMP1060,2026-02-20,39.6,
EMP1060,2026-02-13,37.0,
EMP1060,2026-02-06,39.0,
EMP1060,2026-01-30,39.7,
EMP1060,2026-01-23,37.6,
EMP1060,2026-01-16,40.3,
EMP1060,2026-01-09,41.8,
EMP1060,2026-01-02,36.5,
EMP1060,2025-12-26,40.1,
EMP1060,2025-12-19,40.2,
EMP1060,2025-12-12,37.7,
EMP1060,2025-12-05,39.2,
EMP1060,2025-11-28,40.1,
EMP1060,2025-11-21,41.9,
EMP1060,2025-11-14,36.9,
EMP1060,2025-11-07,38.7,
EMP1060,2025-10-31,40.6,
EMP1060,2025-10-24,41.0,
EMP1060,2025-10-17,39.9,
EMP1060,2025-10-10,40.7,
EMP1060,2025-10-03,39.7,
EMP1060,2025-09-26,38.5,
EMP1060,2025-09-19,38.0,
EMP1060,2025-09-12,37.6,
EMP1060,2025-09-05,38.4,
EMP1060,2025-08-29,40.7,
EMP1060,2025-08-22,36.4,
EMP1060,2025-08-15,38.1,
EMP1060,2025-08-08,39.8,
EMP1060,2025-08-01,37.9,
EMP1060,2025-07-25,36.7,
EMP1060,2025-07-18,38.4,
EMP1060,2025-07-11,39.2,
EMP1060,2025-07-04,38.6,
EMP1060,2025-06-27,41.6,
EMP1060,2025-06-20,36.0,
EMP1060,2025-06-13,40.9,
EMP1060,2025-06-06,39.4,
EMP1060,2025-05-30,37.2,
EMP1060,2025-05-23,40.4,
EMP1060,2025-05-16,40.9,
EMP1060,2025-05-09,36.4,
EMP1060,2025-05-02,36.7,
EMP1060,2025-04-25,40.7,
EMP1060,2025-04-18,41.0,
EMP1060,2025-04-11,36.5,
EMP1060,2025-04-04,40.4,
EMP1060,2025-03-28,39.5,
EMP1060,2025-03-21,39.9,
EMP1060,2025-03-14,36.9,
EMP1060,2025-03-07,41.5,
EMP1060,2025-02-28,36.9,
EMP1060,2025-02-21,39.1,
EMP1060,2025-02-14,40.6,
EMP1060,2025-02-07,40.8,
EMP1060,2025-01-31,37.3,
EMP1060,2025-01-24,40.6,
EMP1060,2025-01-17,39.6,
EMP1060,2025-01-10,38.9,
EMP1060,2025-01-03,38.5,
EMP1060,2024-12-27,36.3,
EMP1060,2024-12-20,39.8,
EMP1060,2024-12-13,40.6,
EMP1060,2024-12-06,38.6,
EMP1060,2024-11-29,40.2,
EMP1060,2024-11-22,41.7,
EMP1060,2024-11-15,40.8,
EMP1060,2024-11-08,41.2,
EMP1060,2024-11-01,41.8,
EMP1060,2024-10-25,37.6,
